"Label (Grouping)","United States!!Total!!Estimate","United States!!Total!!Margin of Error","United States!!Below poverty level!!Estimate","United States!!Below poverty level!!Margin of Error","United States!!Percent below poverty level!!Estimate","United States!!Percent below poverty level!!Margin of Error","Georgia!!Total!!Estimate","Georgia!!Total!!Margin of Error","Georgia!!Below poverty level!!Estimate","Georgia!!Below poverty level!!Margin of Error","Georgia!!Percent below poverty level!!Estimate","Georgia!!Percent below poverty level!!Margin of Error","Barrow County, Georgia!!Total!!Estimate","Barrow County, Georgia!!Total!!Margin of Error","Barrow County, Georgia!!Below poverty level!!Estimate","Barrow County, Georgia!!Below poverty level!!Margin of Error","Barrow County, Georgia!!Percent below poverty level!!Estimate","Barrow County, Georgia!!Percent below poverty level!!Margin of Error","Bartow County, Georgia!!Total!!Estimate","Bartow County, Georgia!!Total!!Margin of Error","Bartow County, Georgia!!Below poverty level!!Estimate","Bartow County, Georgia!!Below poverty level!!Margin of Error","Bartow County, Georgia!!Percent below poverty level!!Estimate","Bartow County, Georgia!!Percent below poverty level!!Margin of Error","Bibb County, Georgia!!Total!!Estimate","Bibb County, Georgia!!Total!!Margin of Error","Bibb County, Georgia!!Below poverty level!!Estimate","Bibb County, Georgia!!Below poverty level!!Margin of Error","Bibb County, Georgia!!Percent below poverty level!!Estimate","Bibb County, Georgia!!Percent below poverty level!!Margin of Error","Bulloch County, Georgia!!Total!!Estimate","Bulloch County, Georgia!!Total!!Margin of Error","Bulloch County, Georgia!!Below poverty level!!Estimate","Bulloch County, Georgia!!Below poverty level!!Margin of Error","Bulloch County, Georgia!!Percent below poverty level!!Estimate","Bulloch County, Georgia!!Percent below poverty level!!Margin of Error","Carroll County, Georgia!!Total!!Estimate","Carroll County, Georgia!!Total!!Margin of Error","Carroll County, Georgia!!Below poverty level!!Estimate","Carroll County, Georgia!!Below poverty level!!Margin of Error","Carroll County, Georgia!!Percent below poverty level!!Estimate","Carroll County, Georgia!!Percent below poverty level!!Margin of Error","Catoosa County, Georgia!!Total!!Estimate","Catoosa County, Georgia!!Total!!Margin of Error","Catoosa County, Georgia!!Below poverty level!!Estimate","Catoosa County, Georgia!!Below poverty level!!Margin of Error","Catoosa County, Georgia!!Percent below poverty level!!Estimate","Catoosa County, Georgia!!Percent below poverty level!!Margin of Error","Chatham County, Georgia!!Total!!Estimate","Chatham County, Georgia!!Total!!Margin of Error","Chatham County, Georgia!!Below poverty level!!Estimate","Chatham County, Georgia!!Below poverty level!!Margin of Error","Chatham County, Georgia!!Percent below poverty level!!Estimate","Chatham County, Georgia!!Percent below poverty level!!Margin of Error","Cherokee County, Georgia!!Total!!Estimate","Cherokee County, Georgia!!Total!!Margin of Error","Cherokee County, Georgia!!Below poverty level!!Estimate","Cherokee County, Georgia!!Below poverty level!!Margin of Error","Cherokee County, Georgia!!Percent below poverty level!!Estimate","Cherokee County, Georgia!!Percent below poverty level!!Margin of Error","Clarke County, Georgia!!Total!!Estimate","Clarke County, Georgia!!Total!!Margin of Error","Clarke County, Georgia!!Below poverty level!!Estimate","Clarke County, Georgia!!Below poverty level!!Margin of Error","Clarke County, Georgia!!Percent below poverty level!!Estimate","Clarke County, Georgia!!Percent below poverty level!!Margin of Error","Clayton County, Georgia!!Total!!Estimate","Clayton County, Georgia!!Total!!Margin of Error","Clayton County, Georgia!!Below poverty level!!Estimate","Clayton County, Georgia!!Below poverty level!!Margin of Error","Clayton County, Georgia!!Percent below poverty level!!Estimate","Clayton County, Georgia!!Percent below poverty level!!Margin of Error","Cobb County, Georgia!!Total!!Estimate","Cobb County, Georgia!!Total!!Margin of Error","Cobb County, Georgia!!Below poverty level!!Estimate","Cobb County, Georgia!!Below poverty level!!Margin of Error","Cobb County, Georgia!!Percent below poverty level!!Estimate","Cobb County, Georgia!!Percent below poverty level!!Margin of Error","Columbia County, Georgia!!Total!!Estimate","Columbia County, Georgia!!Total!!Margin of Error","Columbia County, Georgia!!Below poverty level!!Estimate","Columbia County, Georgia!!Below poverty level!!Margin of Error","Columbia County, Georgia!!Percent below poverty level!!Estimate","Columbia County, Georgia!!Percent below poverty level!!Margin of Error","Coweta County, Georgia!!Total!!Estimate","Coweta County, Georgia!!Total!!Margin of Error","Coweta County, Georgia!!Below poverty level!!Estimate","Coweta County, Georgia!!Below poverty level!!Margin of Error","Coweta County, Georgia!!Percent below poverty level!!Estimate","Coweta County, Georgia!!Percent below poverty level!!Margin of Error","DeKalb County, Georgia!!Total!!Estimate","DeKalb County, Georgia!!Total!!Margin of Error","DeKalb County, Georgia!!Below poverty level!!Estimate","DeKalb County, Georgia!!Below poverty level!!Margin of Error","DeKalb County, Georgia!!Percent below poverty level!!Estimate","DeKalb County, Georgia!!Percent below poverty level!!Margin of Error","Dougherty County, Georgia!!Total!!Estimate","Dougherty County, Georgia!!Total!!Margin of Error","Dougherty County, Georgia!!Below poverty level!!Estimate","Dougherty County, Georgia!!Below poverty level!!Margin of Error","Dougherty County, Georgia!!Percent below poverty level!!Estimate","Dougherty County, Georgia!!Percent below poverty level!!Margin of Error","Douglas County, Georgia!!Total!!Estimate","Douglas County, Georgia!!Total!!Margin of Error","Douglas County, Georgia!!Below poverty level!!Estimate","Douglas County, Georgia!!Below poverty level!!Margin of Error","Douglas County, Georgia!!Percent below poverty level!!Estimate","Douglas County, Georgia!!Percent below poverty level!!Margin of Error","Fayette County, Georgia!!Total!!Estimate","Fayette County, Georgia!!Total!!Margin of Error","Fayette County, Georgia!!Below poverty level!!Estimate","Fayette County, Georgia!!Below poverty level!!Margin of Error","Fayette County, Georgia!!Percent below poverty level!!Estimate","Fayette County, Georgia!!Percent below poverty level!!Margin of Error","Floyd County, Georgia!!Total!!Estimate","Floyd County, Georgia!!Total!!Margin of Error","Floyd County, Georgia!!Below poverty level!!Estimate","Floyd County, Georgia!!Below poverty level!!Margin of Error","Floyd County, Georgia!!Percent below poverty level!!Estimate","Floyd County, Georgia!!Percent below poverty level!!Margin of Error","Forsyth County, Georgia!!Total!!Estimate","Forsyth County, Georgia!!Total!!Margin of Error","Forsyth County, Georgia!!Below poverty level!!Estimate","Forsyth County, Georgia!!Below poverty level!!Margin of Error","Forsyth County, Georgia!!Percent below poverty level!!Estimate","Forsyth County, Georgia!!Percent below poverty level!!Margin of Error","Fulton County, Georgia!!Total!!Estimate","Fulton County, Georgia!!Total!!Margin of Error","Fulton County, Georgia!!Below poverty level!!Estimate","Fulton County, Georgia!!Below poverty level!!Margin of Error","Fulton County, Georgia!!Percent below poverty level!!Estimate","Fulton County, Georgia!!Percent below poverty level!!Margin of Error","Glynn County, Georgia!!Total!!Estimate","Glynn County, Georgia!!Total!!Margin of Error","Glynn County, Georgia!!Below poverty level!!Estimate","Glynn County, Georgia!!Below poverty level!!Margin of Error","Glynn County, Georgia!!Percent below poverty level!!Estimate","Glynn County, Georgia!!Percent below poverty level!!Margin of Error","Gwinnett County, Georgia!!Total!!Estimate","Gwinnett County, Georgia!!Total!!Margin of Error","Gwinnett County, Georgia!!Below poverty level!!Estimate","Gwinnett County, Georgia!!Below poverty level!!Margin of Error","Gwinnett County, Georgia!!Percent below poverty level!!Estimate","Gwinnett County, Georgia!!Percent below poverty level!!Margin of Error","Hall County, Georgia!!Total!!Estimate","Hall County, Georgia!!Total!!Margin of Error","Hall County, Georgia!!Below poverty level!!Estimate","Hall County, Georgia!!Below poverty level!!Margin of Error","Hall County, Georgia!!Percent below poverty level!!Estimate","Hall County, Georgia!!Percent below poverty level!!Margin of Error","Henry County, Georgia!!Total!!Estimate","Henry County, Georgia!!Total!!Margin of Error","Henry County, Georgia!!Below poverty level!!Estimate","Henry County, Georgia!!Below poverty level!!Margin of Error","Henry County, Georgia!!Percent below poverty level!!Estimate","Henry County, Georgia!!Percent below poverty level!!Margin of Error","Houston County, Georgia!!Total!!Estimate","Houston County, Georgia!!Total!!Margin of Error","Houston County, Georgia!!Below poverty level!!Estimate","Houston County, Georgia!!Below poverty level!!Margin of Error","Houston County, Georgia!!Percent below poverty level!!Estimate","Houston County, Georgia!!Percent below poverty level!!Margin of Error","Liberty County, Georgia!!Total!!Estimate","Liberty County, Georgia!!Total!!Margin of Error","Liberty County, Georgia!!Below poverty level!!Estimate","Liberty County, Georgia!!Below poverty level!!Margin of Error","Liberty County, Georgia!!Percent below poverty level!!Estimate","Liberty County, Georgia!!Percent below poverty level!!Margin of Error","Lowndes County, Georgia!!Total!!Estimate","Lowndes County, Georgia!!Total!!Margin of Error","Lowndes County, Georgia!!Below poverty level!!Estimate","Lowndes County, Georgia!!Below poverty level!!Margin of Error","Lowndes County, Georgia!!Percent below poverty level!!Estimate","Lowndes County, Georgia!!Percent below poverty level!!Margin of Error","Muscogee County, Georgia!!Total!!Estimate","Muscogee County, Georgia!!Total!!Margin of Error","Muscogee County, Georgia!!Below poverty level!!Estimate","Muscogee County, Georgia!!Below poverty level!!Margin of Error","Muscogee County, Georgia!!Percent below poverty level!!Estimate","Muscogee County, Georgia!!Percent below poverty level!!Margin of Error","Newton County, Georgia!!Total!!Estimate","Newton County, Georgia!!Total!!Margin of Error","Newton County, Georgia!!Below poverty level!!Estimate","Newton County, Georgia!!Below poverty level!!Margin of Error","Newton County, Georgia!!Percent below poverty level!!Estimate","Newton County, Georgia!!Percent below poverty level!!Margin of Error","Paulding County, Georgia!!Total!!Estimate","Paulding County, Georgia!!Total!!Margin of Error","Paulding County, Georgia!!Below poverty level!!Estimate","Paulding County, Georgia!!Below poverty level!!Margin of Error","Paulding County, Georgia!!Percent below poverty level!!Estimate","Paulding County, Georgia!!Percent below poverty level!!Margin of Error","Richmond County, Georgia!!Total!!Estimate","Richmond County, Georgia!!Total!!Margin of Error","Richmond County, Georgia!!Below poverty level!!Estimate","Richmond County, Georgia!!Below poverty level!!Margin of Error","Richmond County, Georgia!!Percent below poverty level!!Estimate","Richmond County, Georgia!!Percent below poverty level!!Margin of Error","Rockdale County, Georgia!!Total!!Estimate","Rockdale County, Georgia!!Total!!Margin of Error","Rockdale County, Georgia!!Below poverty level!!Estimate","Rockdale County, Georgia!!Below poverty level!!Margin of Error","Rockdale County, Georgia!!Percent below poverty level!!Estimate","Rockdale County, Georgia!!Percent below poverty level!!Margin of Error","Troup County, Georgia!!Total!!Estimate","Troup County, Georgia!!Total!!Margin of Error","Troup County, Georgia!!Below poverty level!!Estimate","Troup County, Georgia!!Below poverty level!!Margin of Error","Troup County, Georgia!!Percent below poverty level!!Estimate","Troup County, Georgia!!Percent below poverty level!!Margin of Error","Walker County, Georgia!!Total!!Estimate","Walker County, Georgia!!Total!!Margin of Error","Walker County, Georgia!!Below poverty level!!Estimate","Walker County, Georgia!!Below poverty level!!Margin of Error","Walker County, Georgia!!Percent below poverty level!!Estimate","Walker County, Georgia!!Percent below poverty level!!Margin of Error","Walton County, Georgia!!Total!!Estimate","Walton County, Georgia!!Total!!Margin of Error","Walton County, Georgia!!Below poverty level!!Estimate","Walton County, Georgia!!Below poverty level!!Margin of Error","Walton County, Georgia!!Percent below poverty level!!Estimate","Walton County, Georgia!!Percent below poverty level!!Margin of Error","Whitfield County, Georgia!!Total!!Estimate","Whitfield County, Georgia!!Total!!Margin of Error","Whitfield County, Georgia!!Below poverty level!!Estimate","Whitfield County, Georgia!!Below poverty level!!Margin of Error","Whitfield County, Georgia!!Percent below poverty level!!Estimate","Whitfield County, Georgia!!Percent below poverty level!!Margin of Error"
"Population for whom poverty status is determined","310,899,910","±21,588","48,208,387","±241,557","15.5%","±0.1","9,823,859","±5,286","1,797,969","±39,080","18.3%","±0.4","72,258","±734","8,587","±2,491","11.9%","±3.4","100,891","±615","13,101","±2,781","13.0%","±2.8","147,600","±1,114","41,138","±4,452","27.9%","±3.0","65,656","±2,160","22,141","±3,423","33.7%","±4.9","109,777","±1,427","28,233","±5,653","25.7%","±5.2","64,446","±848","5,641","±1,984","8.8%","±3.1","269,238","±2,447","45,857","±4,435","17.0%","±1.7","229,175","±1,127","22,335","±5,504","9.7%","±2.4","110,216","±2,220","43,524","±4,779","39.5%","±4.3","262,517","±1,723","58,792","±5,537","22.4%","±2.1","719,932","±2,273","92,026","±11,254","12.8%","±1.6","138,872","±333","15,407","±3,956","11.1%","±2.9","134,589","±770","17,923","±3,839","13.3%","±2.8","706,513","±3,133","141,893","±9,907","20.1%","±1.4","88,540","±1,130","27,162","±3,266","30.7%","±3.8","137,235","±1,539","18,511","±4,728","13.5%","±3.4","109,012","±666","7,231","±2,687","6.6%","±2.5","92,155","±1,262","19,182","±4,337","20.8%","±4.7","203,571","±611","12,318","±3,183","6.1%","±1.6","963,999","±2,763","161,589","±10,242","16.8%","±1.1","80,687","±747","15,116","±2,720","18.7%","±3.4","872,040","±1,298","115,681","±11,471","13.3%","±1.3","187,884","±983","31,214","±4,898","16.6%","±2.6","211,958","±1,459","34,322","±6,516","16.2%","±3.1","147,188","±1,033","29,873","±6,660","20.3%","±4.5","62,854","±470","8,617","±2,096","13.7%","±3.3","109,497","±872","26,093","±3,898","23.8%","±3.6","194,111","±1,808","41,089","±4,669","21.2%","±2.4","102,390","±818","22,915","±4,878","22.4%","±4.8","148,148","±619","17,631","±5,246","11.9%","±3.5","191,648","±1,663","47,648","±5,509","24.9%","±2.9","86,284","±1,033","15,667","±3,271","18.2%","±3.8","67,456","±1,013","12,539","±2,648","18.6%","±3.9","66,416","±942","13,558","±2,554","20.4%","±3.9","86,644","±787","14,556","±3,345","16.8%","±3.9","102,762","±793","23,930","±4,574","23.3%","±4.4"
"AGE","","","","","","","","","","","","","","","","","","","","","","","","","","","","","","","","","","","","","","","","","","","","","","","","","","","","","","","","","","","","","","","","","","","","","","","","","","","","","","","","","","","","","","","","","","","","","","","","","","","","","","","","","","","","","","","","","","","","","","","","","","","","","","","","","","","","","","","","","","","","","","","","","","","","","","","","","","","","","","","","","","","","","","","","","","","","","","","","","","","","","","","","","","","","","","","","","","","","","","","","","","","","","","","","","","","","","","","","","","","","","","","","","","","",""
"    Under 18 years","72,386,485","±37,808","15,686,012","±121,867","21.7%","±0.2","2,455,901","±5,426","645,855","±20,427","26.3%","±0.8","19,202","±580","2,987","±1,302","15.6%","±6.7","25,026","±228","3,763","±1,246","15.0%","±5.0","38,107","±437","16,517","±2,432","43.3%","±6.4","14,409","±262","5,837","±1,397","40.5%","±9.6","27,569","±749","11,569","±2,994","42.0%","±10.9","15,124","±950","1,679","±893","11.1%","±6.0","60,829","±1,504","15,856","±2,754","26.1%","±4.7","58,222","±693","7,396","±2,578","12.7%","±4.4","21,040","±260","9,309","±2,161","44.2%","±10.2","74,235","±991","26,918","±3,713","36.3%","±5.0","177,503","±1,564","31,071","±5,648","17.5%","±3.2","36,152","±4","6,129","±2,130","17.0%","±5.9","34,349","±400","5,879","±1,863","17.1%","±5.4","167,226","±2,496","56,306","±6,109","33.7%","±3.6","22,115","±666","10,695","±1,805","48.4%","±8.1","36,952","±900","4,833","±1,781","13.1%","±4.8","26,177","±50","1,929","±1,022","7.4%","±3.9","22,427","±116","5,850","±2,246","26.1%","±10.0","58,739","±273","4,288","±1,843","7.3%","±3.1","229,327","±1,154","56,203","±5,487","24.5%","±2.4","18,152","±658","5,052","±1,448","27.8%","±7.9","243,232","±981","48,292","±6,317","19.9%","±2.6","49,518","±740","12,386","±2,369","25.0%","±4.7","57,023","±508","12,642","±3,529","22.2%","±6.2","37,999","±609","10,293","±3,538","27.1%","±9.3","18,785","±330","3,444","±1,313","18.3%","±7.0","27,998","±436","9,169","±1,826","32.7%","±6.5","47,934","±647","14,932","±2,314","31.2%","±4.9","27,951","±341","9,297","±2,632","33.3%","±9.4","41,749","±453","8,155","±3,426","19.5%","±8.2","46,999","±673","17,134","±2,965","36.5%","±6.4","21,816","±828","6,425","±1,793","29.5%","±8.0","17,189","±760","3,999","±1,349","23.3%","±7.7","14,832","±505","4,321","±1,283","29.1%","±8.5","22,394","±453","6,382","±1,912","28.5%","±8.6","27,590","±192","9,411","±2,318","34.1%","±8.4"
"        Related children under 18 years","72,047,954","±39,450","15,372,705","±120,618","21.3%","±0.2","2,448,499","±5,789","638,868","±20,557","26.1%","±0.8","19,071","±615","2,856","±1,296","15.0%","±6.7","24,996","±238","3,733","±1,250","14.9%","±5.0","38,107","±437","16,517","±2,432","43.3%","±6.4","14,297","±349","5,800","±1,400","40.6%","±9.7","27,425","±818","11,425","±3,014","41.7%","±11.0","15,014","±1,004","1,569","±866","10.5%","±5.9","60,394","±1,859","15,421","±2,787","25.5%","±4.7","58,085","±731","7,396","±2,578","12.7%","±4.4","20,987","±279","9,256","±2,158","44.1%","±10.3","74,041","±1,087","26,724","±3,708","36.1%","±5.0","177,012","±1,633","30,626","±5,655","17.3%","±3.2","36,044","±131","6,021","±2,119","16.7%","±5.9","34,227","±448","5,757","±1,882","16.8%","±5.5","166,229","±2,786","55,309","±6,104","33.3%","±3.6","22,010","±722","10,590","±1,787","48.1%","±8.0","36,942","±900","4,823","±1,781","13.1%","±4.8","26,177","±50","1,929","±1,022","7.4%","±3.9","22,427","±116","5,850","±2,246","26.1%","±10.0","58,693","±285","4,242","±1,843","7.2%","±3.1","228,934","±1,140","55,810","±5,454","24.4%","±2.4","17,866","±764","4,766","±1,448","26.7%","±8.0","242,886","±986","47,965","±6,319","19.7%","±2.6","49,467","±747","12,335","±2,367","24.9%","±4.7","56,615","±768","12,234","±3,526","21.6%","±6.2","37,974","±614","10,268","±3,542","27.0%","±9.3","18,785","±330","3,444","±1,313","18.3%","±7.0","27,943","±465","9,114","±1,827","32.6%","±6.5","47,742","±659","14,786","±2,307","31.0%","±4.9","27,951","±341","9,297","±2,632","33.3%","±9.4","41,669","±476","8,075","±3,406","19.4%","±8.2","46,903","±699","17,038","±2,976","36.3%","±6.4","21,816","±828","6,425","±1,793","29.5%","±8.0","17,185","±759","3,995","±1,349","23.2%","±7.7","14,791","±514","4,280","±1,290","28.9%","±8.6","22,394","±453","6,382","±1,912","28.5%","±8.6","27,534","±213","9,355","±2,318","34.0%","±8.4"
"    18 to 64 years","193,600,625","±26,307","28,267,482","±130,143","14.6%","±0.1","6,150,108","±4,104","1,025,404","±22,155","16.7%","±0.4","44,486","±486","5,091","±1,380","11.4%","±3.1","63,603","±681","8,438","±1,874","13.3%","±3.0","88,761","±1,034","21,876","±2,861","24.6%","±3.2","44,006","±2,070","15,674","±2,665","35.6%","±5.5","68,779","±1,238","14,806","±3,189","21.5%","±4.7","39,234","±850","3,419","±1,372","8.7%","±3.5","171,067","±1,737","27,227","±2,699","15.9%","±1.6","143,971","±1,416","13,495","±3,593","9.4%","±2.5","77,589","±2,266","32,834","±3,265","42.3%","±4.0","165,327","±1,648","29,401","±3,016","17.8%","±1.8","466,399","±1,854","56,210","±6,829","12.1%","±1.4","86,739","±358","8,683","±2,168","10.0%","±2.5","83,962","±781","11,046","±2,509","13.2%","±3.0","466,961","±1,483","78,018","±5,177","16.7%","±1.1","54,266","±917","13,962","±2,138","25.7%","±4.0","86,516","±1,360","11,392","±3,026","13.2%","±3.5","65,157","±715","4,514","±1,940","6.9%","±3.0","55,551","±1,177","11,679","±2,520","21.0%","±4.5","122,776","±819","6,706","±1,663","5.5%","±1.3","633,435","±2,491","93,863","±6,492","14.8%","±1.0","48,612","±732","9,266","±1,922","19.1%","±4.0","554,378","±960","61,816","±6,207","11.2%","±1.1","112,674","±801","16,350","±2,572","14.5%","±2.3","133,130","±1,534","19,028","±3,653","14.3%","±2.7","92,931","±1,138","18,387","±3,871","19.8%","±4.2","39,299","±615","4,527","±1,053","11.5%","±2.7","69,295","±913","15,744","±2,517","22.7%","±3.6","122,931","±1,561","23,095","±2,812","18.8%","±2.3","62,287","±844","12,281","±3,167","19.7%","±5.1","92,637","±701","8,416","±2,320","9.1%","±2.5","120,514","±1,577","27,850","±3,440","23.1%","±2.9","53,718","±664","8,438","±1,937","15.7%","±3.6","40,992","±1,259","7,379","±1,812","18.0%","±4.4","40,455","±928","8,481","±1,762","21.0%","±4.4","52,033","±567","6,630","±1,964","12.7%","±3.8","62,414","±912","12,856","±2,585","20.6%","±4.2"
"    65 years and over","44,912,800","±22,154","4,254,893","±32,757","9.5%","±0.1","1,217,850","±3,401","126,710","±5,636","10.4%","±0.5","8,570","±523","509","±332","5.9%","±3.9","12,262","±402","900","±445","7.3%","±3.6","20,732","±508","2,745","±681","13.2%","±3.3","7,241","±408","630","±320","8.7%","±4.5","13,429","±400","1,858","±743","13.8%","±5.5","10,088","±330","543","±349","5.4%","±3.5","37,342","±652","2,774","±666","7.4%","±1.7","26,982","±806","1,444","±856","5.4%","±3.2","11,587","±591","1,381","±623","11.9%","±5.4","22,955","±657","2,473","±934","10.8%","±4.1","76,030","±545","4,745","±1,061","6.2%","±1.4","15,981","±438","595","±341","3.7%","±2.1","16,278","±602","998","±465","6.1%","±2.9","72,326","±605","7,569","±1,387","10.5%","±1.9","12,159","±506","2,505","±589","20.6%","±4.8","13,767","±479","2,286","±1,062","16.6%","±7.7","17,678","±378","788","±472","4.5%","±2.6","14,177","±382","1,653","±584","11.7%","±4.1","22,056","±726","1,324","±564","6.0%","±2.5","101,237","±644","11,523","±1,762","11.4%","±1.7","13,923","±444","798","±459","5.7%","±3.3","74,430","±597","5,573","±1,223","7.5%","±1.6","25,692","±550","2,478","±953","9.6%","±3.6","21,805","±756","2,652","±1,087","12.2%","±5.0","16,258","±773","1,193","±498","7.3%","±3.1","4,770","±468","646","±427","13.5%","±9.1","12,204","±427","1,180","±456","9.7%","±3.8","23,246","±623","3,062","±763","13.2%","±3.3","12,152","±342","1,337","±508","11.0%","±4.2","13,762","±406","1,060","±518","7.7%","±3.6","24,135","±562","2,664","±709","11.0%","±2.9","10,750","±375","804","±427","7.5%","±3.9","9,275","±403","1,161","±549","12.5%","±5.7","11,129","±421","756","±410","6.8%","±3.6","12,217","±306","1,544","±606","12.6%","±4.9","12,758","±573","1,663","±714","13.0%","±5.3"
"SEX","","","","","","","","","","","","","","","","","","","","","","","","","","","","","","","","","","","","","","","","","","","","","","","","","","","","","","","","","","","","","","","","","","","","","","","","","","","","","","","","","","","","","","","","","","","","","","","","","","","","","","","","","","","","","","","","","","","","","","","","","","","","","","","","","","","","","","","","","","","","","","","","","","","","","","","","","","","","","","","","","","","","","","","","","","","","","","","","","","","","","","","","","","","","","","","","","","","","","","","","","","","","","","","","","","","","","","","","","","","","","","","","","","","",""
"    Male","152,143,433","±31,680","21,590,918","±131,111","14.2%","±0.1","4,741,621","±6,806","795,388","±21,778","16.8%","±0.5","35,305","±693","3,633","±1,287","10.3%","±3.6","49,982","±1,047","6,126","±1,621","12.3%","±3.2","68,654","±1,261","17,548","±2,263","25.6%","±3.2","32,026","±1,556","9,296","±1,841","29.0%","±5.3","52,580","±1,363","11,606","±2,686","22.1%","±5.0","31,583","±848","2,379","±1,081","7.5%","±3.4","128,939","±1,652","18,792","±2,921","14.6%","±2.3","112,956","±1,651","12,238","±3,419","10.8%","±3.0","53,673","±1,560","21,970","±3,092","40.9%","±5.6","122,956","±1,424","24,916","±2,665","20.3%","±2.2","347,410","±1,623","42,796","±6,477","12.3%","±1.8","67,028","±1,269","5,688","±1,773","8.5%","±2.7","65,226","±962","5,983","±1,696","9.2%","±2.6","335,224","±1,937","64,016","±6,014","19.1%","±1.8","41,042","±971","11,955","±1,966","29.1%","±4.8","65,387","±1,642","7,445","±2,113","11.4%","±3.2","52,913","±989","2,783","±1,214","5.3%","±2.3","44,840","±1,220","8,260","±2,442","18.4%","±5.4","100,035","±1,069","5,524","±1,683","5.5%","±1.7","463,520","±2,551","69,537","±5,441","15.0%","±1.2","38,960","±1,040","6,607","±1,574","17.0%","±4.0","424,999","±1,061","54,373","±7,080","12.8%","±1.7","93,940","±930","15,022","±2,909","16.0%","±3.1","100,359","±1,587","14,402","±3,660","14.4%","±3.6","70,698","±1,234","12,689","±3,227","17.9%","±4.6","31,611","±647","3,606","±1,098","11.4%","±3.5","52,368","±924","10,881","±1,979","20.8%","±3.8","93,806","±1,469","17,431","±2,413","18.6%","±2.5","49,555","±1,134","11,964","±3,061","24.1%","±6.2","71,908","±1,277","7,841","±3,192","10.9%","±4.4","87,963","±1,800","20,688","±3,288","23.5%","±3.8","41,247","±1,026","6,866","±1,455","16.6%","±3.4","31,623","±1,102","5,594","±1,421","17.7%","±4.5","32,611","±924","6,711","±1,572","20.6%","±4.8","42,268","±800","5,560","±1,369","13.2%","±3.3","50,126","±877","11,106","±2,596","22.2%","±5.0"
"    Female","158,756,477","±31,372","26,617,469","±126,216","16.8%","±0.1","5,082,238","±6,969","1,002,581","±22,396","19.7%","±0.4","36,953","±948","4,954","±1,525","13.4%","±4.1","50,909","±981","6,975","±1,596","13.7%","±3.1","78,946","±1,041","23,590","±2,940","29.9%","±3.7","33,630","±1,418","12,845","±2,207","38.2%","±6.0","57,197","±1,569","16,627","±3,589","29.1%","±6.4","32,863","±588","3,262","±1,225","9.9%","±3.7","140,299","±1,816","27,065","±2,504","19.3%","±1.8","116,219","±1,335","10,097","±2,802","8.7%","±2.4","56,543","±2,090","21,554","±2,726","38.1%","±4.4","139,561","±1,033","33,876","±3,959","24.3%","±2.8","372,522","±1,619","49,230","±5,956","13.2%","±1.6","71,844","±1,282","9,719","±2,664","13.5%","±3.6","69,363","±844","11,940","±2,462","17.2%","±3.5","371,289","±1,695","77,877","±5,935","21.0%","±1.6","47,498","±951","15,207","±1,958","32.0%","±4.1","71,848","±1,200","11,066","±3,077","15.4%","±4.3","56,099","±870","4,448","±1,727","7.9%","±3.1","47,315","±762","10,922","±2,343","23.1%","±4.9","103,536","±962","6,794","±1,846","6.6%","±1.8","500,479","±1,905","92,052","±6,660","18.4%","±1.3","41,727","±998","8,509","±1,620","20.4%","±3.8","447,041","±727","61,308","±5,602","13.7%","±1.3","93,944","±786","16,192","±2,774","17.2%","±2.9","111,599","±976","19,920","±3,846","17.8%","±3.4","76,490","±981","17,184","±3,884","22.5%","±5.1","31,243","±706","5,011","±1,499","16.0%","±4.8","57,129","±826","15,212","±2,532","26.6%","±4.4","100,305","±1,037","23,658","±2,893","23.6%","±2.9","52,835","±1,197","10,951","±2,651","20.7%","±5.1","76,240","±1,249","9,790","±2,963","12.8%","±3.9","103,685","±1,091","26,960","±3,210","26.0%","±3.1","45,037","±897","8,801","±2,196","19.5%","±4.8","35,833","±722","6,945","±1,562","19.4%","±4.3","33,805","±695","6,847","±1,431","20.3%","±4.1","44,376","±846","8,996","±2,238","20.3%","±5.0","52,636","±743","12,824","±2,372","24.4%","±4.6"
"RACE AND HISPANIC OR LATINO ORIGIN","","","","","","","","","","","","","","","","","","","","","","","","","","","","","","","","","","","","","","","","","","","","","","","","","","","","","","","","","","","","","","","","","","","","","","","","","","","","","","","","","","","","","","","","","","","","","","","","","","","","","","","","","","","","","","","","","","","","","","","","","","","","","","","","","","","","","","","","","","","","","","","","","","","","","","","","","","","","","","","","","","","","","","","","","","","","","","","","","","","","","","","","","","","","","","","","","","","","","","","","","","","","","","","","","","","","","","","","","","","","","","","","","","","",""
"    One race","301,606,199","±83,388","46,352,802","±239,483","15.4%","±0.1","N","N","N","N","N","N","N","N","N","N","N","N","N","N","N","N","N","N","N","N","N","N","N","N","N","N","N","N","N","N","N","N","N","N","N","N","N","N","N","N","N","N","N","N","N","N","N","N","N","N","N","N","N","N","N","N","N","N","N","N","N","N","N","N","N","N","N","N","N","N","N","N","N","N","N","N","N","N","N","N","N","N","N","N","N","N","N","N","N","N","N","N","N","N","N","N","N","N","N","N","N","N","N","N","N","N","N","N","N","N","N","N","N","N","N","N","N","N","N","N","N","N","N","N","N","N","N","N","N","N","N","N","N","N","N","N","N","N","N","N","N","N","N","N","N","N","N","N","N","N","N","N","N","N","N","N","N","N","N","N","N","N","N","N","N","N","N","N","N","N","N","N","N","N","N","N","N","N","N","N","N","N","N","N","N","N","N","N","N","N","N","N","N","N","N","N","N","N","N","N","N","N","N","N","N","N","N","N","N","N","N","N","N","N","N","N","N","N","N","N","N","N"
"        White","228,731,401","±104,586","29,193,983","±168,806","12.8%","±0.1","5,909,120","±17,879","799,066","±25,691","13.5%","±0.4","58,495","±1,191","6,482","±2,099","11.1%","±3.6","84,817","±1,528","11,298","±2,515","13.3%","±3.0","63,543","±740","8,840","±2,158","13.9%","±3.4","45,125","±1,250","12,727","±2,417","28.2%","±5.2","82,805","±2,207","18,833","±4,633","22.7%","±5.5","59,800","±538","5,534","±1,959","9.3%","±3.3","141,282","±2,309","16,219","±2,971","11.5%","±2.1","198,025","±3,353","18,560","±4,889","9.4%","±2.4","68,508","±2,753","24,189","±3,477","35.3%","±4.6","55,724","±3,019","12,991","±3,596","23.3%","±6.0","428,843","±5,739","43,028","±7,271","10.0%","±1.6","104,125","±1,460","10,084","±2,893","9.7%","±2.8","103,766","±1,256","11,691","±2,742","11.3%","±2.6","249,851","±3,974","29,379","±3,669","11.8%","±1.4","25,513","±799","3,362","±1,331","13.2%","±5.2","68,989","±2,493","8,817","±2,785","12.8%","±4.1","76,164","±1,350","3,907","±2,223","5.1%","±2.9","70,127","±2,553","14,123","±4,145","20.1%","±5.5","171,087","±1,934","10,028","±3,042","5.9%","±1.8","444,140","±5,182","34,921","±4,483","7.9%","±1.0","53,488","±1,091","7,145","±1,777","13.4%","±3.2","456,809","±9,639","54,552","±7,896","11.9%","±1.7","154,233","±3,550","21,896","±4,587","14.2%","±2.9","110,401","±2,430","15,532","±4,499","14.1%","±4.0","90,647","±2,699","15,658","±4,488","17.3%","±5.0","29,695","±1,606","3,765","±1,420","12.7%","±4.8","65,337","±933","11,169","±2,403","17.1%","±3.7","88,088","±2,017","11,476","±2,869","13.0%","±3.2","54,601","±1,399","10,093","±3,173","18.5%","±5.7","112,487","±1,757","10,564","±3,451","9.4%","±3.1","72,783","±1,482","9,699","±2,408","13.3%","±3.3","37,005","±1,628","5,042","±2,242","13.6%","±5.9","39,804","±1,090","5,160","±1,524","13.0%","±3.8","61,510","±840","12,715","±2,476","20.7%","±4.1","66,726","±962","7,850","±2,438","11.8%","±3.7","90,513","±3,059","18,732","±4,144","20.7%","±4.4"
"        Black or African American","38,699,496","±58,714","10,434,389","±87,521","27.0%","±0.2","3,047,982","±11,668","823,013","±24,228","27.0%","±0.8","8,829","±603","1,846","±1,175","20.9%","±13.0","12,327","±886","1,461","±1,220","11.9%","±9.5","78,189","±1,767","30,693","±4,106","39.3%","±5.1","17,715","±1,211","8,807","±2,038","49.7%","±10.7","19,704","±1,248","7,113","±2,791","36.1%","±13.7","N","N","N","N","N","N","106,599","±2,109","25,696","±3,433","24.1%","±3.3","N","N","N","N","N","N","31,885","±982","15,109","±3,134","47.4%","±9.7","178,831","±3,260","38,011","±4,524","21.3%","±2.4","194,851","±2,660","31,307","±6,119","16.1%","±3.0","24,232","±1,313","3,109","±1,865","12.8%","±7.6","24,118","±1,000","4,778","±1,764","19.8%","±7.3","379,795","±3,745","93,777","±9,038","24.7%","±2.4","59,728","±1,502","22,436","±2,857","37.6%","±4.7","60,728","±1,495","9,139","±3,419","15.0%","±5.6","23,037","±1,461","3,145","±1,470","13.7%","±6.1","15,403","±874","4,551","±1,743","29.5%","±11.2","6,663","±919","171","±170","2.6%","±2.6","424,747","±3,907","113,476","±9,824","26.7%","±2.3","20,263","±1,260","6,158","±2,001","30.4%","±9.3","221,823","±5,109","22,380","±5,617","10.1%","±2.5","14,134","±1,186","4,441","±1,769","31.4%","±12.1","85,339","±2,854","16,916","±5,204","19.8%","±6.0","43,337","±2,298","12,806","±4,140","29.5%","±9.5","25,708","±1,181","4,569","±1,609","17.8%","±6.3","39,558","±1,082","14,012","±2,682","35.4%","±6.7","86,151","±2,144","25,594","±3,106","29.7%","±3.5","43,723","±1,436","12,595","±3,967","28.8%","±9.3","27,219","±1,292","5,705","±3,362","21.0%","±12.3","109,792","±1,751","36,147","±4,616","32.9%","±4.2","43,081","±1,846","8,599","±2,984","20.0%","±6.5","23,729","±1,497","6,314","±2,054","26.6%","±8.3","N","N","N","N","N","N","17,845","±1,521","6,534","±2,219","36.6%","±11.1","N","N","N","N","N","N"
"        American Indian and Alaska Native","2,509,437","±28,344","710,293","±17,319","28.3%","±0.7","24,254","±4,022","5,662","±1,941","23.3%","±6.9","N","N","N","N","N","N","N","N","N","N","N","N","N","N","N","N","N","N","N","N","N","N","N","N","N","N","N","N","N","N","N","N","N","N","N","N","N","N","N","N","N","N","N","N","N","N","N","N","N","N","N","N","N","N","N","N","N","N","N","N","N","N","N","N","N","N","N","N","N","N","N","N","N","N","N","N","N","N","N","N","N","N","N","N","N","N","N","N","N","N","N","N","N","N","N","N","N","N","N","N","N","N","N","N","N","N","N","N","N","N","N","N","N","N","N","N","N","N","N","N","N","N","N","N","N","N","N","N","N","N","N","N","N","N","N","N","N","N","N","N","N","N","N","N","N","N","N","N","N","N","N","N","N","N","N","N","N","N","N","N","N","N","N","N","N","N","N","N","N","N","N","N","N","N","N","N","N","N","N","N","N","N","N","N","N","N","N","N","N","N","N","N","N","N","N","N","N","N","N","N","N","N","N","N","N","N","N","N","N","N","N","N","N","N","N","N"
"        Asian","16,361,024","±35,602","2,048,589","±37,328","12.5%","±0.2","362,683","±5,684","40,753","±4,494","11.2%","±1.3","N","N","N","N","N","N","N","N","N","N","N","N","N","N","N","N","N","N","N","N","N","N","N","N","N","N","N","N","N","N","N","N","N","N","N","N","7,660","±595","1,664","±928","21.7%","±11.5","N","N","N","N","N","N","4,499","±509","1,920","±554","42.7%","±11.3","13,903","±207","2,913","±1,288","21.0%","±9.3","36,298","±1,390","3,142","±1,465","8.7%","±4.0","N","N","N","N","N","N","N","N","N","N","N","N","39,332","±1,317","6,381","±2,152","16.2%","±5.5","N","N","N","N","N","N","N","N","N","N","N","N","N","N","N","N","N","N","N","N","N","N","N","N","18,691","±735","544","±600","2.9%","±3.2","61,156","±2,300","5,114","±1,819","8.4%","±3.0","N","N","N","N","N","N","98,979","±2,037","11,862","±3,410","12.0%","±3.5","N","N","N","N","N","N","N","N","N","N","N","N","N","N","N","N","N","N","N","N","N","N","N","N","N","N","N","N","N","N","N","N","N","N","N","N","N","N","N","N","N","N","N","N","N","N","N","N","N","N","N","N","N","N","N","N","N","N","N","N","N","N","N","N","N","N","N","N","N","N","N","N","N","N","N","N","N","N","N","N","N","N","N","N"
"        Native Hawaiian and Other Pacific Islander","540,394","±12,346","112,840","±8,797","20.9%","±1.5","N","N","N","N","N","N","N","N","N","N","N","N","N","N","N","N","N","N","N","N","N","N","N","N","N","N","N","N","N","N","N","N","N","N","N","N","N","N","N","N","N","N","N","N","N","N","N","N","N","N","N","N","N","N","N","N","N","N","N","N","N","N","N","N","N","N","N","N","N","N","N","N","N","N","N","N","N","N","N","N","N","N","N","N","N","N","N","N","N","N","N","N","N","N","N","N","N","N","N","N","N","N","N","N","N","N","N","N","N","N","N","N","N","N","N","N","N","N","N","N","N","N","N","N","N","N","N","N","N","N","N","N","N","N","N","N","N","N","N","N","N","N","N","N","N","N","N","N","N","N","N","N","N","N","N","N","N","N","N","N","N","N","N","N","N","N","N","N","N","N","N","N","N","N","N","N","N","N","N","N","N","N","N","N","N","N","N","N","N","N","N","N","N","N","N","N","N","N","N","N","N","N","N","N","N","N","N","N","N","N","N","N","N","N","N","N","N","N","N","N","N","N"
"        Some other race","14,764,447","±109,992","3,852,708","±59,864","26.1%","±0.3","275,936","±16,164","87,557","±9,606","31.7%","±3.4","N","N","N","N","N","N","N","N","N","N","N","N","N","N","N","N","N","N","N","N","N","N","N","N","N","N","N","N","N","N","N","N","N","N","N","N","N","N","N","N","N","N","N","N","N","N","N","N","N","N","N","N","N","N","10,494","±3,157","4,037","±2,286","38.5%","±18.2","40,642","±6,423","12,798","±5,365","31.5%","±12.4","N","N","N","N","N","N","N","N","N","N","N","N","19,702","±3,688","8,104","±2,629","41.1%","±11.1","N","N","N","N","N","N","N","N","N","N","N","N","N","N","N","N","N","N","N","N","N","N","N","N","N","N","N","N","N","N","13,819","±4,190","4,731","±3,059","34.2%","±17.1","3,796","±1,224","1,269","±833","33.4%","±20.0","65,440","±9,437","21,781","±5,842","33.3%","±7.6","11,539","±3,726","3,500","±2,451","30.3%","±16.4","N","N","N","N","N","N","N","N","N","N","N","N","N","N","N","N","N","N","N","N","N","N","N","N","7,126","±1,984","2,590","±1,462","36.3%","±16.8","N","N","N","N","N","N","N","N","N","N","N","N","N","N","N","N","N","N","N","N","N","N","N","N","N","N","N","N","N","N","N","N","N","N","N","N","N","N","N","N","N","N","N","N","N","N","N","N"
"    Two or more races","9,293,711","±83,589","1,855,585","±37,776","20.0%","±0.4","197,573","±11,190","40,423","±4,455","20.5%","±1.9","N","N","N","N","N","N","N","N","N","N","N","N","N","N","N","N","N","N","N","N","N","N","N","N","N","N","N","N","N","N","N","N","N","N","N","N","N","N","N","N","N","N","N","N","N","N","N","N","N","N","N","N","N","N","N","N","N","N","N","N","17,618","±3,635","1,705","±815","9.7%","±4.4","N","N","N","N","N","N","N","N","N","N","N","N","16,006","±2,687","3,138","±1,150","19.6%","±6.2","N","N","N","N","N","N","N","N","N","N","N","N","N","N","N","N","N","N","N","N","N","N","N","N","N","N","N","N","N","N","17,517","±3,115","2,782","±1,143","15.9%","±5.6","N","N","N","N","N","N","24,079","±4,035","3,937","±1,655","16.4%","±6.1","N","N","N","N","N","N","N","N","N","N","N","N","N","N","N","N","N","N","N","N","N","N","N","N","N","N","N","N","N","N","N","N","N","N","N","N","N","N","N","N","N","N","N","N","N","N","N","N","N","N","N","N","N","N","N","N","N","N","N","N","N","N","N","N","N","N","N","N","N","N","N","N","N","N","N","N","N","N","N","N","N","N","N","N"
"Hispanic or Latino origin (of any race)","54,173,217","±15,564","13,079,584","±102,271","24.1%","±0.2","898,680","±3,125","264,948","±17,895","29.5%","±2.0","6,662","±496","1,205","±928","18.1%","±14.0","N","N","N","N","N","N","4,781","±121","2,724","±1,013","57.0%","±21.2","N","N","N","N","N","N","N","N","N","N","N","N","N","N","N","N","N","N","15,979","±454","3,455","±1,903","21.6%","±11.8","23,068","±212","5,854","±3,460","25.4%","±15.0","12,929","±102","6,374","±2,396","49.3%","±18.6","34,245","±427","13,227","±2,915","38.6%","±8.6","91,714","±1,148","26,110","±6,269","28.5%","±6.8","N","N","N","N","N","N","8,901","±255","2,540","±1,418","28.5%","±15.9","63,848","±237","22,795","±3,160","35.7%","±4.9","2,347","±102","835","±658","35.6%","±28.0","N","N","N","N","N","N","N","N","N","N","N","N","9,715","±129","2,737","±2,297","28.2%","±23.7","19,726","±226","4,388","±2,284","22.2%","±11.5","72,617","±829","19,975","±4,329","27.5%","±5.9","5,304","±63","2,449","±843","46.2%","±15.9","178,996","±495","54,061","±8,307","30.2%","±4.6","52,088","±356","15,010","±3,853","28.8%","±7.4","13,676","±2","2,829","±1,746","20.7%","±12.8","9,729","±87","3,051","±2,234","31.4%","±22.9","N","N","N","N","N","N","5,764","±190","2,645","±1,165","45.9%","±20.1","14,497","±175","2,967","±1,127","20.5%","±7.8","4,858","±337","2,581","±1,371","53.1%","±28.1","N","N","N","N","N","N","N","N","N","N","N","N","8,799","±14","2,711","±1,579","30.8%","±17.9","N","N","N","N","N","N","N","N","N","N","N","N","N","N","N","N","N","N","34,427","±163","12,013","±3,597","34.9%","±10.4"
"White alone, not Hispanic or Latino","192,863,925","±30,937","20,836,792","±135,454","10.8%","±0.1","5,353,193","±5,757","637,268","±21,342","11.9%","±0.4","53,303","±458","5,505","±1,862","10.3%","±3.5","79,329","±503","10,829","±2,471","13.7%","±3.1","59,364","±506","6,636","±1,858","11.2%","±3.1","43,524","±1,155","11,916","±2,269","27.4%","±5.1","79,916","±820","17,276","±4,351","21.6%","±5.5","59,413","±452","5,534","±1,959","9.3%","±3.3","134,252","±1,547","14,728","±2,900","11.0%","±2.2","183,561","±840","13,273","±3,560","7.2%","±1.9","59,728","±2,012","20,104","±2,623","33.7%","±4.0","35,442","±401","5,347","±1,990","15.1%","±5.6","387,282","±1,408","30,915","±5,422","8.0%","±1.4","97,601","±456","8,342","±2,275","8.5%","±2.3","96,839","±503","9,763","±2,544","10.1%","±2.6","210,266","±1,095","16,807","±2,866","8.0%","±1.4","24,543","±413","3,155","±1,288","12.9%","±5.3","61,240","±866","8,069","±2,531","13.2%","±4.1","70,942","±284","3,763","±2,211","5.3%","±3.1","66,720","±874","11,858","±2,805","17.8%","±4.2","155,470","±365","7,176","±1,971","4.6%","±1.3","391,000","±2,235","20,800","±2,848","5.3%","±0.7","51,959","±486","6,232","±1,519","12.0%","±2.9","352,941","±1,249","23,383","±4,684","6.6%","±1.3","116,178","±516","10,624","±2,307","9.1%","±2.0","102,947","±501","14,412","±4,268","14.0%","±4.2","84,000","±1,852","13,827","±4,012","16.5%","±4.8","26,204","±463","3,594","±1,372","13.7%","±5.2","61,089","±454","9,529","±1,984","15.6%","±3.3","81,185","±1,057","10,499","±2,684","12.9%","±3.3","51,244","±308","7,519","±2,891","14.7%","±5.6","109,339","±452","10,518","±3,458","9.6%","±3.2","68,516","±860","9,096","±2,246","13.3%","±3.3","31,420","±373","3,132","±1,294","10.0%","±4.1","39,029","±535","5,058","±1,536","13.0%","±3.9","60,702","±824","12,715","±2,476","20.9%","±4.1","66,135","±707","7,585","±2,444","11.5%","±3.7","61,489","±589","8,991","±2,264","14.6%","±3.7"
"EDUCATIONAL ATTAINMENT","","","","","","","","","","","","","","","","","","","","","","","","","","","","","","","","","","","","","","","","","","","","","","","","","","","","","","","","","","","","","","","","","","","","","","","","","","","","","","","","","","","","","","","","","","","","","","","","","","","","","","","","","","","","","","","","","","","","","","","","","","","","","","","","","","","","","","","","","","","","","","","","","","","","","","","","","","","","","","","","","","","","","","","","","","","","","","","","","","","","","","","","","","","","","","","","","","","","","","","","","","","","","","","","","","","","","","","","","","","","","","","","","","","",""
"    Population 25 years and over","210,169,316","±64,794","25,489,865","±102,218","12.1%","±0.1","6,452,046","±7,969","910,386","±19,763","14.1%","±0.3","47,289","±641","4,871","±1,297","10.3%","±2.7","67,498","±880","7,850","±1,569","11.6%","±2.4","95,869","±1,092","19,544","±2,412","20.4%","±2.5","37,605","±874","6,964","±1,565","18.5%","±4.1","67,530","±1,257","11,854","±2,507","17.6%","±3.7","44,157","±805","3,373","±1,149","7.6%","±2.6","181,284","±1,031","20,401","±2,293","11.3%","±1.3","153,350","±1,319","12,563","±3,422","8.2%","±2.2","64,489","±1,151","15,792","±2,554","24.5%","±4.0","160,785","±1,222","26,910","±2,830","16.7%","±1.8","479,413","±920","48,016","±6,209","10.0%","±1.3","90,197","±997","8,022","±1,946","8.9%","±2.2","88,818","±1,332","10,274","±2,263","11.6%","±2.5","479,516","±850","69,211","±4,847","14.4%","±1.0","56,991","±859","12,988","±1,943","22.8%","±3.5","87,602","±1,390","11,423","±2,886","13.0%","±3.3","73,202","±905","4,362","±1,625","6.0%","±2.2","61,276","±930","10,702","±2,375","17.5%","±3.9","130,789","±1,065","7,103","±1,684","5.4%","±1.3","652,802","±1,645","81,984","±6,003","12.6%","±0.9","55,767","±1,135","8,232","±1,781","14.8%","±3.2","549,528","±797","57,525","±5,737","10.5%","±1.0","121,147","±870","15,927","±2,734","13.1%","±2.2","135,958","±957","15,797","±3,295","11.6%","±2.4","95,648","±1,857","16,460","±3,235","17.2%","±3.4","35,034","±795","4,110","±1,011","11.7%","±2.9","62,468","±564","8,315","±1,614","13.3%","±2.6","126,469","±1,244","20,380","±2,314","16.1%","±1.8","66,630","±1,061","11,798","±2,627","17.7%","±4.0","93,892","±1,276","8,943","±2,239","9.5%","±2.4","124,544","±1,546","24,084","±2,896","19.3%","±2.3","56,192","±1,168","7,440","±1,700","13.2%","±3.0","42,357","±1,216","6,951","±1,513","16.4%","±3.7","45,765","±658","8,269","±1,648","18.1%","±3.6","56,890","±1,004","7,223","±1,810","12.7%","±3.1","63,949","±1,345","11,895","±2,214","18.6%","±3.5"
"        Less than high school graduate","26,947,989","±106,480","7,504,708","±59,917","27.8%","±0.2","900,763","±16,960","284,189","±11,555","31.5%","±1.1","9,726","±1,615","2,024","±763","20.8%","±8.0","11,493","±1,853","1,823","±663","15.9%","±5.7","13,153","±1,818","4,205","±1,014","32.0%","±7.5","4,735","±1,071","1,471","±629","31.1%","±12.1","13,262","±2,318","3,656","±1,282","27.6%","±9.1","5,002","±1,112","770","±536","15.4%","±10.4","19,786","±2,695","5,686","±1,297","28.7%","±5.8","17,838","±3,009","4,588","±1,898","25.7%","±10.9","9,305","±1,822","4,231","±1,339","45.5%","±12.1","25,852","±2,822","6,357","±1,567","24.6%","±5.8","45,914","±3,643","14,629","±3,379","31.9%","±6.3","7,571","±1,650","1,406","±848","18.6%","±10.4","11,035","±1,899","4,408","±1,463","39.9%","±9.5","54,924","±4,772","18,788","±3,113","34.2%","±4.8","11,022","±1,425","5,177","±1,208","47.0%","±7.6","9,506","±2,114","2,853","±1,256","30.0%","±9.5","5,583","±1,444","1,180","±745","21.1%","±11.9","12,532","±1,961","4,773","±1,611","38.1%","±10.3","9,777","±1,868","1,743","±774","17.8%","±7.5","55,372","±4,851","21,101","±2,799","38.1%","±4.7","6,348","±1,707","3,096","±1,150","48.8%","±13.1","65,201","±5,413","17,872","±3,547","27.4%","±4.8","27,128","±2,264","6,261","±1,917","23.1%","±6.2","17,470","±2,739","3,672","±1,756","21.0%","±8.9","9,289","±1,862","4,511","±1,331","48.6%","±9.6","3,221","±799","657","±348","20.4%","±9.8","10,150","±1,597","2,719","±822","26.8%","±6.8","17,087","±2,204","6,248","±1,349","36.6%","±6.2","11,985","±1,992","4,422","±1,436","36.9%","±10.1","8,044","±1,539","1,408","±646","17.5%","±8.3","22,143","±3,142","8,620","±2,006","38.9%","±5.8","7,170","±1,336","2,184","±933","30.5%","±10.2","5,805","±1,068","2,073","±683","35.7%","±10.2","9,367","±2,126","2,820","±1,176","30.1%","±10.2","6,614","±1,164","1,984","±802","30.0%","±10.2","20,419","±2,202","5,724","±1,605","28.0%","±6.7"
"        High school graduate (includes equivalency)","57,820,355","±115,240","8,479,243","±54,454","14.7%","±0.1","1,821,590","±23,088","316,299","±10,475","17.4%","±0.5","16,768","±1,874","2,046","±777","12.2%","±4.0","21,991","±2,294","2,713","±766","12.3%","±3.5","34,000","±2,728","9,651","±1,970","28.4%","±5.4","11,640","±1,447","2,293","±895","19.7%","±7.4","22,139","±2,425","3,812","±1,478","17.2%","±6.1","13,636","±2,075","693","±404","5.1%","±3.0","45,983","±3,794","5,126","±1,287","11.1%","±2.8","38,408","±3,495","4,032","±1,947","10.5%","±4.7","14,505","±2,000","5,079","±1,859","35.0%","±10.5","49,115","±3,814","10,259","±1,896","20.9%","±3.5","94,339","±5,160","15,019","±2,602","15.9%","±2.6","23,334","±2,393","3,068","±1,300","13.1%","±5.3","24,077","±2,669","3,035","±951","12.6%","±4.2","100,727","±5,413","20,349","±2,574","20.2%","±2.5","14,702","±1,607","2,473","±743","16.8%","±5.1","30,961","±3,018","4,038","±1,607","13.0%","±5.2","15,773","±1,814","1,130","±596","7.2%","±3.7","19,048","±2,061","3,023","±1,003","15.9%","±4.9","26,788","±2,616","2,019","±837","7.5%","±3.1","120,812","±6,645","26,926","±3,768","22.3%","±2.9","14,097","±1,633","2,175","±961","15.4%","±6.6","127,152","±5,835","18,132","±2,892","14.3%","±2.3","31,443","±2,899","5,580","±1,444","17.7%","±4.1","40,811","±3,886","5,672","±1,790","13.9%","±4.0","30,591","±2,883","6,955","±2,031","22.7%","±6.0","11,266","±1,215","1,351","±511","12.0%","±4.6","15,620","±1,729","2,109","±719","13.5%","±4.4","34,983","±2,929","6,584","±1,350","18.8%","±3.7","23,200","±2,598","4,905","±1,432","21.1%","±6.1","31,518","±3,016","4,297","±1,336","13.6%","±4.2","40,656","±3,385","7,828","±2,020","19.3%","±4.6","18,112","±2,264","3,279","±1,170","18.1%","±5.7","16,210","±1,368","2,592","±849","16.0%","±5.3","17,445","±1,650","2,300","±750","13.2%","±4.2","23,496","±2,197","3,593","±1,372","15.3%","±5.5","17,906","±2,293","3,293","±999","18.4%","±5.2"
"        Some college, associate's degree","61,432,225","±104,941","6,523,713","±46,526","10.6%","±0.1","1,828,359","±18,852","221,998","±8,686","12.1%","±0.5","13,349","±1,491","599","±329","4.5%","±2.5","18,863","±2,317","2,447","±837","13.0%","±4.4","23,740","±2,207","4,649","±1,044","19.6%","±3.8","10,130","±1,350","2,289","±901","22.6%","±8.9","19,960","±2,576","3,541","±1,433","17.7%","±6.5","17,143","±1,763","1,765","±780","10.3%","±4.4","55,430","±3,450","6,295","±1,281","11.4%","±2.2","48,968","±4,191","2,799","±1,294","5.7%","±2.6","15,231","±2,064","3,069","±954","20.1%","±6.6","54,745","±4,238","8,228","±1,546","15.0%","±2.8","128,300","±5,172","10,395","±2,177","8.1%","±1.7","27,747","±2,574","1,764","±779","6.4%","±2.8","30,603","±2,566","2,128","±898","7.0%","±2.8","122,617","±5,993","18,680","±3,104","15.2%","±2.3","20,248","±2,009","4,407","±1,376","21.8%","±5.8","26,470","±3,170","4,055","±1,381","15.3%","±4.8","19,627","±2,438","905","±652","4.6%","±3.4","16,593","±1,869","1,690","±731","10.2%","±4.2","32,535","±2,730","1,786","±569","5.5%","±1.7","152,738","±6,242","21,606","±2,438","14.1%","±1.5","19,168","±2,129","2,332","±772","12.2%","±3.9","161,902","±6,377","13,062","±2,628","8.1%","±1.7","33,468","±2,274","2,314","±792","6.9%","±2.4","43,562","±3,274","5,255","±1,844","12.1%","±4.2","32,229","±2,909","4,336","±1,639","13.5%","±4.9","13,933","±1,139","1,304","±536","9.4%","±3.8","20,415","±1,942","2,328","±693","11.4%","±3.4","41,517","±2,853","5,765","±1,417","13.9%","±3.1","19,206","±2,163","2,132","±984","11.1%","±4.8","29,843","±3,079","2,891","±1,326","9.7%","±4.2","37,181","±2,879","5,413","±1,452","14.6%","±3.6","16,507","±1,923","1,736","±686","10.5%","±3.9","12,661","±1,708","1,609","±698","12.7%","±5.3","12,780","±1,711","2,561","±986","20.0%","±7.1","17,962","±1,693","1,324","±886","7.4%","±4.6","15,141","±2,549","2,217","±816","14.6%","±5.7"
"        Bachelor's degree or higher","63,968,747","±166,840","2,982,201","±26,261","4.7%","±0.1","1,901,334","±21,572","87,900","±5,174","4.6%","±0.3","7,446","±1,247","202","±185","2.7%","±2.5","15,151","±2,076","867","±570","5.7%","±3.7","24,976","±2,323","1,039","±338","4.2%","±1.4","11,100","±1,665","911","±568","8.2%","±4.9","12,169","±1,988","845","±505","6.9%","±4.2","8,376","±1,433","145","±171","1.7%","±2.1","60,085","±4,008","3,294","±1,013","5.5%","±1.6","48,136","±3,536","1,144","±636","2.4%","±1.3","25,448","±1,937","3,413","±1,116","13.4%","±4.4","31,073","±3,611","2,066","±832","6.6%","±2.6","210,860","±6,924","7,973","±1,790","3.8%","±0.8","31,545","±2,713","1,784","±941","5.7%","±3.0","23,103","±2,619","703","±508","3.0%","±2.2","201,248","±5,536","11,394","±2,168","5.7%","±1.1","11,019","±1,458","931","±485","8.4%","±4.5","20,665","±3,104","477","±350","2.3%","±1.6","32,219","±2,309","1,147","±712","3.6%","±2.2","13,103","±1,489","1,216","±878","9.3%","±6.4","61,689","±2,846","1,555","±738","2.5%","±1.2","323,880","±7,821","12,351","±1,865","3.8%","±0.6","16,154","±2,379","629","±446","3.9%","±2.7","195,273","±7,396","8,459","±1,868","4.3%","±1.0","29,108","±2,308","1,772","±824","6.1%","±2.7","34,115","±3,531","1,198","±753","3.5%","±2.2","23,539","±2,649","658","±342","2.8%","±1.4","6,614","±1,137","798","±464","12.1%","±6.5","16,283","±1,597","1,159","±584","7.1%","±3.4","32,882","±3,051","1,783","±799","5.4%","±2.4","12,239","±2,220","339","±350","2.8%","±2.7","24,487","±2,912","347","±342","1.4%","±1.4","24,564","±2,765","2,223","±807","9.0%","±3.0","14,403","±1,607","241","±200","1.7%","±1.3","7,681","±1,441","677","±559","8.8%","±7.0","6,173","±1,305","588","±452","9.5%","±6.7","8,818","±1,494","322","±297","3.7%","±3.2","10,483","±1,781","661","±422","6.3%","±3.7"
"EMPLOYMENT STATUS","","","","","","","","","","","","","","","","","","","","","","","","","","","","","","","","","","","","","","","","","","","","","","","","","","","","","","","","","","","","","","","","","","","","","","","","","","","","","","","","","","","","","","","","","","","","","","","","","","","","","","","","","","","","","","","","","","","","","","","","","","","","","","","","","","","","","","","","","","","","","","","","","","","","","","","","","","","","","","","","","","","","","","","","","","","","","","","","","","","","","","","","","","","","","","","","","","","","","","","","","","","","","","","","","","","","","","","","","","","","","","","","","","","",""
"    Civilian labor force 16 years and over","158,509,506","±120,198","14,921,065","±75,611","9.4%","±0.1","4,839,384","±20,852","542,158","±14,913","11.2%","±0.3","33,425","±1,568","2,192","±867","6.6%","±2.6","52,048","±2,345","4,750","±1,390","9.1%","±2.7","67,353","±2,600","12,515","±2,327","18.6%","±3.3","33,092","±2,550","9,038","±1,928","27.3%","±4.9","52,739","±2,417","9,774","±2,746","18.5%","±4.9","33,338","±1,915","1,923","±837","5.8%","±2.5","136,231","±3,848","15,385","±2,229","11.3%","±1.6","119,869","±3,790","7,777","±2,128","6.5%","±1.8","55,291","±3,424","16,032","±2,501","29.0%","±3.8","131,259","±3,507","19,105","±2,342","14.6%","±1.8","399,219","±5,786","35,929","±4,352","9.0%","±1.1","64,375","±3,515","3,593","±1,283","5.6%","±2.0","67,821","±2,435","4,427","±1,285","6.5%","±1.9","390,794","±5,732","47,104","±4,351","12.1%","±1.1","40,020","±2,026","7,382","±1,451","18.4%","±3.6","67,568","±3,188","5,529","±1,576","8.2%","±2.4","52,650","±2,000","2,252","±1,569","4.3%","±3.0","43,049","±2,373","6,590","±1,745","15.3%","±4.2","103,686","±2,215","3,371","±1,059","3.3%","±1.0","519,906","±6,907","52,212","±4,028","10.0%","±0.8","39,276","±2,106","5,114","±1,409","13.0%","±3.5","454,819","±6,744","36,415","±4,535","8.0%","±1.0","91,796","±2,631","8,819","±2,139","9.6%","±2.3","103,067","±4,967","9,991","±2,268","9.7%","±2.1","65,582","±3,118","7,739","±2,150","11.8%","±3.4","26,795","±1,705","2,305","±844","8.6%","±3.1","53,011","±2,151","9,194","±1,935","17.3%","±3.6","94,581","±2,968","12,875","±1,998","13.6%","±2.0","47,987","±2,773","5,946","±1,739","12.4%","±3.7","76,539","±2,847","3,173","±1,224","4.1%","±1.6","87,261","±4,309","13,650","±2,683","15.6%","±3.0","40,867","±2,025","3,612","±1,024","8.8%","±2.5","32,358","±1,780","4,105","±1,237","12.7%","±3.9","30,142","±1,865","4,688","±1,083","15.6%","±3.6","40,739","±1,748","3,748","±1,549","9.2%","±3.7","52,626","±2,019","7,794","±1,850","14.8%","±3.6"
"        Employed","147,134,395","±130,502","11,066,384","±67,395","7.5%","±0.1","4,442,536","±21,871","393,251","±11,814","8.9%","±0.3","31,073","±1,659","1,450","±582","4.7%","±1.9","48,369","±2,277","3,240","±1,119","6.7%","±2.3","57,027","±2,604","7,231","±1,488","12.7%","±2.6","30,454","±2,580","7,270","±1,829","23.9%","±5.0","47,093","±2,432","6,600","±2,302","14.0%","±4.6","32,081","±1,797","1,468","±757","4.6%","±2.4","124,280","±3,919","11,606","±1,977","9.3%","±1.5","112,912","±3,991","5,390","±1,930","4.8%","±1.7","50,551","±3,168","13,389","±2,274","26.5%","±3.9","117,437","±3,660","14,394","±2,109","12.3%","±1.8","372,650","±5,749","26,828","±3,852","7.2%","±1.1","60,523","±3,330","2,572","±1,035","4.2%","±1.7","63,625","±2,501","4,129","±1,301","6.5%","±2.0","355,150","±5,672","33,843","±3,753","9.5%","±1.0","33,266","±2,212","4,404","±1,021","13.2%","±3.0","61,810","±3,250","4,638","±1,434","7.5%","±2.4","48,479","±2,192","1,573","±1,148","3.2%","±2.4","39,540","±2,459","5,127","±1,665","13.0%","±4.4","98,706","±2,214","2,668","±847","2.7%","±0.9","475,764","±7,415","35,687","±3,479","7.5%","±0.7","36,951","±2,155","4,365","±1,372","11.8%","±3.6","426,782","±6,726","27,316","±3,536","6.4%","±0.9","87,959","±2,668","6,861","±1,873","7.8%","±2.1","92,950","±4,814","6,869","±1,635","7.4%","±1.7","60,749","±3,113","5,527","±1,595","9.1%","±2.7","23,580","±1,785","1,856","±823","7.9%","±3.4","46,749","±2,434","7,113","±1,612","15.2%","±3.3","85,988","±2,972","9,759","±1,637","11.3%","±1.9","43,107","±2,829","4,274","±1,527","9.9%","±3.6","72,667","±3,391","2,945","±1,204","4.1%","±1.7","74,787","±3,882","9,195","±2,075","12.3%","±2.6","36,691","±2,197","2,716","±848","7.4%","±2.3","29,156","±1,800","2,874","±1,020","9.9%","±3.5","27,149","±2,095","3,126","±874","11.5%","±3.3","35,908","±1,941","2,151","±986","6.0%","±2.7","48,211","±2,369","5,941","±1,434","12.3%","±3.1"
"            Male","77,415,484","±94,073","5,007,735","±45,529","6.5%","±0.1","2,308,171","±16,119","179,929","±9,331","7.8%","±0.4","16,800","±1,198","746","±389","4.4%","±2.3","25,614","±1,294","1,481","±653","5.8%","±2.5","26,413","±1,661","2,849","±908","10.8%","±3.4","16,343","±1,482","3,254","±1,121","19.9%","±6.0","26,104","±1,908","3,258","±1,519","12.5%","±5.6","16,589","±1,282","482","±452","2.9%","±2.7","63,906","±2,617","4,871","±1,240","7.6%","±1.8","61,053","±2,510","3,740","±1,522","6.1%","±2.5","26,211","±2,119","6,939","±1,850","26.5%","±6.5","56,757","±2,411","5,912","±1,296","10.4%","±2.3","195,218","±3,664","14,972","±3,167","7.7%","±1.6","32,306","±2,314","1,808","±864","5.6%","±2.6","34,485","±1,729","1,506","±781","4.4%","±2.3","173,832","±3,859","13,653","±2,346","7.9%","±1.3","15,772","±1,488","1,476","±680","9.4%","±4.2","31,315","±1,927","1,549","±770","4.9%","±2.5","25,803","±1,595","813","±640","3.2%","±2.5","20,481","±1,664","2,507","±1,156","12.2%","±5.6","54,233","±1,393","1,298","±580","2.4%","±1.1","246,156","±5,422","15,944","±2,382","6.5%","±0.9","19,039","±1,451","1,998","±739","10.5%","±3.8","229,142","±4,312","15,768","±2,931","6.9%","±1.3","49,009","±1,589","3,996","±1,353","8.2%","±2.7","44,161","±3,171","2,376","±1,073","5.4%","±2.3","28,608","±2,491","2,024","±1,036","7.1%","±3.6","11,840","±1,343","476","±339","4.0%","±2.8","25,239","±1,709","3,141","±1,319","12.4%","±5.0","43,788","±2,304","3,728","±1,017","8.5%","±2.3","21,335","±2,090","2,026","±968","9.5%","±4.5","37,810","±2,244","1,356","±712","3.6%","±1.9","34,141","±2,364","3,964","±1,322","11.6%","±3.7","17,823","±1,677","1,282","±592","7.2%","±3.2","14,097","±1,418","957","±551","6.8%","±3.8","13,567","±1,542","1,351","±759","10.0%","±5.5","19,724","±1,429","469","±223","2.4%","±1.1","26,416","±1,590","3,314","±1,009","12.5%","±3.8"
"            Female","69,718,911","±85,019","6,058,649","±42,129","8.7%","±0.1","2,134,365","±15,328","213,322","±7,432","10.0%","±0.3","14,273","±1,221","704","±395","4.9%","±2.7","22,755","±1,649","1,759","±745","7.7%","±3.3","30,614","±1,899","4,382","±1,030","14.3%","±3.3","14,111","±1,643","4,016","±1,129","28.5%","±6.5","20,989","±1,902","3,342","±1,195","15.9%","±5.4","15,492","±1,505","986","±564","6.4%","±3.6","60,374","±2,861","6,735","±1,271","11.2%","±2.0","51,859","±3,075","1,650","±805","3.2%","±1.6","24,340","±2,111","6,450","±1,369","26.5%","±4.4","60,680","±2,422","8,482","±1,592","14.0%","±2.6","177,432","±4,123","11,856","±2,193","6.7%","±1.2","28,217","±2,154","764","±470","2.7%","±1.7","29,140","±1,943","2,623","±926","9.0%","±3.0","181,318","±4,078","20,190","±2,511","11.1%","±1.4","17,494","±1,642","2,928","±804","16.7%","±4.7","30,495","±2,334","3,089","±1,231","10.1%","±4.1","22,676","±1,541","760","±616","3.4%","±2.7","19,059","±1,609","2,620","±787","13.7%","±4.4","44,473","±1,978","1,370","±523","3.1%","±1.2","229,608","±5,118","19,743","±2,380","8.6%","±1.0","17,912","±1,548","2,367","±900","13.2%","±4.8","197,640","±6,049","11,548","±2,094","5.8%","±1.0","38,950","±1,941","2,865","±1,004","7.4%","±2.5","48,789","±3,226","4,493","±1,248","9.2%","±2.5","32,141","±2,040","3,503","±1,177","10.9%","±3.7","11,740","±1,034","1,380","±653","11.8%","±5.3","21,510","±1,683","3,972","±1,177","18.5%","±5.0","42,200","±2,345","6,031","±1,342","14.3%","±3.0","21,772","±1,854","2,248","±941","10.3%","±4.4","34,857","±2,601","1,589","±963","4.6%","±2.7","40,646","±2,906","5,231","±1,525","12.9%","±3.4","18,868","±1,287","1,434","±692","7.6%","±3.6","15,059","±1,106","1,917","±732","12.7%","±4.9","13,582","±1,286","1,775","±706","13.1%","±4.7","16,184","±1,374","1,682","±937","10.4%","±5.5","21,795","±1,489","2,627","±929","12.1%","±4.3"
"        Unemployed","11,375,111","±58,921","3,854,681","±37,981","33.9%","±0.3","396,848","±12,332","148,907","±7,787","37.5%","±1.5","2,352","±808","742","±493","31.5%","±17.9","3,679","±1,144","1,510","±701","41.0%","±16.4","10,326","±2,198","5,284","±1,722","51.2%","±11.5","2,638","±1,006","1,768","±843","67.0%","±18.5","5,646","±1,526","3,174","±1,360","56.2%","±17.0","1,257","±646","455","±469","36.2%","±27.7","11,951","±2,099","3,779","±1,152","31.6%","±8.4","6,957","±1,814","2,387","±1,080","34.3%","±11.8","4,740","±1,583","2,643","±1,126","55.8%","±13.5","13,822","±2,064","4,711","±1,112","34.1%","±7.4","26,569","±2,832","9,101","±2,003","34.3%","±5.7","3,852","±1,138","1,021","±580","26.5%","±14.6","4,196","±1,080","298","±251","7.1%","±5.9","35,644","±3,383","13,261","±2,339","37.2%","±5.1","6,754","±1,401","2,978","±938","44.1%","±10.6","5,758","±1,278","891","±538","15.5%","±9.1","4,171","±1,084","679","±590","16.3%","±12.4","3,509","±929","1,463","±600","41.7%","±14.1","4,980","±1,099","703","±424","14.1%","±7.8","44,142","±3,667","16,525","±2,319","37.4%","±4.8","2,325","±830","749","±470","32.2%","±16.4","28,037","±3,613","9,099","±2,274","32.5%","±6.4","3,837","±942","1,958","±730","51.0%","±12.2","10,117","±2,199","3,122","±1,481","30.9%","±11.4","4,833","±1,339","2,212","±1,158","45.8%","±17.9","3,215","±1,015","449","±309","14.0%","±9.4","6,262","±1,608","2,081","±941","33.2%","±14.0","8,593","±1,372","3,116","±923","36.3%","±10.3","4,880","±1,444","1,672","±804","34.3%","±15.6","3,872","±1,374","228","±214","5.9%","±5.4","12,474","±2,820","4,455","±1,654","35.7%","±11.0","4,176","±1,101","896","±625","21.5%","±13.2","3,202","±824","1,231","±575","38.4%","±15.4","2,993","±876","1,562","±709","52.2%","±15.5","4,831","±1,244","1,597","±828","33.1%","±14.2","4,415","±1,310","1,853","±850","42.0%","±14.2"
"            Male","6,105,230","±42,018","1,886,021","±27,115","30.9%","±0.4","198,595","±8,201","64,702","±4,736","32.6%","±2.0","1,524","±646","422","±302","27.7%","±19.1","2,325","±832","948","±582","40.8%","±21.0","5,379","±1,361","2,396","±1,127","44.5%","±15.6","1,284","±765","780","±662","60.7%","±32.4","2,586","±951","978","±588","37.8%","±23.6","778","±529","327","±384","42.0%","±36.9","5,959","±1,468","1,101","±552","18.5%","±9.7","3,335","±1,317","1,624","±897","48.7%","±15.6","2,678","±1,109","1,538","±852","57.4%","±19.4","5,689","±1,309","1,839","±748","32.3%","±12.3","12,901","±1,745","3,959","±1,344","30.7%","±9.2","1,445","±722","358","±360","24.8%","±22.7","2,389","±854","0","±211","0.0%","±7.4","16,974","±2,070","5,330","±1,489","31.4%","±7.6","3,120","±779","1,174","±451","37.6%","±13.9","2,138","±744","442","±363","20.7%","±15.1","1,985","±714","286","±283","14.4%","±12.8","1,378","±563","609","±408","44.2%","±24.5","2,217","±741","387","±298","17.5%","±12.5","21,515","±2,808","6,741","±1,322","31.3%","±6.5","1,106","±572","286","±275","25.9%","±21.7","14,842","±2,714","4,248","±1,539","28.6%","±8.1","1,857","±663","920","±559","49.5%","±20.9","5,774","±1,635","1,486","±979","25.7%","±14.5","2,758","±866","853","±668","30.9%","±19.2","1,680","±697","191","±168","11.4%","±10.0","2,712","±962","881","±552","32.5%","±16.8","4,596","±1,011","1,174","±565","25.5%","±11.4","2,496","±1,097","410","±380","16.4%","±15.8","2,277","±1,067","133","±133","5.8%","±6.5","7,062","±1,924","2,211","±1,092","31.3%","±13.6","2,447","±832","271","±266","11.1%","±10.6","1,817","±705","756","±446","41.6%","±22.0","1,553","±716","720","±550","46.4%","±25.1","2,679","±954","904","±672","33.7%","±19.8","2,635","±980","1,196","±641","45.4%","±18.3"
"            Female","5,269,881","±37,372","1,968,660","±22,718","37.4%","±0.4","198,253","±7,657","84,205","±5,202","42.5%","±2.0","828","±401","320","±297","38.6%","±28.9","1,354","±794","562","±434","41.5%","±22.9","4,947","±1,446","2,888","±1,118","58.4%","±14.1","1,354","±662","988","±600","73.0%","±20.6","3,060","±1,195","2,196","±1,189","71.8%","±17.8","479","±341","128","±232","26.7%","±41.8","5,992","±1,359","2,678","±974","44.7%","±12.1","3,622","±1,223","763","±577","21.1%","±15.1","2,062","±941","1,105","±708","53.6%","±19.2","8,133","±1,649","2,872","±884","35.3%","±9.4","13,668","±2,133","5,142","±1,564","37.6%","±8.3","2,407","±951","663","±402","27.5%","±15.3","1,807","±701","298","±251","16.5%","±13.7","18,670","±2,663","7,931","±1,680","42.5%","±7.3","3,634","±1,188","1,804","±851","49.6%","±16.5","3,620","±992","449","±397","12.4%","±10.6","2,186","±815","393","±485","18.0%","±19.7","2,131","±747","854","±481","40.1%","±18.3","2,763","±811","316","±311","11.4%","±10.3","22,627","±2,645","9,784","±1,883","43.2%","±6.6","1,219","±562","463","±317","38.0%","±19.5","13,195","±2,341","4,851","±1,561","36.8%","±9.3","1,980","±722","1,038","±527","52.4%","±18.3","4,343","±1,397","1,636","±1,021","37.7%","±17.5","2,075","±851","1,359","±777","65.5%","±25.9","1,535","±603","258","±236","16.8%","±15.1","3,550","±1,263","1,200","±691","33.8%","±17.7","3,997","±940","1,942","±724","48.6%","±15.0","2,384","±989","1,262","±711","52.9%","±21.2","1,595","±821","95","±158","6.0%","±10.0","5,412","±1,473","2,244","±1,040","41.5%","±15.5","1,729","±796","625","±506","36.1%","±23.7","1,385","±516","475","±357","34.3%","±19.1","1,440","±628","842","±504","58.5%","±21.0","2,152","±788","693","±500","32.2%","±19.0","1,780","±772","657","±533","36.9%","±22.9"
"WORK EXPERIENCE","","","","","","","","","","","","","","","","","","","","","","","","","","","","","","","","","","","","","","","","","","","","","","","","","","","","","","","","","","","","","","","","","","","","","","","","","","","","","","","","","","","","","","","","","","","","","","","","","","","","","","","","","","","","","","","","","","","","","","","","","","","","","","","","","","","","","","","","","","","","","","","","","","","","","","","","","","","","","","","","","","","","","","","","","","","","","","","","","","","","","","","","","","","","","","","","","","","","","","","","","","","","","","","","","","","","","","","","","","","","","","","","","","","",""
"    Population 16 years and over","246,720,513","±46,136","34,021,949","±146,276","13.8%","±0.1","7,640,989","±6,116","1,207,588","±24,612","15.8%","±0.3","55,073","±542","5,973","±1,559","10.8%","±2.8","78,700","±799","9,648","±2,075","12.3%","±2.6","113,984","±1,231","26,485","±3,257","23.2%","±2.9","52,403","±2,151","16,304","±2,720","31.1%","±4.7","84,436","±1,377","17,535","±3,589","20.8%","±4.2","51,241","±1,112","4,151","±1,513","8.1%","±2.9","214,426","±1,830","31,750","±3,094","14.8%","±1.4","176,385","±1,433","15,407","±3,734","8.7%","±2.1","91,592","±2,243","35,280","±3,583","38.5%","±3.8","196,572","±1,916","33,687","±3,403","17.1%","±1.7","560,002","±2,306","63,312","±7,289","11.3%","±1.3","107,177","±865","9,673","±2,340","9.0%","±2.2","104,765","±955","12,402","±2,662","11.8%","±2.6","557,076","±1,928","90,585","±6,250","16.3%","±1.1","68,833","±1,050","17,498","±2,449","25.4%","±3.6","105,296","±1,642","14,600","±3,733","13.9%","±3.5","87,182","±862","5,640","±2,261","6.5%","±2.6","72,907","±1,440","14,159","±2,866","19.4%","±3.9","152,373","±1,069","8,358","±1,873","5.5%","±1.2","758,480","±3,434","109,441","±7,326","14.4%","±1.0","64,195","±941","10,628","±2,023","16.6%","±3.2","656,828","±2,240","70,809","±6,996","10.8%","±1.1","144,286","±899","20,448","±3,066","14.2%","±2.1","162,321","±1,716","22,962","±4,280","14.1%","±2.6","113,429","±1,162","20,276","±4,021","17.9%","±3.5","45,500","±605","5,260","±1,181","11.6%","±2.6","84,354","±1,039","17,331","±2,688","20.5%","±3.2","151,324","±1,780","27,673","±3,286","18.3%","±2.1","77,520","±1,198","14,786","±3,481","19.1%","±4.5","111,102","±957","9,829","±2,470","8.8%","±2.2","150,038","±1,812","32,340","±3,931","21.6%","±2.6","67,227","±997","9,577","±1,996","14.2%","±3.0","52,616","±1,247","8,977","±2,043","17.1%","±3.9","53,362","±926","9,721","±1,846","18.2%","±3.5","66,806","±813","8,709","±2,186","13.0%","±3.3","78,200","±1,013","14,898","±2,849","19.1%","±3.6"
"        Worked full-time, year-round in the past 12 months","103,333,504","±119,460","3,257,359","±29,529","3.2%","±0.1","3,227,654","±25,071","134,259","±7,043","4.2%","±0.2","22,516","±1,883","578","±379","2.6%","±1.7","35,165","±2,202","944","±524","2.7%","±1.5","40,099","±2,684","2,049","±644","5.1%","±1.5","19,501","±1,703","2,116","±981","10.9%","±4.9","32,327","±2,247","1,379","±754","4.3%","±2.3","23,281","±1,553","435","±329","1.9%","±1.4","92,330","±3,449","4,817","±1,207","5.2%","±1.3","83,095","±3,917","1,535","±877","1.8%","±1.1","28,132","±2,473","2,113","±758","7.5%","±2.8","83,458","±3,872","5,550","±1,301","6.7%","±1.6","268,513","±6,030","8,924","±2,322","3.3%","±0.9","44,897","±2,576","928","±566","2.1%","±1.2","47,483","±2,485","1,387","±736","2.9%","±1.6","249,821","±6,360","7,984","±1,578","3.2%","±0.6","24,949","±1,987","1,471","±633","5.9%","±2.5","44,977","±2,765","1,571","±754","3.5%","±1.7","33,893","±2,293","191","±232","0.6%","±0.7","26,557","±2,261","1,689","±877","6.4%","±3.4","72,525","±2,594","792","±442","1.1%","±0.6","354,904","±6,700","10,426","±1,999","2.9%","±0.6","26,274","±2,270","1,088","±503","4.1%","±1.9","303,993","±8,327","9,746","±2,186","3.2%","±0.7","65,541","±2,841","3,987","±1,439","6.1%","±2.1","64,354","±4,037","1,668","±901","2.6%","±1.4","48,302","±3,064","2,660","±1,224","5.5%","±2.6","20,914","±1,711","828","±523","4.0%","±2.4","32,587","±2,425","1,931","±820","5.9%","±2.5","66,089","±2,909","3,489","±941","5.3%","±1.4","30,379","±2,807","1,499","±614","4.9%","±2.0","55,169","±2,945","1,244","±870","2.3%","±1.6","51,958","±3,603","2,579","±1,112","5.0%","±2.1","27,694","±2,432","1,234","±545","4.5%","±2.0","21,530","±1,750","1,617","±832","7.5%","±4.0","18,321","±2,419","640","±456","3.5%","±2.3","27,974","±1,840","1,220","±806","4.4%","±2.8","38,149","±2,805","3,006","±920","7.9%","±2.5"
"        Worked part-time or part-year in the past 12 months","58,930,974","±137,766","11,004,542","±64,133","18.7%","±0.1","1,676,346","±22,012","366,277","±11,029","21.8%","±0.6","11,105","±1,681","1,478","±665","13.3%","±5.5","16,834","±1,965","3,040","±1,101","18.1%","±6.0","23,068","±2,058","7,259","±1,596","31.5%","±5.7","16,238","±2,500","8,414","±2,018","51.8%","±7.6","18,880","±2,617","6,969","±2,442","36.9%","±9.3","11,442","±1,445","1,748","±785","15.3%","±6.9","49,208","±3,516","10,835","±1,809","22.0%","±3.3","39,418","±3,475","5,695","±1,961","14.4%","±4.7","29,834","±2,873","15,304","±2,429","51.3%","±5.1","45,360","±3,624","11,620","±1,695","25.6%","±3.3","138,397","±6,071","24,949","±3,542","18.0%","±2.4","23,986","±2,659","2,497","±932","10.4%","±3.7","21,739","±2,525","3,651","±1,344","16.8%","±5.3","138,889","±5,893","36,064","±3,914","26.0%","±2.4","13,538","±2,158","4,774","±1,287","35.3%","±6.8","22,901","±2,807","4,095","±1,398","17.9%","±6.0","19,731","±2,211","2,037","±1,420","10.3%","±6.6","17,839","±2,198","4,940","±1,420","27.7%","±7.3","35,593","±2,459","2,667","±873","7.5%","±2.4","167,974","±7,014","36,699","±3,599","21.8%","±2.1","13,873","±2,060","3,960","±1,322","28.5%","±8.0","155,736","±6,980","23,259","±3,293","14.9%","±2.1","28,695","±2,715","4,386","±1,171","15.3%","±3.6","39,721","±3,791","6,841","±1,709","17.2%","±3.9","19,760","±2,669","3,580","±1,085","18.1%","±5.2","9,258","±1,366","1,498","±620","16.2%","±7.0","21,914","±2,308","6,995","±1,750","31.9%","±6.4","33,720","±2,591","8,836","±1,542","26.2%","±4.3","16,934","±2,391","2,978","±1,395","17.6%","±7.6","24,164","±2,675","2,664","±992","11.0%","±4.2","34,337","±3,050","8,840","±2,026","25.7%","±5.1","13,054","±1,825","2,024","±900","15.5%","±6.2","11,356","±1,643","2,040","±788","18.0%","±6.4","12,245","±1,590","3,985","±1,255","32.5%","±8.4","11,739","±1,301","1,670","±869","14.2%","±7.2","12,828","±1,880","3,746","±1,363","29.2%","±9.2"
"        Did not work","84,456,035","±127,024","19,760,048","±108,095","23.4%","±0.1","2,736,989","±19,039","707,052","±17,344","25.8%","±0.6","21,452","±1,827","3,917","±1,137","18.3%","±5.2","26,701","±2,242","5,664","±1,488","21.2%","±4.8","50,817","±2,626","17,177","±2,575","33.8%","±4.8","16,664","±1,942","5,774","±1,723","34.6%","±7.8","33,229","±2,261","9,187","±2,147","27.6%","±6.1","16,518","±1,737","1,968","±831","11.9%","±4.7","72,888","±3,694","16,098","±2,398","22.1%","±2.8","53,872","±3,220","8,177","±2,257","15.2%","±4.0","33,626","±3,564","17,863","±3,205","53.1%","±6.4","67,754","±3,662","16,517","±2,382","24.4%","±3.2","153,092","±5,799","29,439","±4,221","19.2%","±2.4","38,294","±2,991","6,248","±1,778","16.3%","±4.4","35,543","±2,387","7,364","±1,751","20.7%","±4.5","168,366","±5,587","46,537","±3,962","27.6%","±2.1","30,346","±2,320","11,253","±1,972","37.1%","±5.4","37,418","±3,275","8,934","±2,685","23.9%","±6.7","33,558","±2,013","3,412","±1,230","10.2%","±3.6","28,511","±2,219","7,530","±1,496","26.4%","±4.8","44,255","±2,171","4,899","±1,254","11.1%","±2.8","235,602","±6,994","62,316","±5,357","26.4%","±2.0","24,048","±1,931","5,580","±1,475","23.2%","±5.1","197,099","±6,462","37,804","±4,509","19.2%","±2.0","50,050","±2,659","12,075","±2,216","24.1%","±3.9","58,246","±4,701","14,453","±3,624","24.8%","±5.4","45,367","±3,507","14,036","±3,203","30.9%","±5.8","15,328","±1,603","2,934","±862","19.1%","±5.2","29,853","±2,142","8,405","±1,616","28.2%","±4.7","51,515","±2,796","15,348","±2,534","29.8%","±4.2","30,207","±3,134","10,309","±2,659","34.1%","±7.3","31,769","±3,162","5,921","±1,830","18.6%","±5.2","63,743","±3,940","20,921","±3,513","32.8%","±4.4","26,479","±2,252","6,319","±1,659","23.9%","±5.4","19,730","±1,664","5,320","±1,450","27.0%","±6.4","22,796","±1,803","5,096","±1,320","22.4%","±5.0","27,093","±1,817","5,819","±1,789","21.5%","±6.2","27,223","±2,398","8,146","±1,907","29.9%","±5.5"
"All Individuals below:","","","","","","","","","","","","","","","","","","","","","","","","","","","","","","","","","","","","","","","","","","","","","","","","","","","","","","","","","","","","","","","","","","","","","","","","","","","","","","","","","","","","","","","","","","","","","","","","","","","","","","","","","","","","","","","","","","","","","","","","","","","","","","","","","","","","","","","","","","","","","","","","","","","","","","","","","","","","","","","","","","","","","","","","","","","","","","","","","","","","","","","","","","","","","","","","","","","","","","","","","","","","","","","","","","","","","","","","","","","","","","","","","","","",""
"    50 percent of poverty level","21,244,778","±145,073","(X)","(X)","(X)","(X)","810,355","±25,848","(X)","(X)","(X)","(X)","3,701","±1,382","(X)","(X)","(X)","(X)","6,863","±1,955","(X)","(X)","(X)","(X)","20,589","±4,032","(X)","(X)","(X)","(X)","11,048","±2,731","(X)","(X)","(X)","(X)","16,041","±4,703","(X)","(X)","(X)","(X)","1,123","±554","(X)","(X)","(X)","(X)","23,245","±3,418","(X)","(X)","(X)","(X)","8,262","±3,592","(X)","(X)","(X)","(X)","20,376","±3,165","(X)","(X)","(X)","(X)","21,044","±3,891","(X)","(X)","(X)","(X)","42,224","±6,329","(X)","(X)","(X)","(X)","6,506","±2,162","(X)","(X)","(X)","(X)","8,641","±2,953","(X)","(X)","(X)","(X)","67,156","±7,622","(X)","(X)","(X)","(X)","14,052","±2,728","(X)","(X)","(X)","(X)","9,653","±3,524","(X)","(X)","(X)","(X)","4,682","±1,729","(X)","(X)","(X)","(X)","10,660","±3,811","(X)","(X)","(X)","(X)","3,618","±1,086","(X)","(X)","(X)","(X)","75,336","±8,216","(X)","(X)","(X)","(X)","7,236","±1,869","(X)","(X)","(X)","(X)","46,027","±6,791","(X)","(X)","(X)","(X)","11,483","±3,814","(X)","(X)","(X)","(X)","17,848","±5,166","(X)","(X)","(X)","(X)","12,197","±3,938","(X)","(X)","(X)","(X)","3,226","±1,051","(X)","(X)","(X)","(X)","12,525","±3,260","(X)","(X)","(X)","(X)","18,223","±3,352","(X)","(X)","(X)","(X)","11,833","±4,043","(X)","(X)","(X)","(X)","7,360","±3,159","(X)","(X)","(X)","(X)","25,007","±4,788","(X)","(X)","(X)","(X)","5,341","±2,322","(X)","(X)","(X)","(X)","3,424","±1,302","(X)","(X)","(X)","(X)","4,993","±1,816","(X)","(X)","(X)","(X)","9,274","±2,987","(X)","(X)","(X)","(X)","6,009","±2,228","(X)","(X)","(X)","(X)"
"    125 percent of poverty level","63,010,024","±269,299","(X)","(X)","(X)","(X)","2,292,330","±42,470","(X)","(X)","(X)","(X)","11,900","±2,794","(X)","(X)","(X)","(X)","18,209","±3,867","(X)","(X)","(X)","(X)","50,081","±5,157","(X)","(X)","(X)","(X)","24,254","±3,640","(X)","(X)","(X)","(X)","35,317","±5,617","(X)","(X)","(X)","(X)","9,405","±2,158","(X)","(X)","(X)","(X)","60,363","±5,468","(X)","(X)","(X)","(X)","30,217","±5,655","(X)","(X)","(X)","(X)","49,100","±4,697","(X)","(X)","(X)","(X)","75,768","±6,979","(X)","(X)","(X)","(X)","118,646","±12,108","(X)","(X)","(X)","(X)","20,406","±4,571","(X)","(X)","(X)","(X)","21,676","±3,935","(X)","(X)","(X)","(X)","180,470","±10,500","(X)","(X)","(X)","(X)","33,106","±3,473","(X)","(X)","(X)","(X)","24,885","±5,651","(X)","(X)","(X)","(X)","11,591","±4,035","(X)","(X)","(X)","(X)","25,758","±4,686","(X)","(X)","(X)","(X)","17,927","±3,834","(X)","(X)","(X)","(X)","207,688","±11,977","(X)","(X)","(X)","(X)","19,101","±3,058","(X)","(X)","(X)","(X)","151,739","±12,371","(X)","(X)","(X)","(X)","37,697","±4,980","(X)","(X)","(X)","(X)","40,956","±7,051","(X)","(X)","(X)","(X)","36,529","±7,024","(X)","(X)","(X)","(X)","12,905","±2,467","(X)","(X)","(X)","(X)","31,073","±4,229","(X)","(X)","(X)","(X)","52,274","±5,089","(X)","(X)","(X)","(X)","28,178","±5,482","(X)","(X)","(X)","(X)","22,240","±5,878","(X)","(X)","(X)","(X)","60,773","±6,039","(X)","(X)","(X)","(X)","19,903","±3,907","(X)","(X)","(X)","(X)","14,371","±3,165","(X)","(X)","(X)","(X)","18,980","±3,214","(X)","(X)","(X)","(X)","17,448","±3,172","(X)","(X)","(X)","(X)","29,875","±4,775","(X)","(X)","(X)","(X)"
"    150 percent of poverty level","77,820,356","±298,678","(X)","(X)","(X)","(X)","2,801,588","±44,679","(X)","(X)","(X)","(X)","17,738","±3,305","(X)","(X)","(X)","(X)","23,801","±3,918","(X)","(X)","(X)","(X)","61,095","±4,673","(X)","(X)","(X)","(X)","27,828","±3,513","(X)","(X)","(X)","(X)","40,138","±5,193","(X)","(X)","(X)","(X)","11,780","±2,652","(X)","(X)","(X)","(X)","70,156","±5,557","(X)","(X)","(X)","(X)","36,102","±6,776","(X)","(X)","(X)","(X)","52,975","±4,439","(X)","(X)","(X)","(X)","95,051","±7,974","(X)","(X)","(X)","(X)","145,053","±12,523","(X)","(X)","(X)","(X)","22,368","±4,754","(X)","(X)","(X)","(X)","24,851","±4,284","(X)","(X)","(X)","(X)","216,378","±11,383","(X)","(X)","(X)","(X)","40,127","±3,290","(X)","(X)","(X)","(X)","34,860","±7,094","(X)","(X)","(X)","(X)","14,761","±4,098","(X)","(X)","(X)","(X)","29,305","±4,564","(X)","(X)","(X)","(X)","22,119","±4,079","(X)","(X)","(X)","(X)","246,797","±12,064","(X)","(X)","(X)","(X)","25,093","±3,305","(X)","(X)","(X)","(X)","197,243","±14,106","(X)","(X)","(X)","(X)","50,215","±5,991","(X)","(X)","(X)","(X)","50,459","±7,297","(X)","(X)","(X)","(X)","48,546","±6,465","(X)","(X)","(X)","(X)","18,664","±3,362","(X)","(X)","(X)","(X)","40,710","±4,110","(X)","(X)","(X)","(X)","63,802","±5,301","(X)","(X)","(X)","(X)","33,669","±6,061","(X)","(X)","(X)","(X)","29,436","±5,736","(X)","(X)","(X)","(X)","73,820","±6,120","(X)","(X)","(X)","(X)","27,172","±4,308","(X)","(X)","(X)","(X)","19,104","±3,465","(X)","(X)","(X)","(X)","24,313","±3,480","(X)","(X)","(X)","(X)","20,427","±3,448","(X)","(X)","(X)","(X)","36,514","±4,628","(X)","(X)","(X)","(X)"
"    185 percent of poverty level","98,183,260","±328,281","(X)","(X)","(X)","(X)","3,491,741","±46,857","(X)","(X)","(X)","(X)","25,832","±3,937","(X)","(X)","(X)","(X)","31,984","±4,372","(X)","(X)","(X)","(X)","71,838","±4,862","(X)","(X)","(X)","(X)","32,379","±3,241","(X)","(X)","(X)","(X)","46,104","±4,814","(X)","(X)","(X)","(X)","16,715","±3,146","(X)","(X)","(X)","(X)","86,674","±7,061","(X)","(X)","(X)","(X)","46,921","±6,761","(X)","(X)","(X)","(X)","60,460","±4,046","(X)","(X)","(X)","(X)","111,502","±8,095","(X)","(X)","(X)","(X)","184,152","±12,200","(X)","(X)","(X)","(X)","31,491","±5,507","(X)","(X)","(X)","(X)","35,656","±4,431","(X)","(X)","(X)","(X)","261,625","±10,621","(X)","(X)","(X)","(X)","45,836","±3,336","(X)","(X)","(X)","(X)","45,730","±7,376","(X)","(X)","(X)","(X)","18,542","±4,363","(X)","(X)","(X)","(X)","38,414","±4,739","(X)","(X)","(X)","(X)","31,442","±4,815","(X)","(X)","(X)","(X)","301,012","±14,190","(X)","(X)","(X)","(X)","29,497","±3,519","(X)","(X)","(X)","(X)","261,864","±16,076","(X)","(X)","(X)","(X)","65,174","±6,571","(X)","(X)","(X)","(X)","64,584","±7,974","(X)","(X)","(X)","(X)","54,934","±6,409","(X)","(X)","(X)","(X)","26,955","±3,131","(X)","(X)","(X)","(X)","48,110","±4,659","(X)","(X)","(X)","(X)","78,696","±5,525","(X)","(X)","(X)","(X)","40,883","±6,508","(X)","(X)","(X)","(X)","39,484","±5,696","(X)","(X)","(X)","(X)","86,768","±6,130","(X)","(X)","(X)","(X)","33,486","±4,512","(X)","(X)","(X)","(X)","28,929","±3,957","(X)","(X)","(X)","(X)","30,208","±3,383","(X)","(X)","(X)","(X)","27,134","±3,335","(X)","(X)","(X)","(X)","43,408","±5,027","(X)","(X)","(X)","(X)"
"    200 percent of poverty level","106,565,531","±334,180","(X)","(X)","(X)","(X)","3,776,564","±47,762","(X)","(X)","(X)","(X)","28,844","±3,796","(X)","(X)","(X)","(X)","35,155","±4,438","(X)","(X)","(X)","(X)","76,368","±4,537","(X)","(X)","(X)","(X)","33,409","±3,196","(X)","(X)","(X)","(X)","50,024","±4,878","(X)","(X)","(X)","(X)","18,835","±3,494","(X)","(X)","(X)","(X)","93,661","±7,485","(X)","(X)","(X)","(X)","50,508","±6,908","(X)","(X)","(X)","(X)","61,937","±4,112","(X)","(X)","(X)","(X)","118,820","±8,345","(X)","(X)","(X)","(X)","202,700","±12,717","(X)","(X)","(X)","(X)","34,318","±5,462","(X)","(X)","(X)","(X)","43,266","±4,697","(X)","(X)","(X)","(X)","279,677","±10,599","(X)","(X)","(X)","(X)","48,495","±3,285","(X)","(X)","(X)","(X)","52,220","±7,408","(X)","(X)","(X)","(X)","20,680","±4,684","(X)","(X)","(X)","(X)","40,923","±5,546","(X)","(X)","(X)","(X)","34,457","±4,970","(X)","(X)","(X)","(X)","324,112","±13,895","(X)","(X)","(X)","(X)","31,566","±3,529","(X)","(X)","(X)","(X)","283,931","±15,975","(X)","(X)","(X)","(X)","72,234","±6,588","(X)","(X)","(X)","(X)","69,619","±8,186","(X)","(X)","(X)","(X)","57,454","±6,338","(X)","(X)","(X)","(X)","30,485","±3,388","(X)","(X)","(X)","(X)","50,299","±4,637","(X)","(X)","(X)","(X)","84,291","±5,536","(X)","(X)","(X)","(X)","47,443","±6,022","(X)","(X)","(X)","(X)","43,773","±6,102","(X)","(X)","(X)","(X)","93,904","±6,264","(X)","(X)","(X)","(X)","36,664","±4,077","(X)","(X)","(X)","(X)","31,917","±3,863","(X)","(X)","(X)","(X)","32,981","±3,424","(X)","(X)","(X)","(X)","29,339","±3,375","(X)","(X)","(X)","(X)","46,345","±5,220","(X)","(X)","(X)","(X)"
"Unrelated individuals for whom poverty status is determined","59,284,161","±137,266","16,088,623","±72,882","27.1%","±0.1","1,687,863","±20,641","495,965","±12,744","29.4%","±0.7","10,158","±1,610","2,729","±899","26.9%","±6.9","15,075","±2,923","4,062","±1,270","26.9%","±6.3","28,525","±2,653","8,926","±1,607","31.3%","±4.2","17,876","±2,539","10,718","±2,062","60.0%","±6.3","21,363","±2,819","7,654","±1,866","35.8%","±6.6","8,709","±1,583","1,827","±764","21.0%","±7.1","61,311","±5,459","16,279","±2,680","26.6%","±3.4","28,344","±4,000","5,330","±2,037","18.8%","±6.2","42,860","±2,887","24,283","±2,554","56.7%","±4.2","42,414","±3,738","12,199","±2,194","28.8%","±4.4","126,712","±6,019","28,582","±4,104","22.6%","±2.7","14,176","±2,028","3,653","±1,191","25.8%","±7.5","19,356","±2,643","4,628","±1,321","23.9%","±6.1","167,997","±7,729","40,368","±3,862","24.0%","±2.0","18,487","±1,904","7,386","±1,382","40.0%","±6.3","19,124","±3,084","4,502","±1,514","23.5%","±6.4","11,765","±1,867","2,267","±867","19.3%","±6.8","15,620","±2,162","5,095","±1,289","32.6%","±6.1","19,638","±2,367","3,384","±744","17.2%","±3.4","243,819","±8,211","56,934","±3,924","23.4%","±1.4","16,196","±2,131","5,023","±1,203","31.0%","±6.0","103,147","±6,703","22,096","±3,643","21.4%","±3.0","24,620","±2,593","5,968","±1,334","24.2%","±4.3","26,388","±3,115","6,548","±1,692","24.8%","±5.3","20,224","±3,121","6,361","±1,862","31.5%","±6.5","8,718","±1,603","2,346","±873","26.9%","±8.6","21,531","±2,781","9,411","±1,969","43.7%","±6.5","38,796","±3,453","12,512","±2,035","32.3%","±4.3","14,622","±2,320","4,982","±1,719","34.1%","±9.3","16,720","±3,032","3,812","±1,295","22.8%","±6.5","41,078","±3,792","15,128","±2,485","36.8%","±4.7","11,141","±2,276","3,271","±1,051","29.4%","±7.7","9,937","±1,577","3,001","±863","30.2%","±7.1","9,794","±1,695","3,849","±1,172","39.3%","±9.2","10,102","±2,026","3,179","±1,428","31.5%","±11.5","13,861","±2,179","4,634","±1,174","33.4%","±6.1"
"    Male","29,164,069","±102,098","7,262,010","±48,198","24.9%","±0.1","822,494","±15,236","217,461","±8,236","26.4%","±0.9","5,531","±1,142","1,161","±561","21.0%","±9.4","8,226","±1,683","1,550","±649","18.8%","±6.9","13,489","±1,961","4,220","±1,112","31.3%","±6.2","8,842","±1,454","4,991","±1,179","56.4%","±8.5","9,604","±1,652","2,666","±940","27.8%","±8.2","3,042","±894","438","±452","14.4%","±13.1","30,578","±3,362","6,728","±1,772","22.0%","±5.2","14,877","±2,995","3,124","±1,252","21.0%","±7.4","20,970","±1,812","11,724","±1,699","55.9%","±6.2","20,094","±2,208","4,306","±1,225","21.4%","±5.7","62,211","±4,158","14,841","±3,023","23.9%","±4.2","5,816","±1,267","1,280","±665","22.0%","±9.8","9,776","±1,781","1,753","±863","17.9%","±8.3","79,771","±4,502","18,705","±2,627","23.4%","±2.9","8,334","±1,193","3,441","±925","41.3%","±8.8","9,930","±2,316","2,226","±1,073","22.4%","±7.8","4,709","±1,159","424","±273","9.0%","±6.2","7,448","±1,341","2,179","±705","29.3%","±7.6","9,824","±1,502","1,449","±464","14.7%","±4.7","120,426","±5,556","25,935","±3,017","21.5%","±2.2","7,800","±1,287","1,653","±696","21.2%","±8.0","52,406","±4,852","9,146","±2,240","17.5%","±3.7","12,150","±1,681","2,927","±1,161","24.1%","±8.1","11,611","±1,853","2,297","±856","19.8%","±6.2","10,144","±1,698","3,076","±1,053","30.3%","±8.3","4,498","±1,059","940","±468","20.9%","±9.7","10,122","±1,646","3,705","±1,173","36.6%","±10.9","19,987","±2,223","5,796","±1,443","29.0%","±6.3","7,648","±1,672","1,836","±1,001","24.0%","±12.6","8,081","±2,053","1,638","±803","20.3%","±9.7","17,959","±1,897","7,017","±1,294","39.1%","±6.6","5,079","±1,293","1,551","±642","30.5%","±9.3","4,935","±1,193","1,034","±476","21.0%","±9.2","4,641","±1,153","2,069","±782","44.6%","±12.6","4,367","±1,021","973","±611","22.3%","±12.6","7,329","±1,516","2,212","±834","30.2%","±8.6"
"    Female","30,120,092","±71,635","8,826,613","±49,468","29.3%","±0.1","865,369","±12,763","278,504","±9,163","32.2%","±1.0","4,627","±1,028","1,568","±743","33.9%","±12.2","6,849","±1,636","2,512","±844","36.7%","±9.2","15,036","±1,695","4,706","±1,032","31.3%","±5.7","9,034","±1,767","5,727","±1,527","63.4%","±9.4","11,759","±1,917","4,988","±1,364","42.4%","±8.6","5,667","±1,199","1,389","±677","24.5%","±10.4","30,733","±3,135","9,551","±1,904","31.1%","±4.6","13,467","±2,141","2,206","±1,094","16.4%","±7.7","21,890","±2,053","12,559","±1,910","57.4%","±5.8","22,320","±2,699","7,893","±1,794","35.4%","±6.4","64,501","±3,986","13,741","±2,209","21.3%","±3.0","8,360","±1,490","2,373","±873","28.4%","±9.3","9,580","±1,450","2,875","±1,041","30.0%","±9.2","88,226","±4,974","21,663","±2,656","24.6%","±2.6","10,153","±1,325","3,945","±932","38.9%","±8.1","9,194","±1,586","2,276","±810","24.8%","±8.5","7,056","±1,368","1,843","±807","26.1%","±9.9","8,172","±1,371","2,916","±977","35.7%","±9.2","9,814","±1,397","1,935","±512","19.7%","±4.8","123,393","±5,588","30,999","±3,253","25.1%","±2.5","8,396","±1,395","3,370","±919","40.1%","±8.4","50,741","±3,589","12,950","±2,459","25.5%","±4.3","12,470","±1,512","3,041","±708","24.4%","±5.3","14,777","±2,485","4,251","±1,423","28.8%","±8.1","10,080","±2,081","3,285","±1,205","32.6%","±9.2","4,220","±857","1,406","±621","33.3%","±12.3","11,409","±1,928","5,706","±1,601","50.0%","±8.6","18,809","±2,066","6,716","±1,384","35.7%","±5.6","6,974","±1,498","3,146","±1,319","45.1%","±12.5","8,639","±1,675","2,174","±903","25.2%","±9.7","23,119","±2,837","8,111","±1,960","35.1%","±5.9","6,062","±1,488","1,720","±789","28.4%","±11.6","5,002","±908","1,967","±697","39.3%","±10.4","5,153","±1,094","1,780","±745","34.5%","±11.7","5,735","±1,270","2,206","±1,038","38.5%","±15.1","6,532","±1,369","2,422","±712","37.1%","±8.8"
"Mean income deficit for unrelated individuals (dollars)","6,748","±23","(X)","(X)","(X)","(X)","7,011","±120","(X)","(X)","(X)","(X)","8,939","±1,146","(X)","(X)","(X)","(X)","6,764","±1,112","(X)","(X)","(X)","(X)","6,798","±688","(X)","(X)","(X)","(X)","7,395","±1,017","(X)","(X)","(X)","(X)","6,912","±921","(X)","(X)","(X)","(X)","6,688","±1,857","(X)","(X)","(X)","(X)","7,014","±682","(X)","(X)","(X)","(X)","7,391","±1,578","(X)","(X)","(X)","(X)","7,943","±641","(X)","(X)","(X)","(X)","7,580","±717","(X)","(X)","(X)","(X)","6,776","±603","(X)","(X)","(X)","(X)","9,341","±1,287","(X)","(X)","(X)","(X)","8,420","±1,194","(X)","(X)","(X)","(X)","7,286","±337","(X)","(X)","(X)","(X)","6,226","±673","(X)","(X)","(X)","(X)","6,509","±1,286","(X)","(X)","(X)","(X)","6,737","±1,885","(X)","(X)","(X)","(X)","6,710","±1,041","(X)","(X)","(X)","(X)","7,857","±1,004","(X)","(X)","(X)","(X)","7,047","±346","(X)","(X)","(X)","(X)","7,778","±1,023","(X)","(X)","(X)","(X)","6,967","±589","(X)","(X)","(X)","(X)","5,877","±1,139","(X)","(X)","(X)","(X)","8,613","±1,132","(X)","(X)","(X)","(X)","7,876","±981","(X)","(X)","(X)","(X)","5,768","±1,287","(X)","(X)","(X)","(X)","7,105","±801","(X)","(X)","(X)","(X)","6,299","±709","(X)","(X)","(X)","(X)","5,534","±1,033","(X)","(X)","(X)","(X)","7,857","±1,463","(X)","(X)","(X)","(X)","7,056","±708","(X)","(X)","(X)","(X)","7,180","±1,285","(X)","(X)","(X)","(X)","6,002","±1,082","(X)","(X)","(X)","(X)","7,086","±1,196","(X)","(X)","(X)","(X)","7,918","±1,382","(X)","(X)","(X)","(X)","6,405","±1,297","(X)","(X)","(X)","(X)"
"Worked full-time, year-round in the past 12 months","24,896,695","±89,067","949,868","±17,790","3.8%","±0.1","743,966","±16,384","31,695","±3,525","4.3%","±0.5","4,063","±997","16","±24","0.4%","±0.6","7,733","±1,945","310","±293","4.0%","±3.7","10,673","±1,822","893","±576","8.4%","±4.8","4,545","±1,346","1,125","±647","24.8%","±12.9","7,398","±1,467","174","±183","2.4%","±2.5","3,985","±1,209","32","±57","0.8%","±1.4","28,848","±3,694","1,874","±790","6.5%","±2.6","14,086","±2,779","121","±141","0.9%","±1.0","12,015","±1,881","710","±387","5.9%","±3.1","22,027","±2,886","830","±500","3.8%","±2.2","64,956","±4,699","2,924","±1,154","4.5%","±1.7","6,617","±1,629","0","±211","0.0%","±2.8","9,174","±1,855","95","±128","1.0%","±1.4","86,763","±5,294","2,083","±791","2.4%","±0.9","6,831","±1,385","225","±229","3.3%","±3.5","9,675","±2,214","557","±525","5.8%","±5.1","4,225","±1,117","38","±63","0.9%","±1.6","4,761","±1,307","165","±207","3.5%","±4.2","10,034","±1,838","77","±116","0.8%","±1.2","131,468","±6,454","3,363","±1,009","2.6%","±0.8","6,416","±1,523","253","±224","3.9%","±3.2","52,232","±4,836","719","±440","1.4%","±0.8","11,363","±2,140","783","±747","6.9%","±5.9","11,751","±2,137","197","±191","1.7%","±1.7","9,190","±1,712","319","±236","3.5%","±2.5","4,151","±1,180","388","±403","9.3%","±9.4","6,283","±1,440","389","±396","6.2%","±6.4","17,704","±2,662","1,135","±605","6.4%","±3.2","5,655","±1,681","221","±236","3.9%","±4.2","8,182","±2,330","25","±44","0.3%","±0.5","16,721","±2,708","816","±596","4.9%","±3.6","4,980","±1,378","450","±355","9.0%","±7.0","4,454","±1,231","138","±136","3.1%","±3.1","2,715","±887","107","±188","3.9%","±6.6","3,856","±1,168","467","±604","12.1%","±14.5","5,615","±1,387","452","±400","8.0%","±6.8"
"Worked less than full-time, year-round in the past 12 months","13,539,231","±57,200","5,627,774","±40,226","41.6%","±0.2","355,866","±11,600","167,616","±8,804","47.1%","±1.8","2,272","±776","670","±399","29.5%","±15.1","2,453","±840","1,260","±644","51.4%","±17.0","4,575","±1,164","2,042","±833","44.6%","±13.1","8,806","±2,081","6,752","±1,858","76.7%","±8.0","6,196","±1,855","4,136","±1,596","66.8%","±13.1","1,577","±773","774","±564","49.1%","±24.3","13,508","±2,324","5,373","±1,420","39.8%","±7.1","5,118","±1,534","1,996","±982","39.0%","±14.5","16,691","±2,204","12,713","±2,170","76.2%","±6.3","8,899","±1,465","4,841","±1,102","54.4%","±8.4","33,022","±3,274","14,242","±2,703","43.1%","±6.0","1,854","±838","1,014","±603","54.7%","±21.8","2,651","±1,005","1,075","±671","40.6%","±17.8","41,316","±3,851","17,428","±2,635","42.2%","±5.3","3,904","±1,046","2,201","±924","56.4%","±15.3","3,115","±1,096","1,106","±607","35.5%","±16.7","2,768","±888","763","±579","27.6%","±18.3","3,779","±1,027","1,479","±589","39.1%","±12.3","3,574","±954","1,250","±451","35.0%","±14.0","46,800","±3,755","19,999","±2,611","42.7%","±3.8","3,297","±1,097","1,773","±864","53.8%","±15.1","24,152","±3,638","8,729","±2,193","36.1%","±6.8","4,730","±1,056","1,634","±595","34.5%","±10.0","5,973","±1,301","2,041","±783","34.2%","±11.5","2,369","±923","636","±423","26.8%","±14.4","1,509","±551","654","±359","43.3%","±20.1","7,189","±1,852","4,734","±1,518","65.9%","±11.2","7,910","±1,523","4,067","±1,185","51.4%","±10.3","2,272","±1,088","818","±711","36.0%","±23.8","3,190","±1,093","1,270","±637","39.8%","±14.4","7,514","±1,719","3,775","±1,357","50.2%","±12.0","1,866","±799","530","±393","28.4%","±18.7","1,651","±673","1,143","±531","69.2%","±17.0","2,558","±914","1,628","±764","63.6%","±15.8","1,769","±881","485","±537","27.4%","±26.4","2,157","±788","1,001","±480","46.4%","±16.0"
"Did not work","20,848,235","±66,815","9,510,981","±56,367","45.6%","±0.2","588,031","±11,670","296,654","±9,868","50.4%","±1.2","3,823","±933","2,043","±845","53.4%","±13.4","4,889","±1,114","2,492","±816","51.0%","±12.1","13,277","±1,940","5,991","±1,257","45.1%","±6.4","4,525","±1,540","2,841","±1,298","62.8%","±12.5","7,769","±1,253","3,344","±863","43.0%","±8.3","3,147","±722","1,021","±493","32.4%","±13.7","18,955","±2,794","9,032","±2,149","47.6%","±6.8","9,140","±2,056","3,213","±1,487","35.2%","±12.2","14,154","±2,690","10,860","±2,430","76.7%","±5.3","11,488","±2,076","6,528","±1,648","56.8%","±8.4","28,734","±3,203","11,416","±2,270","39.7%","±5.6","5,705","±1,241","2,639","±1,027","46.3%","±12.8","7,531","±1,521","3,458","±1,186","45.9%","±10.8","39,918","±3,285","20,857","±2,278","52.2%","±4.1","7,752","±1,072","4,960","±902","64.0%","±7.1","6,334","±1,400","2,839","±1,161","44.8%","±12.8","4,772","±1,029","1,466","±697","30.7%","±12.7","7,080","±1,389","3,451","±973","48.7%","±7.7","6,030","±1,031","2,057","±664","34.1%","±8.8","65,551","±4,165","33,572","±3,432","51.2%","±3.4","6,483","±1,121","2,997","±842","46.2%","±10.9","26,763","±3,015","12,648","±2,400","47.3%","±6.1","8,527","±1,392","3,551","±908","41.6%","±7.0","8,664","±1,717","4,310","±1,480","49.7%","±10.5","8,665","±1,983","5,406","±1,758","62.4%","±9.2","3,058","±773","1,304","±513","42.6%","±11.7","8,059","±1,452","4,288","±1,067","53.2%","±8.7","13,182","±1,607","7,310","±1,497","55.5%","±7.0","6,695","±1,836","3,943","±1,432","58.9%","±10.6","5,348","±1,542","2,517","±1,089","47.1%","±12.7","16,843","±2,311","10,537","±1,849","62.6%","±5.8","4,295","±1,238","2,291","±882","53.3%","±12.8","3,832","±811","1,720","±578","44.9%","±10.4","4,521","±1,111","2,114","±870","46.8%","±12.1","4,477","±1,146","2,227","±892","49.7%","±13.0","6,089","±1,305","3,181","±867","52.2%","±10.2"
"PERCENT IMPUTED","","","","","","","","","","","","","","","","","","","","","","","","","","","","","","","","","","","","","","","","","","","","","","","","","","","","","","","","","","","","","","","","","","","","","","","","","","","","","","","","","","","","","","","","","","","","","","","","","","","","","","","","","","","","","","","","","","","","","","","","","","","","","","","","","","","","","","","","","","","","","","","","","","","","","","","","","","","","","","","","","","","","","","","","","","","","","","","","","","","","","","","","","","","","","","","","","","","","","","","","","","","","","","","","","","","","","","","","","","","","","","","","","","","",""
"    Poverty status for individuals","28.9%","(X)","(X)","(X)","(X)","(X)","29.5%","(X)","(X)","(X)","(X)","(X)","22.1%","(X)","(X)","(X)","(X)","(X)","36.7%","(X)","(X)","(X)","(X)","(X)","33.9%","(X)","(X)","(X)","(X)","(X)","34.4%","(X)","(X)","(X)","(X)","(X)","27.0%","(X)","(X)","(X)","(X)","(X)","19.4%","(X)","(X)","(X)","(X)","(X)","32.7%","(X)","(X)","(X)","(X)","(X)","32.8%","(X)","(X)","(X)","(X)","(X)","22.5%","(X)","(X)","(X)","(X)","(X)","24.9%","(X)","(X)","(X)","(X)","(X)","24.2%","(X)","(X)","(X)","(X)","(X)","36.7%","(X)","(X)","(X)","(X)","(X)","38.9%","(X)","(X)","(X)","(X)","(X)","27.5%","(X)","(X)","(X)","(X)","(X)","36.1%","(X)","(X)","(X)","(X)","(X)","28.8%","(X)","(X)","(X)","(X)","(X)","33.5%","(X)","(X)","(X)","(X)","(X)","27.8%","(X)","(X)","(X)","(X)","(X)","32.1%","(X)","(X)","(X)","(X)","(X)","28.1%","(X)","(X)","(X)","(X)","(X)","29.3%","(X)","(X)","(X)","(X)","(X)","26.6%","(X)","(X)","(X)","(X)","(X)","28.1%","(X)","(X)","(X)","(X)","(X)","21.8%","(X)","(X)","(X)","(X)","(X)","33.6%","(X)","(X)","(X)","(X)","(X)","26.6%","(X)","(X)","(X)","(X)","(X)","28.8%","(X)","(X)","(X)","(X)","(X)","29.0%","(X)","(X)","(X)","(X)","(X)","23.7%","(X)","(X)","(X)","(X)","(X)","32.1%","(X)","(X)","(X)","(X)","(X)","40.8%","(X)","(X)","(X)","(X)","(X)","31.2%","(X)","(X)","(X)","(X)","(X)","43.4%","(X)","(X)","(X)","(X)","(X)","31.2%","(X)","(X)","(X)","(X)","(X)","32.8%","(X)","(X)","(X)","(X)","(X)","21.2%","(X)","(X)","(X)","(X)","(X)"