"Label (Grouping)","United States!!Number!!Estimate","United States!!Number!!Margin of Error","United States!!Percent Distribution!!Estimate","United States!!Percent Distribution!!Margin of Error","United States!!Median income (dollars)!!Estimate","United States!!Median income (dollars)!!Margin of Error","Georgia!!Number!!Estimate","Georgia!!Number!!Margin of Error","Georgia!!Percent Distribution!!Estimate","Georgia!!Percent Distribution!!Margin of Error","Georgia!!Median income (dollars)!!Estimate","Georgia!!Median income (dollars)!!Margin of Error","Barrow County, Georgia!!Number!!Estimate","Barrow County, Georgia!!Number!!Margin of Error","Barrow County, Georgia!!Percent Distribution!!Estimate","Barrow County, Georgia!!Percent Distribution!!Margin of Error","Barrow County, Georgia!!Median income (dollars)!!Estimate","Barrow County, Georgia!!Median income (dollars)!!Margin of Error","Bartow County, Georgia!!Number!!Estimate","Bartow County, Georgia!!Number!!Margin of Error","Bartow County, Georgia!!Percent Distribution!!Estimate","Bartow County, Georgia!!Percent Distribution!!Margin of Error","Bartow County, Georgia!!Median income (dollars)!!Estimate","Bartow County, Georgia!!Median income (dollars)!!Margin of Error","Bibb County, Georgia!!Number!!Estimate","Bibb County, Georgia!!Number!!Margin of Error","Bibb County, Georgia!!Percent Distribution!!Estimate","Bibb County, Georgia!!Percent Distribution!!Margin of Error","Bibb County, Georgia!!Median income (dollars)!!Estimate","Bibb County, Georgia!!Median income (dollars)!!Margin of Error","Bulloch County, Georgia!!Number!!Estimate","Bulloch County, Georgia!!Number!!Margin of Error","Bulloch County, Georgia!!Percent Distribution!!Estimate","Bulloch County, Georgia!!Percent Distribution!!Margin of Error","Bulloch County, Georgia!!Median income (dollars)!!Estimate","Bulloch County, Georgia!!Median income (dollars)!!Margin of Error","Carroll County, Georgia!!Number!!Estimate","Carroll County, Georgia!!Number!!Margin of Error","Carroll County, Georgia!!Percent Distribution!!Estimate","Carroll County, Georgia!!Percent Distribution!!Margin of Error","Carroll County, Georgia!!Median income (dollars)!!Estimate","Carroll County, Georgia!!Median income (dollars)!!Margin of Error","Catoosa County, Georgia!!Number!!Estimate","Catoosa County, Georgia!!Number!!Margin of Error","Catoosa County, Georgia!!Percent Distribution!!Estimate","Catoosa County, Georgia!!Percent Distribution!!Margin of Error","Catoosa County, Georgia!!Median income (dollars)!!Estimate","Catoosa County, Georgia!!Median income (dollars)!!Margin of Error","Chatham County, Georgia!!Number!!Estimate","Chatham County, Georgia!!Number!!Margin of Error","Chatham County, Georgia!!Percent Distribution!!Estimate","Chatham County, Georgia!!Percent Distribution!!Margin of Error","Chatham County, Georgia!!Median income (dollars)!!Estimate","Chatham County, Georgia!!Median income (dollars)!!Margin of Error","Cherokee County, Georgia!!Number!!Estimate","Cherokee County, Georgia!!Number!!Margin of Error","Cherokee County, Georgia!!Percent Distribution!!Estimate","Cherokee County, Georgia!!Percent Distribution!!Margin of Error","Cherokee County, Georgia!!Median income (dollars)!!Estimate","Cherokee County, Georgia!!Median income (dollars)!!Margin of Error","Clarke County, Georgia!!Number!!Estimate","Clarke County, Georgia!!Number!!Margin of Error","Clarke County, Georgia!!Percent Distribution!!Estimate","Clarke County, Georgia!!Percent Distribution!!Margin of Error","Clarke County, Georgia!!Median income (dollars)!!Estimate","Clarke County, Georgia!!Median income (dollars)!!Margin of Error","Clayton County, Georgia!!Number!!Estimate","Clayton County, Georgia!!Number!!Margin of Error","Clayton County, Georgia!!Percent Distribution!!Estimate","Clayton County, Georgia!!Percent Distribution!!Margin of Error","Clayton County, Georgia!!Median income (dollars)!!Estimate","Clayton County, Georgia!!Median income (dollars)!!Margin of Error","Cobb County, Georgia!!Number!!Estimate","Cobb County, Georgia!!Number!!Margin of Error","Cobb County, Georgia!!Percent Distribution!!Estimate","Cobb County, Georgia!!Percent Distribution!!Margin of Error","Cobb County, Georgia!!Median income (dollars)!!Estimate","Cobb County, Georgia!!Median income (dollars)!!Margin of Error","Columbia County, Georgia!!Number!!Estimate","Columbia County, Georgia!!Number!!Margin of Error","Columbia County, Georgia!!Percent Distribution!!Estimate","Columbia County, Georgia!!Percent Distribution!!Margin of Error","Columbia County, Georgia!!Median income (dollars)!!Estimate","Columbia County, Georgia!!Median income (dollars)!!Margin of Error","Coweta County, Georgia!!Number!!Estimate","Coweta County, Georgia!!Number!!Margin of Error","Coweta County, Georgia!!Percent Distribution!!Estimate","Coweta County, Georgia!!Percent Distribution!!Margin of Error","Coweta County, Georgia!!Median income (dollars)!!Estimate","Coweta County, Georgia!!Median income (dollars)!!Margin of Error","DeKalb County, Georgia!!Number!!Estimate","DeKalb County, Georgia!!Number!!Margin of Error","DeKalb County, Georgia!!Percent Distribution!!Estimate","DeKalb County, Georgia!!Percent Distribution!!Margin of Error","DeKalb County, Georgia!!Median income (dollars)!!Estimate","DeKalb County, Georgia!!Median income (dollars)!!Margin of Error","Dougherty County, Georgia!!Number!!Estimate","Dougherty County, Georgia!!Number!!Margin of Error","Dougherty County, Georgia!!Percent Distribution!!Estimate","Dougherty County, Georgia!!Percent Distribution!!Margin of Error","Dougherty County, Georgia!!Median income (dollars)!!Estimate","Dougherty County, Georgia!!Median income (dollars)!!Margin of Error","Douglas County, Georgia!!Number!!Estimate","Douglas County, Georgia!!Number!!Margin of Error","Douglas County, Georgia!!Percent Distribution!!Estimate","Douglas County, Georgia!!Percent Distribution!!Margin of Error","Douglas County, Georgia!!Median income (dollars)!!Estimate","Douglas County, Georgia!!Median income (dollars)!!Margin of Error","Effingham County, Georgia!!Number!!Estimate","Effingham County, Georgia!!Number!!Margin of Error","Effingham County, Georgia!!Percent Distribution!!Estimate","Effingham County, Georgia!!Percent Distribution!!Margin of Error","Effingham County, Georgia!!Median income (dollars)!!Estimate","Effingham County, Georgia!!Median income (dollars)!!Margin of Error","Fayette County, Georgia!!Number!!Estimate","Fayette County, Georgia!!Number!!Margin of Error","Fayette County, Georgia!!Percent Distribution!!Estimate","Fayette County, Georgia!!Percent Distribution!!Margin of Error","Fayette County, Georgia!!Median income (dollars)!!Estimate","Fayette County, Georgia!!Median income (dollars)!!Margin of Error","Floyd County, Georgia!!Number!!Estimate","Floyd County, Georgia!!Number!!Margin of Error","Floyd County, Georgia!!Percent Distribution!!Estimate","Floyd County, Georgia!!Percent Distribution!!Margin of Error","Floyd County, Georgia!!Median income (dollars)!!Estimate","Floyd County, Georgia!!Median income (dollars)!!Margin of Error","Forsyth County, Georgia!!Number!!Estimate","Forsyth County, Georgia!!Number!!Margin of Error","Forsyth County, Georgia!!Percent Distribution!!Estimate","Forsyth County, Georgia!!Percent Distribution!!Margin of Error","Forsyth County, Georgia!!Median income (dollars)!!Estimate","Forsyth County, Georgia!!Median income (dollars)!!Margin of Error","Fulton County, Georgia!!Number!!Estimate","Fulton County, Georgia!!Number!!Margin of Error","Fulton County, Georgia!!Percent Distribution!!Estimate","Fulton County, Georgia!!Percent Distribution!!Margin of Error","Fulton County, Georgia!!Median income (dollars)!!Estimate","Fulton County, Georgia!!Median income (dollars)!!Margin of Error","Glynn County, Georgia!!Number!!Estimate","Glynn County, Georgia!!Number!!Margin of Error","Glynn County, Georgia!!Percent Distribution!!Estimate","Glynn County, Georgia!!Percent Distribution!!Margin of Error","Glynn County, Georgia!!Median income (dollars)!!Estimate","Glynn County, Georgia!!Median income (dollars)!!Margin of Error","Gwinnett County, Georgia!!Number!!Estimate","Gwinnett County, Georgia!!Number!!Margin of Error","Gwinnett County, Georgia!!Percent Distribution!!Estimate","Gwinnett County, Georgia!!Percent Distribution!!Margin of Error","Gwinnett County, Georgia!!Median income (dollars)!!Estimate","Gwinnett County, Georgia!!Median income (dollars)!!Margin of Error","Hall County, Georgia!!Number!!Estimate","Hall County, Georgia!!Number!!Margin of Error","Hall County, Georgia!!Percent Distribution!!Estimate","Hall County, Georgia!!Percent Distribution!!Margin of Error","Hall County, Georgia!!Median income (dollars)!!Estimate","Hall County, Georgia!!Median income (dollars)!!Margin of Error","Henry County, Georgia!!Number!!Estimate","Henry County, Georgia!!Number!!Margin of Error","Henry County, Georgia!!Percent Distribution!!Estimate","Henry County, Georgia!!Percent Distribution!!Margin of Error","Henry County, Georgia!!Median income (dollars)!!Estimate","Henry County, Georgia!!Median income (dollars)!!Margin of Error","Houston County, Georgia!!Number!!Estimate","Houston County, Georgia!!Number!!Margin of Error","Houston County, Georgia!!Percent Distribution!!Estimate","Houston County, Georgia!!Percent Distribution!!Margin of Error","Houston County, Georgia!!Median income (dollars)!!Estimate","Houston County, Georgia!!Median income (dollars)!!Margin of Error","Jackson County, Georgia!!Number!!Estimate","Jackson County, Georgia!!Number!!Margin of Error","Jackson County, Georgia!!Percent Distribution!!Estimate","Jackson County, Georgia!!Percent Distribution!!Margin of Error","Jackson County, Georgia!!Median income (dollars)!!Estimate","Jackson County, Georgia!!Median income (dollars)!!Margin of Error","Liberty County, Georgia!!Number!!Estimate","Liberty County, Georgia!!Number!!Margin of Error","Liberty County, Georgia!!Percent Distribution!!Estimate","Liberty County, Georgia!!Percent Distribution!!Margin of Error","Liberty County, Georgia!!Median income (dollars)!!Estimate","Liberty County, Georgia!!Median income (dollars)!!Margin of Error","Lowndes County, Georgia!!Number!!Estimate","Lowndes County, Georgia!!Number!!Margin of Error","Lowndes County, Georgia!!Percent Distribution!!Estimate","Lowndes County, Georgia!!Percent Distribution!!Margin of Error","Lowndes County, Georgia!!Median income (dollars)!!Estimate","Lowndes County, Georgia!!Median income (dollars)!!Margin of Error","Muscogee County, Georgia!!Number!!Estimate","Muscogee County, Georgia!!Number!!Margin of Error","Muscogee County, Georgia!!Percent Distribution!!Estimate","Muscogee County, Georgia!!Percent Distribution!!Margin of Error","Muscogee County, Georgia!!Median income (dollars)!!Estimate","Muscogee County, Georgia!!Median income (dollars)!!Margin of Error","Newton County, Georgia!!Number!!Estimate","Newton County, Georgia!!Number!!Margin of Error","Newton County, Georgia!!Percent Distribution!!Estimate","Newton County, Georgia!!Percent Distribution!!Margin of Error","Newton County, Georgia!!Median income (dollars)!!Estimate","Newton County, Georgia!!Median income (dollars)!!Margin of Error","Paulding County, Georgia!!Number!!Estimate","Paulding County, Georgia!!Number!!Margin of Error","Paulding County, Georgia!!Percent Distribution!!Estimate","Paulding County, Georgia!!Percent Distribution!!Margin of Error","Paulding County, Georgia!!Median income (dollars)!!Estimate","Paulding County, Georgia!!Median income (dollars)!!Margin of Error","Richmond County, Georgia!!Number!!Estimate","Richmond County, Georgia!!Number!!Margin of Error","Richmond County, Georgia!!Percent Distribution!!Estimate","Richmond County, Georgia!!Percent Distribution!!Margin of Error","Richmond County, Georgia!!Median income (dollars)!!Estimate","Richmond County, Georgia!!Median income (dollars)!!Margin of Error","Rockdale County, Georgia!!Number!!Estimate","Rockdale County, Georgia!!Number!!Margin of Error","Rockdale County, Georgia!!Percent Distribution!!Estimate","Rockdale County, Georgia!!Percent Distribution!!Margin of Error","Rockdale County, Georgia!!Median income (dollars)!!Estimate","Rockdale County, Georgia!!Median income (dollars)!!Margin of Error","Spalding County, Georgia!!Number!!Estimate","Spalding County, Georgia!!Number!!Margin of Error","Spalding County, Georgia!!Percent Distribution!!Estimate","Spalding County, Georgia!!Percent Distribution!!Margin of Error","Spalding County, Georgia!!Median income (dollars)!!Estimate","Spalding County, Georgia!!Median income (dollars)!!Margin of Error","Troup County, Georgia!!Number!!Estimate","Troup County, Georgia!!Number!!Margin of Error","Troup County, Georgia!!Percent Distribution!!Estimate","Troup County, Georgia!!Percent Distribution!!Margin of Error","Troup County, Georgia!!Median income (dollars)!!Estimate","Troup County, Georgia!!Median income (dollars)!!Margin of Error","Walker County, Georgia!!Number!!Estimate","Walker County, Georgia!!Number!!Margin of Error","Walker County, Georgia!!Percent Distribution!!Estimate","Walker County, Georgia!!Percent Distribution!!Margin of Error","Walker County, Georgia!!Median income (dollars)!!Estimate","Walker County, Georgia!!Median income (dollars)!!Margin of Error","Walton County, Georgia!!Number!!Estimate","Walton County, Georgia!!Number!!Margin of Error","Walton County, Georgia!!Percent Distribution!!Estimate","Walton County, Georgia!!Percent Distribution!!Margin of Error","Walton County, Georgia!!Median income (dollars)!!Estimate","Walton County, Georgia!!Median income (dollars)!!Margin of Error","Whitfield County, Georgia!!Number!!Estimate","Whitfield County, Georgia!!Number!!Margin of Error","Whitfield County, Georgia!!Percent Distribution!!Estimate","Whitfield County, Georgia!!Percent Distribution!!Margin of Error","Whitfield County, Georgia!!Median income (dollars)!!Estimate","Whitfield County, Georgia!!Median income (dollars)!!Margin of Error"
"HOUSEHOLD INCOME BY RACE AND HISPANIC OR LATINO ORIGIN OF HOUSEHOLDER","","","","","","","","","","","","","","","","","","","","","","","","","","","","","","","","","","","","","","","","","","","","","","","","","","","","","","","","","","","","","","","","","","","","","","","","","","","","","","","","","","","","","","","","","","","","","","","","","","","","","","","","","","","","","","","","","","","","","","","","","","","","","","","","","","","","","","","","","","","","","","","","","","","","","","","","","","","","","","","","","","","","","","","","","","","","","","","","","","","","","","","","","","","","","","","","","","","","","","","","","","","","","","","","","","","","","","","","","","","","","","","","","","","","","","","","","","","","","","","","","","","","","",""
"    Households","129,870,928","±136,261","129,870,928","±136,261","74,755","±148","4,092,467","±12,679","4,092,467","±12,679","72,837","±640","30,950","±791","30,950","±791","78,216","±7,139","40,620","±1,188","40,620","±1,188","84,590","±6,878","62,061","±2,004","62,061","±2,004","47,625","±4,935","31,804","±945","31,804","±945","47,297","±4,556","44,841","±1,067","44,841","±1,067","72,595","±6,750","27,083","±791","27,083","±791","67,081","±7,365","121,527","±2,196","121,527","±2,196","64,157","±4,680","103,550","±944","103,550","±944","99,234","±4,221","53,504","±1,341","53,504","±1,341","47,171","±8,375","108,274","±1,631","108,274","±1,631","58,325","±3,902","298,239","±2,714","298,239","±2,714","97,084","±2,558","55,346","±1,781","55,346","±1,781","93,307","±6,566","56,409","±1,178","56,409","±1,178","84,747","±8,671","279,861","±3,997","279,861","±3,997","77,169","±3,201","34,210","±1,385","34,210","±1,385","41,425","±3,573","52,654","±1,308","52,654","±1,308","80,933","±4,805","23,911","±827","23,911","±827","89,885","±8,190","44,353","±1,070","44,353","±1,070","108,643","±7,913","38,087","±901","38,087","±901","56,420","±7,214","88,874","±1,233","88,874","±1,233","129,410","±5,834","464,061","±3,787","464,061","±3,787","90,346","±3,069","36,147","±1,408","36,147","±1,408","63,228","±4,630","327,019","±2,287","327,019","±2,287","83,901","±2,224","74,331","±1,630","74,331","±1,630","76,888","±4,181","86,344","±1,575","86,344","±1,575","81,988","±4,545","62,653","±2,125","62,653","±2,125","71,068","±4,049","28,145","±850","28,145","±850","83,843","±8,666","24,023","±1,103","24,023","±1,103","61,546","±4,938","46,126","±1,374","46,126","±1,374","52,307","±3,950","80,694","±1,869","80,694","±1,869","53,750","±3,828","41,348","±1,241","41,348","±1,241","73,579","±5,753","60,903","±1,155","60,903","±1,155","86,847","±5,687","75,848","±2,279","75,848","±2,279","49,915","±5,906","33,522","±952","33,522","±952","73,998","±7,550","27,205","±845","27,205","±845","54,803","±11,356","27,213","±1,019","27,213","±1,019","57,988","±13,347","27,195","±939","27,195","±939","52,957","±4,213","36,248","±720","36,248","±720","86,240","±10,862","36,757","±1,074","36,757","±1,074","61,037","±8,179"
"        One race--","","","","","","","","","","","","","","","","","","","","","","","","","","","","","","","","","","","","","","","","","","","","","","","","","","","","","","","","","","","","","","","","","","","","","","","","","","","","","","","","","","","","","","","","","","","","","","","","","","","","","","","","","","","","","","","","","","","","","","","","","","","","","","","","","","","","","","","","","","","","","","","","","","","","","","","","","","","","","","","","","","","","","","","","","","","","","","","","","","","","","","","","","","","","","","","","","","","","","","","","","","","","","","","","","","","","","","","","","","","","","","","","","","","","","","","","","","","","","","","","","","","","","",""
"            White","86,507,854","±118,987","66.6%","±0.1","79,933","±202","2,253,820","±12,954","55.1%","±0.3","82,397","±999","22,430","±1,075","72.5%","±3.1","76,782","±7,997","33,605","±1,518","82.7%","±2.4","86,033","±6,779","23,614","±1,336","38.0%","±2.1","69,061","±12,591","21,107","±1,015","66.4%","±3.2","56,083","±3,405","33,804","±1,064","75.4%","±1.8","74,472","±5,332","24,320","±959","89.8%","±2.5","69,743","±7,684","64,352","±1,813","53.0%","±1.2","81,402","±4,651","84,395","±1,786","81.5%","±1.6","101,457","±4,206","32,576","±1,416","60.9%","±2.4","55,949","±7,402","11,555","±1,155","10.7%","±1.1","54,770","±18,985","163,076","±3,302","54.7%","±1.0","108,706","±3,120","38,498","±1,816","69.6%","±2.2","94,087","±6,647","42,631","±1,679","75.6%","±2.2","96,332","±7,052","100,962","±2,749","36.1%","±1.0","120,298","±5,699","8,303","±754","24.3%","±2.2","52,303","±9,813","19,152","±1,064","36.4%","±1.9","76,349","±7,150","18,797","±1,157","78.6%","±4.1","92,867","±10,874","27,654","±1,166","62.3%","±2.3","111,671","±16,262","28,360","±1,097","74.5%","±2.6","66,206","±8,033","61,691","±1,821","69.4%","±1.8","126,863","±5,207","197,461","±3,658","42.6%","±0.8","126,815","±4,282","24,632","±1,358","68.1%","±2.8","71,534","±8,605","126,035","±3,010","38.5%","±0.9","93,385","±1,861","53,205","±2,065","71.6%","±2.3","78,430","±7,338","31,455","±1,563","36.4%","±1.7","87,483","±10,240","34,461","±2,042","55.0%","±2.5","84,465","±4,547","24,144","±984","85.8%","±2.6","84,479","±9,824","8,682","±710","36.1%","±3.0","69,366","±8,860","25,000","±1,552","54.2%","±2.9","63,217","±6,800","32,266","±2,034","40.0%","±2.3","69,372","±6,152","18,728","±1,104","45.3%","±2.4","67,681","±10,212","40,417","±1,779","66.4%","±2.8","90,273","±5,392","27,082","±1,792","35.7%","±1.9","64,089","±6,293","9,360","±838","27.9%","±2.3","68,472","±13,305","15,515","±1,015","57.0%","±3.3","73,302","±6,714","15,790","±1,209","58.0%","±4.1","75,031","±10,805","24,484","±992","90.0%","±2.3","54,184","±4,727","26,224","±1,212","72.3%","±3.4","87,360","±12,797","24,678","±1,253","67.1%","±3.3","72,041","±12,187"
"            Black or African American","15,698,613","±43,847","12.1%","±0.1","51,374","±331","1,268,162","±13,129","31.0%","±0.3","57,293","±1,518","N","N","N","N","89,714","±24,237","N","N","N","N","54,254","±39,262","31,680","±1,991","51.0%","±2.3","34,781","±3,537","8,203","±1,124","25.8%","±3.4","38,704","±6,040","7,180","±1,027","16.0%","±2.2","69,593","±14,283","N","N","N","N","69,404","±33,435","44,983","±2,083","37.0%","±1.5","46,978","±4,047","N","N","N","N","98,895","±17,667","13,538","±1,246","25.3%","±2.2","38,293","±9,441","78,146","±2,626","72.2%","±2.0","57,375","±5,042","83,419","±2,839","28.0%","±0.9","74,789","±7,448","10,850","±1,220","19.6%","±2.2","95,452","±34,245","8,777","±1,081","15.6%","±1.9","44,655","±5,056","135,298","±4,136","48.3%","±1.2","63,374","±2,190","23,911","±1,275","69.9%","±2.1","34,914","±6,498","27,372","±1,418","52.0%","±2.2","84,438","±15,167","N","N","N","N","81,457","±22,075","10,956","±1,124","24.7%","±2.4","106,242","±16,603","N","N","N","N","30,393","±23,804","N","N","N","N","96,479","±23,490","191,336","±4,552","41.2%","±0.9","62,395","±2,771","N","N","N","N","48,675","±9,821","97,578","±3,400","29.8%","±1.0","78,191","±6,414","N","N","N","N","75,334","±31,435","44,457","±1,918","51.5%","±2.1","80,594","±7,046","21,878","±1,730","34.9%","±2.7","46,162","±8,808","N","N","N","N","32,827","±16,290","10,913","±1,190","45.4%","±4.2","62,093","±19,674","16,624","±1,639","36.0%","±3.4","42,556","±4,405","39,143","±2,056","48.5%","±2.2","43,583","±7,147","18,283","±1,399","44.2%","±3.2","77,698","±11,410","N","N","N","N","79,799","±20,192","41,748","±1,885","55.0%","±2.1","43,858","±4,429","20,700","±1,294","61.8%","±3.4","78,319","±11,604","10,486","±1,041","38.5%","±3.6","34,169","±5,378","9,512","±1,171","35.0%","±4.1","38,267","±9,226","N","N","N","N","N","N","N","N","N","N","82,649","±31,620","N","N","N","N","32,202","±10,753"
"            American Indian and Alaska Native","1,037,975","±13,304","0.8%","±0.1","58,082","±1,043","15,327","±2,107","0.4%","±0.1","56,084","±7,415","N","N","N","N","-","**","N","N","N","N","-","**","N","N","N","N","-","**","N","N","N","N","N","N","N","N","N","N","N","N","N","N","N","N","-","**","N","N","N","N","42,281","±40,948","N","N","N","N","56,685","±6,358","N","N","N","N","-","**","N","N","N","N","N","N","N","N","N","N","N","N","N","N","N","N","-","**","N","N","N","N","-","**","N","N","N","N","41,441","±9,493","N","N","N","N","-","**","N","N","N","N","-","**","N","N","N","N","-","**","N","N","N","N","-","**","N","N","N","N","-","**","N","N","N","N","153,555","±21,430","N","N","N","N","103,191","±60,877","N","N","N","N","-","**","N","N","N","N","77,583","±73,664","N","N","N","N","72,782","±49,093","N","N","N","N","N","N","N","N","N","N","-","**","N","N","N","N","-","**","N","N","N","N","-","**","N","N","N","N","-","**","N","N","N","N","86,044","±5,934","N","N","N","N","-","**","N","N","N","N","-","**","N","N","N","N","N","N","N","N","N","N","-","**","N","N","N","N","-","**","N","N","N","N","-","**","N","N","N","N","-","**","N","N","N","N","33,385","±28,859","N","N","N","N","79,000","±47,643"
"            Asian","6,792,055","±29,176","5.2%","±0.1","106,954","±596","164,768","±4,302","4.0%","±0.1","102,973","±4,970","N","N","N","N","82,247","±49,686","N","N","N","N","N","N","N","N","N","N","53,239","±27,309","N","N","N","N","N","N","N","N","N","N","104,363","±33,362","N","N","N","N","-","**","N","N","N","N","71,128","±18,375","N","N","N","N","98,261","±30,081","N","N","N","N","33,212","±27,257","N","N","N","N","59,620","±10,546","14,824","±1,426","5.0%","±0.5","114,830","±11,272","N","N","N","N","120,099","±47,836","N","N","N","N","N","N","16,565","±1,425","5.9%","±0.5","90,525","±23,053","N","N","N","N","N","N","N","N","N","N","76,250","±75,650","N","N","N","N","103,036","±37,757","N","N","N","N","104,049","±56,704","N","N","N","N","-","**","N","N","N","N","185,414","±23,740","31,688","±1,742","6.8%","±0.4","134,573","±9,753","N","N","N","N","N","N","42,645","±2,227","13.0%","±0.7","86,142","±8,999","N","N","N","N","55,607","±33,272","N","N","N","N","108,296","±42,369","N","N","N","N","67,635","±60,565","N","N","N","N","85,264","±55,933","N","N","N","N","N","N","N","N","N","N","152,649","±128,082","N","N","N","N","84,770","±36,964","N","N","N","N","N","N","N","N","N","N","85,538","±53,313","N","N","N","N","59,375","±27,541","N","N","N","N","-","**","N","N","N","N","-","**","N","N","N","N","N","N","N","N","N","N","-","**","N","N","N","N","N","N","N","N","N","N","-","**"
"            Native Hawaiian and Other Pacific Islander","198,120","±7,499","0.2%","±0.1","72,411","±4,269","N","N","N","N","72,597","±21,762","N","N","N","N","-","**","N","N","N","N","-","**","N","N","N","N","-","**","N","N","N","N","-","**","N","N","N","N","-","**","N","N","N","N","-","**","N","N","N","N","-","**","N","N","N","N","-","**","N","N","N","N","-","**","N","N","N","N","-","**","N","N","N","N","-","**","N","N","N","N","-","**","N","N","N","N","-","**","N","N","N","N","-","**","N","N","N","N","-","**","N","N","N","N","-","**","N","N","N","N","-","**","N","N","N","N","-","**","N","N","N","N","-","**","N","N","N","N","-","**","N","N","N","N","-","**","N","N","N","N","-","**","N","N","N","N","-","**","N","N","N","N","-","**","N","N","N","N","-","**","N","N","N","N","-","**","N","N","N","N","-","**","N","N","N","N","-","**","N","N","N","N","-","**","N","N","N","N","-","**","N","N","N","N","-","**","N","N","N","N","-","**","N","N","N","N","-","**","N","N","N","N","-","**","N","N","N","N","-","**","N","N","N","N","-","**","N","N","N","N","-","**","N","N","N","N","-","**","N","N","N","N","-","**"
"            Some other race","7,100,710","±44,082","5.5%","±0.1","63,290","±455","127,363","±5,566","3.1%","±0.1","61,497","±3,596","N","N","N","N","74,797","±11,468","N","N","N","N","90,900","±26,311","N","N","N","N","51,284","±40,546","N","N","N","N","N","N","N","N","N","N","N","N","N","N","N","N","N","N","N","N","N","N","40,307","±19,230","N","N","N","N","87,758","±53,531","N","N","N","N","69,457","±66,180","N","N","N","N","63,700","±20,754","12,089","±1,976","4.1%","±0.7","75,166","±8,798","N","N","N","N","2,500-","***","N","N","N","N","N","N","8,997","±1,410","3.2%","±0.5","45,238","±9,320","N","N","N","N","N","N","N","N","N","N","65,422","±15,955","N","N","N","N","-","**","N","N","N","N","77,457","±51,935","N","N","N","N","43,041","±23,937","N","N","N","N","130,325","±15,660","14,686","±2,258","3.2%","±0.5","59,560","±18,404","N","N","N","N","44,970","±8,929","28,704","±2,489","8.8%","±0.8","64,850","±7,350","N","N","N","N","76,453","±11,682","N","N","N","N","59,263","±18,474","N","N","N","N","N","N","N","N","N","N","N","N","N","N","N","N","59,438","±29,192","N","N","N","N","N","N","N","N","N","N","41,705","±2,990","N","N","N","N","N","N","N","N","N","N","115,966","±29,920","N","N","N","N","41,696","±22,306","N","N","N","N","N","N","N","N","N","N","69,150","±26,001","N","N","N","N","N","N","N","N","N","N","N","N","N","N","N","N","150,875","±54,485","N","N","N","N","60,284","±17,728"
"        Two or more races","12,535,601","±69,877","9.7%","±0.1","69,704","±444","260,870","±8,809","6.4%","±0.2","72,520","±3,495","N","N","N","N","59,629","±38,973","N","N","N","N","84,417","±6,289","N","N","N","N","31,535","±5,855","N","N","N","N","28,044","±21,738","N","N","N","N","34,798","±28,493","N","N","N","N","58,979","±12,051","5,995","±1,408","4.9%","±1.2","58,152","±11,847","N","N","N","N","95,674","±9,099","N","N","N","N","57,837","±28,851","7,296","±2,013","6.7%","±1.9","71,380","±21,460","23,201","±2,851","7.8%","±1.0","97,031","±15,121","N","N","N","N","75,604","±37,850","N","N","N","N","81,522","±32,140","16,433","±2,044","5.9%","±0.7","70,979","±17,377","N","N","N","N","67,643","±36,818","N","N","N","N","91,706","±11,671","N","N","N","N","N","N","N","N","N","N","96,784","±70,719","N","N","N","N","57,587","±19,988","N","N","N","N","117,563","±31,582","28,362","±3,092","6.1%","±0.7","81,373","±9,871","N","N","N","N","66,813","±38,688","30,634","±3,483","9.4%","±1.1","85,983","±7,148","8,593","±1,607","11.6%","±2.1","77,700","±16,399","N","N","N","N","80,622","±19,645","N","N","N","N","74,691","±19,255","N","N","N","N","107,988","±16,606","N","N","N","N","38,810","±11,086","N","N","N","N","78,075","±4,883","N","N","N","N","52,469","±8,216","N","N","N","N","54,263","±41,220","N","N","N","N","68,390","±40,483","N","N","N","N","44,743","±15,116","N","N","N","N","96,861","±73,181","N","N","N","N","83,180","±32,823","N","N","N","N","88,151","±60,994","N","N","N","N","55,712","±20,301","N","N","N","N","65,968","±42,685","N","N","N","N","49,061","±16,880"
"        Hispanic or Latino origin (of any race)","18,824,389","±49,361","14.5%","±0.1","65,882","±345","305,485","±6,055","7.5%","±0.1","67,547","±2,675","N","N","N","N","70,485","±7,684","N","N","N","N","76,911","±21,938","N","N","N","N","N","N","N","N","N","N","24,777","±8,903","N","N","N","N","50,557","±18,970","N","N","N","N","79,235","±57,340","6,001","±1,031","4.9%","±0.9","61,813","±16,053","8,633","±959","8.3%","±0.9","76,540","±20,675","N","N","N","N","60,203","±31,394","11,355","±1,136","10.5%","±1.0","55,238","±8,540","28,343","±2,147","9.5%","±0.7","77,123","±7,617","N","N","N","N","56,966","±23,133","N","N","N","N","67,115","±25,829","18,640","±1,548","6.7%","±0.5","55,812","±8,953","N","N","N","N","N","N","N","N","N","N","75,163","±23,269","N","N","N","N","N","N","N","N","N","N","84,752","±54,583","N","N","N","N","45,397","±10,548","N","N","N","N","125,816","±20,103","26,784","±1,630","5.8%","±0.4","76,339","±6,360","N","N","N","N","54,385","±18,899","57,036","±2,270","17.4%","±0.7","73,963","±3,612","15,824","±1,305","21.3%","±1.7","76,675","±8,854","N","N","N","N","79,226","±28,430","N","N","N","N","67,643","±9,281","N","N","N","N","75,732","±13,220","N","N","N","N","45,163","±21,364","N","N","N","N","57,932","±19,113","N","N","N","N","48,041","±12,396","N","N","N","N","55,573","±33,908","N","N","N","N","85,183","±15,984","N","N","N","N","56,000","±26,011","N","N","N","N","73,186","±44,445","N","N","N","N","68,338","±16,910","N","N","N","N","51,647","±25,196","N","N","N","N","N","N","N","N","N","N","N","N","10,625","±1,073","28.9%","±2.7","60,529","±8,337"
"        White alone, not Hispanic or Latino","83,085,478","±102,926","64.0%","±0.1","80,404","±183","2,200,186","±12,553","53.8%","±0.3","82,642","±1,068","21,613","±1,031","69.8%","±3.1","78,454","±8,054","32,071","±1,251","79.0%","±2.0","86,454","±6,380","23,024","±1,153","37.1%","±1.8","70,820","±14,004","20,925","±1,040","65.8%","±3.2","56,218","±3,082","33,237","±1,034","74.1%","±1.7","75,105","±6,269","24,106","±1,024","89.0%","±2.5","69,306","±7,867","63,406","±1,798","52.2%","±1.2","81,697","±4,917","82,686","±1,701","79.9%","±1.5","102,115","±4,238","31,736","±1,431","59.3%","±2.4","55,691","±7,104","10,214","±777","9.4%","±0.8","54,417","±17,986","159,579","±3,198","53.5%","±0.9","108,827","±3,178","37,161","±1,761","67.1%","±2.4","93,847","±6,109","40,563","±1,579","71.9%","±2.1","97,842","±6,859","97,685","±2,571","34.9%","±0.9","120,967","±4,661","8,250","±760","24.1%","±2.2","52,207","±9,168","18,861","±1,060","35.8%","±1.9","76,392","±6,923","18,203","±1,137","76.1%","±4.0","91,672","±9,412","26,566","±1,118","59.9%","±2.3","111,436","±15,694","28,059","±1,106","73.7%","±2.5","64,873","±7,690","60,317","±1,745","67.9%","±1.7","126,758","±6,124","192,836","±3,541","41.6%","±0.8","127,565","±4,323","24,091","±1,314","66.6%","±2.7","71,399","±8,687","119,056","±2,608","36.4%","±0.8","94,639","±2,415","50,215","±1,896","67.6%","±2.0","80,176","±8,947","30,923","±1,503","35.8%","±1.6","89,772","±10,382","33,491","±1,989","53.5%","±2.4","85,112","±7,082","23,514","±867","83.5%","±2.4","86,621","±10,119","8,136","±660","33.9%","±2.8","70,655","±7,551","24,260","±1,552","52.6%","±2.9","63,925","±7,550","31,224","±1,979","38.7%","±2.3","69,324","±6,116","18,585","±1,096","44.9%","±2.3","68,100","±9,801","39,455","±1,845","64.8%","±2.8","90,788","±5,707","26,131","±1,665","34.5%","±1.8","64,847","±6,151","9,238","±844","27.6%","±2.4","67,128","±15,041","15,462","±1,010","56.8%","±3.3","73,474","±6,612","15,440","±1,243","56.7%","±4.3","74,977","±11,491","24,484","±992","90.0%","±2.3","54,184","±4,727","25,220","±1,155","69.6%","±3.2","85,744","±12,916","23,401","±1,152","63.7%","±2.8","70,425","±13,174"
"HOUSEHOLD INCOME BY AGE OF HOUSEHOLDER","","","","","","","","","","","","","","","","","","","","","","","","","","","","","","","","","","","","","","","","","","","","","","","","","","","","","","","","","","","","","","","","","","","","","","","","","","","","","","","","","","","","","","","","","","","","","","","","","","","","","","","","","","","","","","","","","","","","","","","","","","","","","","","","","","","","","","","","","","","","","","","","","","","","","","","","","","","","","","","","","","","","","","","","","","","","","","","","","","","","","","","","","","","","","","","","","","","","","","","","","","","","","","","","","","","","","","","","","","","","","","","","","","","","","","","","","","","","","","","","","","","","","",""
"    15 to 24 years","5,335,083","±45,029","4.1%","±0.1","42,079","±324","165,934","±6,979","4.1%","±0.2","41,018","±2,279","1,511","±835","4.9%","±2.7","68,229","±28,281","647","±417","1.6%","±1.0","71,353","±46,273","2,392","±774","3.9%","±1.2","34,965","±15,744","6,157","±1,060","19.4%","±3.2","25,593","±12,436","2,145","±854","4.8%","±1.9","38,438","±26,930","1,339","±545","4.9%","±2.0","73,010","±31,695","5,977","±946","4.9%","±0.8","32,413","±14,922","1,289","±587","1.2%","±0.6","49,623","±42,805","9,933","±1,401","18.6%","±2.4","21,227","±6,940","3,805","±1,392","3.5%","±1.3","30,999","±15,252","14,192","±2,236","4.8%","±0.7","54,787","±10,754","829","±491","1.5%","±0.9","26,441","±18,569","1,173","±644","2.1%","±1.1","60,469","±22,391","9,251","±1,740","3.3%","±0.6","46,916","±7,706","887","±653","2.6%","±1.9","12,274","±21,762","701","±657","1.3%","±1.2","2,500-","***","N","N","N","N","11,938","±30,295","N","N","N","N","52,333","±57,242","2,747","±730","7.2%","±1.9","46,432","±12,145","1,226","±531","1.4%","±0.6","86,955","±44,000","22,163","±2,536","4.8%","±0.5","53,973","±16,364","1,939","±972","5.4%","±2.6","29,168","±23,496","10,392","±2,068","3.2%","±0.6","51,988","±11,774","2,598","±879","3.5%","±1.2","57,786","±14,890","1,210","±839","1.4%","±1.0","47,067","±25,706","3,926","±1,427","6.3%","±2.2","36,206","±13,391","1,242","±462","4.4%","±1.6","36,770","±15,248","3,340","±1,100","13.9%","±4.3","50,893","±35,213","6,088","±1,244","13.2%","±2.5","43,309","±10,001","3,439","±876","4.3%","±1.1","35,566","±8,056","475","±410","1.1%","±1.0","147,526","±139,625","1,454","±803","2.4%","±1.3","91,872","±6,133","4,124","±1,191","5.4%","±1.5","35,278","±9,639","506","±536","1.5%","±1.6","-","**","947","±532","3.5%","±1.9","39,910","±29,549","1,192","±645","4.4%","±2.3","40,547","±4,378","1,080","±645","4.0%","±2.3","37,407","±28,608","463","±510","1.3%","±1.4","95,497","±112,181","1,265","±625","3.4%","±1.7","21,970","±34,187"
"    25 to 44 years","42,774,390","±75,253","32.9%","±0.1","83,783","±257","1,403,516","±11,641","34.3%","±0.3","78,182","±1,548","12,125","±1,018","39.2%","±3.1","85,282","±20,779","14,086","±1,208","34.7%","±2.7","98,398","±14,588","22,050","±1,644","35.5%","±2.3","43,955","±6,534","9,574","±1,362","30.1%","±4.1","52,947","±11,004","15,271","±1,202","34.1%","±2.4","86,013","±10,436","8,202","±815","30.3%","±2.8","71,559","±9,498","42,766","±2,260","35.2%","±1.6","61,143","±3,132","36,025","±1,807","34.8%","±1.7","101,225","±6,063","20,386","±1,684","38.1%","±3.0","58,515","±9,059","39,607","±2,490","36.6%","±2.2","54,594","±7,063","108,350","±3,039","36.3%","±0.9","101,849","±4,517","23,214","±1,824","41.9%","±2.9","102,119","±11,112","18,586","±1,790","32.9%","±3.1","96,557","±11,305","102,716","±3,850","36.7%","±1.1","83,947","±5,528","11,578","±1,016","33.8%","±2.8","35,650","±13,171","18,716","±1,255","35.5%","±2.1","80,952","±12,682","N","N","N","N","101,783","±14,798","N","N","N","N","116,335","±22,041","12,067","±1,207","31.7%","±3.0","70,023","±17,161","28,654","±1,648","32.2%","±1.8","140,275","±15,023","190,589","±4,002","41.1%","±0.8","96,097","±3,277","8,577","±1,426","23.7%","±3.8","68,286","±8,908","120,969","±3,473","37.0%","±1.0","83,129","±3,485","23,041","±1,669","31.0%","±2.0","81,526","±6,756","29,192","±2,091","33.8%","±2.3","74,857","±10,154","23,286","±2,230","37.2%","±3.2","69,858","±6,359","9,773","±959","34.7%","±3.1","96,809","±9,778","9,943","±1,362","41.4%","±5.1","62,096","±8,950","16,200","±1,600","35.1%","±3.2","59,204","±6,849","31,488","±2,168","39.0%","±2.4","58,426","±6,677","14,731","±1,255","35.6%","±2.9","76,562","±8,355","22,116","±2,054","36.3%","±3.4","91,905","±12,014","24,339","±2,015","32.1%","±2.3","53,263","±8,976","9,551","±1,453","28.5%","±4.1","77,044","±16,235","8,647","±1,268","31.8%","±4.4","44,038","±30,072","8,009","±1,293","29.4%","±4.5","55,615","±23,001","6,795","±949","25.0%","±3.4","51,650","±9,902","12,336","±1,380","34.0%","±3.6","99,304","±19,510","12,808","±1,289","34.8%","±3.5","68,552","±10,008"
"    45 to 64 years","46,282,807","±57,239","35.6%","±0.1","90,748","±306","1,520,398","±11,716","37.2%","±0.3","87,602","±1,435","10,664","±1,229","34.5%","±3.9","84,477","±14,283","15,942","±1,155","39.2%","±2.8","106,382","±15,746","19,473","±1,639","31.4%","±2.5","62,973","±12,560","9,517","±1,171","29.9%","±3.8","61,554","±7,632","16,300","±1,111","36.4%","±2.5","74,524","±5,227","8,984","±847","33.2%","±3.2","86,304","±23,011","40,745","±1,891","33.5%","±1.5","78,928","±4,194","40,062","±1,743","38.7%","±1.7","124,040","±10,366","13,431","±1,527","25.1%","±2.9","70,752","±10,394","43,860","±2,187","40.5%","±2.0","70,324","±7,477","111,409","±3,053","37.4%","±1.1","122,414","±6,137","17,484","±1,616","31.6%","±2.8","106,374","±16,259","22,455","±1,687","39.8%","±2.9","108,015","±13,722","102,555","±3,210","36.6%","±1.1","87,593","±6,093","11,805","±1,153","34.5%","±2.8","48,766","±8,025","22,247","±1,285","42.3%","±2.4","91,106","±12,526","N","N","N","N","105,651","±21,911","N","N","N","N","139,213","±11,591","12,644","±987","33.2%","±2.5","68,431","±11,854","39,822","±1,801","44.8%","±1.9","152,396","±8,785","162,859","±3,385","35.1%","±0.7","112,121","±7,711","12,004","±1,407","33.2%","±3.6","71,170","±13,278","135,642","±3,088","41.5%","±0.9","101,854","±3,361","28,895","±1,395","38.9%","±1.8","91,580","±8,487","37,341","±2,066","43.2%","±2.3","101,032","±8,140","21,009","±1,710","33.5%","±2.4","98,076","±11,761","10,849","±807","38.5%","±2.8","100,722","±16,115","6,421","±833","26.7%","±3.8","76,763","±11,309","13,712","±1,234","29.7%","±2.7","55,688","±12,437","26,380","±1,881","32.7%","±2.3","59,728","±10,622","16,676","±1,399","40.3%","±3.0","83,110","±13,830","25,715","±2,093","42.2%","±3.2","102,426","±13,075","26,872","±1,800","35.4%","±2.3","62,039","±5,108","14,548","±1,335","43.4%","±4.1","77,133","±15,879","9,412","±941","34.6%","±3.3","68,998","±11,610","11,006","±1,171","40.4%","±4.0","84,568","±28,698","10,708","±791","39.4%","±3.0","62,957","±15,038","13,558","±1,064","37.4%","±3.0","96,093","±14,644","13,414","±1,197","36.5%","±3.0","72,463","±14,722"
"    65 years and over","35,478,648","±56,689","27.3%","±0.1","53,963","±176","1,002,619","±8,350","24.5%","±0.2","51,664","±906","6,650","±786","21.5%","±2.5","59,666","±11,742","9,945","±924","24.5%","±2.2","43,934","±5,604","18,146","±1,021","29.2%","±1.8","41,759","±11,609","6,556","±597","20.6%","±1.9","50,688","±16,579","11,125","±769","24.8%","±1.7","44,180","±11,807","8,558","±765","31.6%","±2.5","48,764","±9,242","32,039","±1,503","26.4%","±1.3","57,371","±7,419","26,174","±1,069","25.3%","±1.0","69,193","±7,215","9,754","±1,067","18.2%","±2.0","44,920","±12,066","21,002","±1,259","19.4%","±1.1","42,445","±5,536","64,288","±1,655","21.6%","±0.5","68,158","±5,506","13,819","±868","25.0%","±1.5","61,991","±8,128","14,195","±936","25.2%","±1.6","51,384","±6,949","65,339","±2,046","23.3%","±0.8","58,147","±5,845","9,940","±613","29.1%","±1.6","40,716","±3,372","10,990","±882","20.9%","±1.6","70,427","±14,198","N","N","N","N","55,663","±11,543","N","N","N","N","73,330","±11,083","10,629","±593","27.9%","±1.6","39,842","±9,692","19,172","±1,495","21.6%","±1.7","74,798","±9,033","88,450","±2,309","19.1%","±0.5","55,144","±4,052","13,627","±1,031","37.7%","±3.0","60,452","±12,412","60,016","±2,185","18.4%","±0.7","61,115","±4,431","19,797","±1,174","26.6%","±1.7","55,492","±14,377","18,601","±1,317","21.5%","±1.5","62,122","±10,492","14,432","±1,120","23.0%","±1.9","54,970","±6,758","6,281","±598","22.3%","±2.2","53,451","±6,595","4,319","±423","18.0%","±1.8","51,367","±13,339","10,126","±625","22.0%","±1.6","51,145","±7,930","19,387","±1,230","24.0%","±1.5","43,736","±5,228","9,466","±884","22.9%","±2.1","47,111","±6,371","11,618","±944","19.1%","±1.5","55,445","±8,771","20,513","±1,265","27.0%","±1.7","42,373","±3,836","8,917","±940","26.6%","±2.8","70,625","±17,342","8,199","±655","30.1%","±2.6","45,615","±4,024","7,006","±542","25.7%","±2.1","34,661","±15,294","8,612","±758","31.7%","±2.6","37,345","±9,623","9,891","±860","27.3%","±2.3","47,570","±8,465","9,270","±943","25.2%","±2.4","44,115","±6,328"
"FAMILIES","","","","","","","","","","","","","","","","","","","","","","","","","","","","","","","","","","","","","","","","","","","","","","","","","","","","","","","","","","","","","","","","","","","","","","","","","","","","","","","","","","","","","","","","","","","","","","","","","","","","","","","","","","","","","","","","","","","","","","","","","","","","","","","","","","","","","","","","","","","","","","","","","","","","","","","","","","","","","","","","","","","","","","","","","","","","","","","","","","","","","","","","","","","","","","","","","","","","","","","","","","","","","","","","","","","","","","","","","","","","","","","","","","","","","","","","","","","","","","","","","","","","","",""
"    Families","83,304,153","±133,863","83,304,153","±133,863","92,148","±207","2,733,234","±19,775","2,733,234","±19,775","86,642","±867","24,168","±1,396","24,168","±1,396","82,244","±9,595","30,643","±1,953","30,643","±1,953","91,013","±11,487","35,485","±2,559","35,485","±2,559","64,475","±4,594","16,027","±1,459","16,027","±1,459","67,016","±13,402","31,940","±1,938","31,940","±1,938","81,090","±5,743","19,284","±1,375","19,284","±1,375","78,342","±8,248","70,429","±2,785","70,429","±2,785","79,961","±3,154","77,156","±2,752","77,156","±2,752","112,848","±4,565","24,829","±1,965","24,829","±1,965","73,762","±4,664","64,248","±3,546","64,248","±3,546","68,734","±6,056","201,036","±4,510","201,036","±4,510","115,346","±4,121","41,623","±2,471","41,623","±2,471","109,123","±8,158","42,244","±2,179","42,244","±2,179","93,616","±7,157","163,362","±5,118","163,362","±5,118","100,207","±4,622","21,468","±1,891","21,468","±1,891","49,533","±8,580","38,773","±2,196","38,773","±2,196","83,810","±6,886","18,745","±1,333","18,745","±1,333","101,166","±17,156","35,375","±1,663","35,375","±1,663","122,104","±9,109","25,835","±1,800","25,835","±1,800","69,210","±7,018","74,575","±2,089","74,575","±2,089","139,505","±9,949","245,747","±6,370","245,747","±6,370","119,589","±4,718","24,398","±1,708","24,398","±1,708","72,185","±9,283","244,254","±4,721","244,254","±4,721","95,542","±2,585","54,726","±2,534","54,726","±2,534","87,278","±4,988","63,294","±2,884","63,294","±2,884","90,557","±4,127","43,730","±2,747","43,730","±2,747","86,544","±8,531","22,250","±1,241","22,250","±1,241","92,381","±8,472","15,951","±1,436","15,951","±1,436","75,283","±11,602","30,043","±2,315","30,043","±2,315","65,689","±7,557","49,779","±2,755","49,779","±2,755","62,193","±6,066","30,253","±1,950","30,253","±1,950","83,370","±12,121","48,726","±2,181","48,726","±2,181","95,721","±14,790","44,062","±2,467","44,062","±2,467","63,654","±5,796","25,003","±1,743","25,003","±1,743","79,134","±9,186","18,380","±1,537","18,380","±1,537","62,697","±8,188","18,409","±1,705","18,409","±1,705","82,517","±17,209","18,660","±1,681","18,660","±1,681","63,408","±14,671","28,712","±1,774","28,712","±1,774","95,572","±7,056","27,047","±1,753","27,047","±1,753","68,935","±10,404"
"        With own children of householder under 18 years","33,747,490","±81,494","40.5%","±0.1","91,057","±315","1,138,456","±14,715","41.7%","±0.4","84,128","±1,139","N","N","N","N","79,254","±12,763","N","N","N","N","86,879","±12,304","14,035","±2,354","39.6%","±5.1","54,857","±16,574","N","N","N","N","57,523","±15,840","N","N","N","N","83,430","±11,368","N","N","N","N","78,241","±16,357","25,395","±2,479","36.1%","±3.4","65,082","±12,182","33,233","±2,514","43.1%","±2.9","114,135","±8,112","N","N","N","N","55,985","±19,452","26,927","±3,043","41.9%","±3.7","54,148","±8,589","86,876","±4,148","43.2%","±1.7","119,139","±5,683","N","N","N","N","109,843","±12,276","N","N","N","N","99,811","±12,627","66,609","±4,248","40.8%","±2.1","107,977","±7,257","N","N","N","N","31,499","±17,717","N","N","N","N","76,190","±12,519","N","N","N","N","105,122","±16,004","N","N","N","N","123,686","±26,569","N","N","N","N","70,306","±15,443","N","N","N","N","151,354","±12,474","103,488","±5,108","42.1%","±1.8","116,474","±11,940","N","N","N","N","61,216","±16,838","114,237","±4,907","46.8%","±1.6","94,307","±4,333","21,858","±1,966","39.9%","±3.1","77,619","±7,288","26,967","±2,518","42.6%","±3.3","76,837","±7,567","N","N","N","N","86,379","±14,275","N","N","N","N","95,940","±8,823","N","N","N","N","61,276","±16,642","N","N","N","N","61,967","±9,669","23,295","±2,770","46.8%","±4.4","52,955","±8,172","N","N","N","N","76,226","±4,867","N","N","N","N","88,056","±18,816","18,173","±2,163","41.2%","±3.9","48,754","±11,411","N","N","N","N","72,658","±22,910","N","N","N","N","48,984","±19,972","N","N","N","N","43,205","±16,746","N","N","N","N","53,837","±16,320","N","N","N","N","99,404","±17,996","N","N","N","N","72,450","±12,228"
"        With no own children of householder under 18 years","49,556,663","±120,812","59.5%","±0.1","92,816","±244","1,594,778","±16,949","58.3%","±0.4","88,366","±1,094","N","N","N","N","86,671","±10,256","N","N","N","N","95,820","±15,654","21,450","±1,984","60.4%","±5.1","66,436","±5,216","N","N","N","N","78,174","±14,548","N","N","N","N","79,290","±5,162","N","N","N","N","78,506","±12,138","45,034","±3,134","63.9%","±3.4","82,495","±6,096","43,923","±2,700","56.9%","±2.9","110,092","±9,105","N","N","N","N","82,151","±15,117","37,321","±2,892","58.1%","±3.7","78,108","±11,283","114,160","±4,071","56.8%","±1.7","111,810","±5,295","N","N","N","N","108,359","±12,242","N","N","N","N","88,819","±8,077","96,753","±4,348","59.2%","±2.1","96,260","±5,910","N","N","N","N","60,016","±14,196","N","N","N","N","96,184","±12,036","N","N","N","N","95,091","±26,918","N","N","N","N","120,928","±9,509","N","N","N","N","68,768","±9,184","N","N","N","N","133,107","±10,504","142,259","±5,668","57.9%","±1.8","120,893","±6,113","N","N","N","N","80,068","±15,705","130,017","±4,344","53.2%","±1.6","96,713","±4,278","32,868","±2,317","60.1%","±3.1","93,239","±4,843","36,327","±2,487","57.4%","±3.3","98,855","±5,011","N","N","N","N","86,802","±10,510","N","N","N","N","90,606","±11,249","N","N","N","N","81,392","±8,641","N","N","N","N","69,012","±10,849","26,484","±2,384","53.2%","±4.4","70,556","±10,070","N","N","N","N","94,817","±9,940","N","N","N","N","98,245","±9,781","25,889","±1,974","58.8%","±3.9","70,999","±6,079","N","N","N","N","81,721","±8,246","N","N","N","N","73,205","±16,171","N","N","N","N","95,141","±17,342","N","N","N","N","71,989","±12,744","N","N","N","N","93,671","±12,626","N","N","N","N","60,355","±17,852"
"        Married-couple families","60,921,873","±168,299","73.1%","±0.1","109,250","±230","1,917,471","±19,807","70.2%","±0.5","105,880","±940","N","N","N","N","99,641","±11,950","N","N","N","N","110,583","±4,823","20,468","±2,037","57.7%","±4.4","85,784","±10,478","N","N","N","N","84,366","±15,821","N","N","N","N","89,057","±7,652","N","N","N","N","86,609","±12,254","48,070","±2,768","68.3%","±2.9","98,174","±8,387","61,964","±2,980","80.3%","±2.5","124,539","±10,022","N","N","N","N","98,713","±11,846","35,082","±3,376","54.6%","±4.3","86,379","±15,417","151,124","±4,220","75.2%","±1.6","135,879","±4,310","N","N","N","N","119,938","±9,529","N","N","N","N","110,365","±13,285","107,798","±4,569","66.0%","±2.0","128,869","±6,995","N","N","N","N","78,015","±10,245","N","N","N","N","102,143","±12,242","N","N","N","N","118,005","±10,460","N","N","N","N","138,003","±11,388","N","N","N","N","96,484","±10,458","N","N","N","N","153,737","±5,877","166,202","±5,564","67.6%","±1.7","167,630","±8,517","N","N","N","N","95,700","±10,100","173,367","±4,612","71.0%","±1.8","112,246","±4,106","39,669","±2,494","72.5%","±3.8","98,250","±6,070","43,068","±3,418","68.0%","±4.1","109,518","±5,416","N","N","N","N","106,460","±8,536","N","N","N","N","99,035","±9,384","N","N","N","N","84,389","±6,740","N","N","N","N","83,019","±7,473","30,598","±2,340","61.5%","±3.9","80,707","±8,799","N","N","N","N","97,319","±20,110","N","N","N","N","104,568","±9,118","23,533","±2,262","53.4%","±4.1","85,869","±7,247","N","N","N","N","89,675","±11,232","N","N","N","N","84,580","±8,224","N","N","N","N","97,233","±17,065","N","N","N","N","84,183","±9,589","N","N","N","N","110,718","±10,611","N","N","N","N","81,954","±5,378"
"            With own children under 18 years","22,973,931","±76,189","27.6%","±0.1","120,704","±404","738,907","±11,947","27.0%","±0.4","115,702","±1,768","N","N","N","N","102,494","±12,450","N","N","N","N","109,405","±9,636","6,847","±1,388","19.3%","±3.5","100,408","±16,369","N","N","N","N","87,527","±47,658","N","N","N","N","97,455","±35,504","N","N","N","N","92,321","±24,622","14,486","±2,033","20.6%","±2.8","122,061","±25,214","25,685","±2,112","33.3%","±2.5","130,399","±12,880","N","N","N","N","94,529","±18,138","13,945","±2,878","21.7%","±4.1","75,784","±11,802","64,065","±3,577","31.9%","±1.6","150,541","±4,902","N","N","N","N","120,507","±18,313","N","N","N","N","127,901","±22,347","42,366","±3,153","25.9%","±1.8","157,160","±13,165","N","N","N","N","71,536","±37,383","N","N","N","N","94,274","±18,248","N","N","N","N","118,783","±13,459","N","N","N","N","147,756","±21,782","N","N","N","N","107,066","±15,145","N","N","N","N","164,318","±15,164","61,982","±3,639","25.2%","±1.5","201,975","±8,086","N","N","N","N","92,598","±10,271","78,960","±3,614","32.3%","±1.4","120,175","±6,416","14,838","±1,780","27.1%","±3.2","94,432","±15,609","17,009","±2,346","26.9%","±3.4","114,608","±12,916","N","N","N","N","113,676","±11,891","N","N","N","N","102,513","±8,500","N","N","N","N","87,554","±45,435","N","N","N","N","95,417","±23,623","11,822","±1,591","23.7%","±2.9","80,561","±14,599","N","N","N","N","88,335","±35,804","N","N","N","N","108,545","±10,047","7,787","±1,774","17.7%","±3.7","82,409","±11,782","N","N","N","N","95,020","±20,259","N","N","N","N","67,318","±28,884","N","N","N","N","95,692","±30,504","N","N","N","N","100,700","±16,726","N","N","N","N","114,908","±42,000","N","N","N","N","106,477","±25,371"
"        Female householder, no spouse present","15,731,079","±84,573","18.9%","±0.1","48,032","±289","615,760","±13,007","22.5%","±0.5","47,661","±1,317","N","N","N","N","52,361","±19,254","N","N","N","N","57,317","±27,933","11,726","±1,904","33.0%","±4.5","33,994","±8,078","N","N","N","N","33,418","±7,153","N","N","N","N","52,486","±5,696","N","N","N","N","75,405","±7,821","18,823","±2,263","26.7%","±2.9","38,752","±5,878","10,837","±1,716","14.0%","±2.2","71,082","±5,201","N","N","N","N","26,995","±21,032","22,453","±2,952","34.9%","±4.1","51,948","±11,503","37,487","±3,182","18.6%","±1.5","62,046","±3,754","N","N","N","N","36,791","±14,641","N","N","N","N","48,493","±5,663","43,838","±3,706","26.8%","±2.0","54,043","±6,834","N","N","N","N","28,298","±10,334","N","N","N","N","67,158","±16,512","N","N","N","N","59,960","±20,931","N","N","N","N","60,600","±25,198","N","N","N","N","28,547","±9,982","N","N","N","N","80,085","±20,629","63,294","±4,675","25.8%","±1.7","48,293","±6,512","N","N","N","N","42,922","±10,783","50,766","±4,485","20.8%","±1.7","58,344","±5,452","9,505","±1,708","17.4%","±2.9","51,560","±5,473","16,831","±2,389","26.6%","±3.8","60,947","±4,751","N","N","N","N","46,188","±13,341","N","N","N","N","41,603","±9,690","N","N","N","N","52,310","±18,091","N","N","N","N","40,387","±6,118","15,439","±2,320","31.0%","±4.2","38,393","±6,472","N","N","N","N","75,122","±27,677","N","N","N","N","63,724","±12,698","17,053","±2,033","38.7%","±4.0","40,010","±6,351","N","N","N","N","68,904","±21,422","N","N","N","N","31,061","±12,691","N","N","N","N","41,172","±5,087","N","N","N","N","26,383","±6,482","N","N","N","N","30,655","±11,114","N","N","N","N","47,328","±9,675"
"            With own children under 18 years","7,812,269","±55,826","9.4%","±0.1","36,393","±294","312,658","±9,898","11.4%","±0.4","37,518","±1,510","N","N","N","N","39,998","±15,153","N","N","N","N","52,366","±20,260","5,742","±1,569","16.2%","±4.0","25,328","±10,102","N","N","N","N","32,768","±17,216","N","N","N","N","42,556","±11,932","N","N","N","N","75,009","±55,848","9,504","±1,623","13.5%","±2.3","30,184","±6,743","5,611","±1,390","7.3%","±1.8","59,161","±8,838","N","N","N","N","19,639","±10,651","9,766","±2,269","15.2%","±3.4","39,683","±3,798","17,970","±2,823","8.9%","±1.4","49,714","±8,983","N","N","N","N","27,582","±15,497","N","N","N","N","41,117","±20,326","20,062","±3,164","12.3%","±1.8","36,831","±10,733","N","N","N","N","19,103","±9,854","N","N","N","N","58,894","±12,207","N","N","N","N","82,670","±54,462","N","N","N","N","47,267","±14,293","N","N","N","N","30,949","±17,620","N","N","N","N","92,014","±26,051","34,811","±4,780","14.2%","±1.8","37,448","±6,133","N","N","N","N","28,850","±11,720","25,582","±3,485","10.5%","±1.4","41,847","±5,757","5,070","±1,270","9.3%","±2.2","51,118","±10,307","8,907","±1,877","14.1%","±2.9","58,493","±12,589","N","N","N","N","31,978","±6,741","N","N","N","N","47,242","±26,373","N","N","N","N","48,750","±24,579","N","N","N","N","36,197","±3,332","9,179","±1,876","18.4%","±3.5","28,637","±8,170","N","N","N","N","55,650","±31,701","N","N","N","N","52,161","±16,767","8,937","±1,669","20.3%","±3.5","33,307","±4,361","N","N","N","N","38,623","±28,903","N","N","N","N","21,920","±24,349","N","N","N","N","37,826","±15,353","N","N","N","N","21,400","±7,306","N","N","N","N","29,559","±11,749","N","N","N","N","50,390","±22,130"
"        Male householder, no spouse present","6,651,201","±58,593","8.0%","±0.1","64,777","±451","200,003","±8,919","7.3%","±0.3","63,120","±1,876","N","N","N","N","68,518","±16,624","N","N","N","N","47,514","±38,937","3,291","±820","9.3%","±2.3","48,493","±27,477","N","N","N","N","55,117","±56,033","N","N","N","N","52,147","±64,199","N","N","N","N","57,871","±21,117","3,536","±820","5.0%","±1.2","62,606","±21,681","4,355","±1,301","5.6%","±1.7","74,334","±37,188","N","N","N","N","62,921","±5,003","6,713","±1,816","10.4%","±2.8","55,247","±17,317","12,425","±2,268","6.2%","±1.1","61,009","±5,573","N","N","N","N","83,607","±58,809","N","N","N","N","53,690","±38,162","11,726","±1,836","7.2%","±1.1","84,178","±11,306","N","N","N","N","47,358","±24,479","N","N","N","N","73,841","±20,865","N","N","N","N","57,731","±27,904","N","N","N","N","107,572","±47,343","N","N","N","N","34,839","±6,249","N","N","N","N","103,025","±47,211","16,251","±2,490","6.6%","±1.0","76,580","±13,615","N","N","N","N","54,153","±9,558","20,121","±3,131","8.2%","±1.3","75,979","±7,789","5,552","±1,455","10.1%","±2.6","78,455","±10,867","3,395","±1,192","5.4%","±1.8","86,771","±19,375","N","N","N","N","62,473","±40,082","N","N","N","N","99,992","±49,887","N","N","N","N","61,947","±19,988","N","N","N","N","44,009","±18,576","3,742","±1,290","7.5%","±2.5","64,444","±61,031","N","N","N","N","46,230","±39,111","N","N","N","N","77,202","±13,627","3,476","±996","7.9%","±2.2","52,525","±15,316","N","N","N","N","45,928","±18,970","N","N","N","N","35,690","±10,803","N","N","N","N","41,875","±24,919","N","N","N","N","48,750","±15,567","N","N","N","N","80,244","±41,448","N","N","N","N","50,068","±12,331"
"            With own children under 18 years","2,961,290","±38,038","3.6%","±0.1","55,299","±673","86,891","±6,636","3.2%","±0.2","53,845","±3,139","N","N","N","N","68,142","±37,433","N","N","N","N","22,393","±8,886","1,446","±726","4.1%","±2.0","26,636","±26,002","N","N","N","N","40,642","±36,743","N","N","N","N","51,345","±69,156","N","N","N","N","45,019","±41,169","1,405","±665","2.0%","±1.0","63,142","±22,664","1,937","±1,004","2.5%","±1.3","71,729","±25,687","N","N","N","N","62,762","±28,397","3,216","±1,384","5.0%","±2.2","38,756","±5,241","4,841","±1,465","2.4%","±0.7","51,060","±28,498","N","N","N","N","95,174","±62,073","N","N","N","N","75,897","±55,038","4,181","±1,193","2.6%","±0.7","53,996","±85,347","N","N","N","N","45,550","±62,389","N","N","N","N","58,774","±62,102","N","N","N","N","53,222","±16,868","N","N","N","N","49,364","±29,501","N","N","N","N","31,735","±11,319","N","N","N","N","113,504","±47,649","6,695","±1,924","2.7%","±0.8","68,320","±20,967","N","N","N","N","53,558","±75,499","9,695","±2,322","4.0%","±0.9","60,272","±13,447","1,950","±864","3.6%","±1.6","77,677","±38,418","1,051","±610","1.7%","±0.9","60,801","±51,807","N","N","N","N","88,794","±14,232","N","N","N","N","76,290","±25,626","N","N","N","N","9,750","±100,573","N","N","N","N","67,372","±12,299","2,294","±1,209","4.6%","±2.4","33,630","±115,102","N","N","N","N","122,555","±130,820","N","N","N","N","57,027","±35,798","1,449","±747","3.3%","±1.7","51,577","±43,237","N","N","N","N","75,549","±61,857","N","N","N","N","35,541","±13,267","N","N","N","N","35,211","±66,443","N","N","N","N","47,573","±29,559","N","N","N","N","62,372","±34,849","N","N","N","N","52,343","±4,326"
"FAMILY INCOME BY FAMILY SIZE","","","","","","","","","","","","","","","","","","","","","","","","","","","","","","","","","","","","","","","","","","","","","","","","","","","","","","","","","","","","","","","","","","","","","","","","","","","","","","","","","","","","","","","","","","","","","","","","","","","","","","","","","","","","","","","","","","","","","","","","","","","","","","","","","","","","","","","","","","","","","","","","","","","","","","","","","","","","","","","","","","","","","","","","","","","","","","","","","","","","","","","","","","","","","","","","","","","","","","","","","","","","","","","","","","","","","","","","","","","","","","","","","","","","","","","","","","","","","","","","","","","","","",""
"    2-person families","39,341,710","±122,775","47.2%","±0.1","80,329","±229","1,242,868","±16,494","45.5%","±0.5","76,648","±1,121","9,472","±1,356","39.2%","±5.4","70,785","±7,948","13,160","±1,751","42.9%","±5.0","80,277","±7,578","18,545","±2,035","52.3%","±5.1","60,246","±5,607","8,013","±1,297","50.0%","±7.5","64,177","±13,753","14,631","±1,734","45.8%","±4.6","73,857","±7,170","8,748","±1,314","45.4%","±5.6","70,695","±6,874","38,472","±3,280","54.6%","±3.9","77,974","±2,154","35,564","±2,470","46.1%","±2.7","95,322","±7,194","14,107","±1,868","56.8%","±6.3","75,572","±8,286","26,746","±3,087","41.6%","±4.3","65,123","±7,316","89,638","±3,819","44.6%","±1.8","94,323","±8,287","16,528","±2,232","39.7%","±4.4","112,339","±13,441","20,085","±2,095","47.5%","±4.0","87,796","±15,252","73,746","±4,471","45.1%","±2.2","85,459","±6,363","9,473","±1,785","44.1%","±6.9","57,425","±21,132","17,312","±2,213","44.6%","±5.1","78,649","±9,289","7,452","±1,067","39.8%","±4.9","86,218","±13,926","16,216","±1,596","45.8%","±4.0","102,349","±7,635","12,010","±1,485","46.5%","±5.0","62,030","±9,265","28,392","±1,960","38.1%","±2.3","115,860","±11,718","122,564","±5,629","49.9%","±1.8","105,679","±5,786","13,006","±1,623","53.3%","±6.1","72,392","±20,012","89,070","±4,636","36.5%","±1.7","79,144","±3,871","24,175","±1,940","44.2%","±2.8","86,730","±7,894","26,402","±2,820","41.7%","±4.2","80,744","±8,412","16,655","±2,047","38.1%","±4.4","76,541","±6,725","8,913","±1,106","40.1%","±4.4","71,762","±11,559","7,899","±1,361","49.5%","±6.7","71,799","±18,519","12,621","±1,955","42.0%","±5.4","64,952","±9,606","24,840","±2,498","49.9%","±4.2","54,587","±9,679","11,699","±1,442","38.7%","±4.5","69,787","±23,182","17,916","±2,218","36.8%","±4.3","82,146","±7,717","21,741","±2,375","49.3%","±4.8","62,154","±9,430","10,110","±1,584","40.4%","±5.9","71,011","±17,900","8,308","±1,338","45.2%","±6.5","56,605","±15,968","9,012","±1,865","49.0%","±7.9","88,489","±15,918","9,777","±1,529","52.4%","±6.1","53,133","±3,919","12,800","±2,015","44.6%","±6.5","87,685","±11,905","12,020","±1,759","44.4%","±6.0","52,461","±9,829"
"    3-person families","18,408,193","±78,160","22.1%","±0.1","95,770","±375","640,138","±15,751","23.4%","±0.5","87,363","±2,218","5,593","±1,346","23.1%","±5.2","90,075","±8,996","7,319","±1,472","23.9%","±4.9","89,940","±17,736","6,961","±1,329","19.6%","±3.7","62,363","±24,828","3,665","±1,205","22.9%","±7.0","60,447","±22,242","6,276","±1,416","19.6%","±4.5","78,861","±18,846","4,222","±1,095","21.9%","±6.0","78,769","±8,732","16,344","±2,515","23.2%","±3.5","83,145","±8,466","15,537","±2,044","20.1%","±2.5","119,890","±9,898","5,471","±1,286","22.0%","±5.0","68,206","±17,010","14,074","±2,446","21.9%","±3.7","62,075","±15,705","46,491","±3,698","23.1%","±1.7","117,300","±8,462","9,118","±1,910","21.9%","±4.5","94,597","±15,784","10,323","±1,636","24.4%","±3.9","83,345","±7,064","43,023","±3,010","26.3%","±1.7","106,965","±11,880","6,385","±1,334","29.7%","±5.5","52,571","±12,041","9,697","±1,979","25.0%","±5.0","82,630","±8,929","3,838","±921","20.5%","±5.0","104,954","±28,292","8,451","±1,635","23.9%","±4.5","120,284","±18,433","5,935","±1,022","23.0%","±3.5","63,976","±15,220","17,249","±2,096","23.1%","±2.8","138,609","±14,721","55,460","±5,151","22.6%","±1.9","122,154","±15,164","6,591","±1,603","27.0%","±5.8","63,804","±15,223","60,368","±4,093","24.7%","±1.6","100,336","±6,591","11,244","±1,616","20.5%","±2.6","85,972","±9,527","15,999","±2,273","25.3%","±3.5","82,497","±10,646","11,862","±2,148","27.1%","±4.5","85,811","±23,387","5,908","±1,025","26.6%","±4.4","111,314","±30,565","3,607","±1,110","22.6%","±6.8","78,338","±31,580","6,434","±1,624","21.4%","±5.1","62,254","±24,267","12,624","±2,159","25.4%","±4.1","62,375","±7,222","6,959","±1,853","23.0%","±5.8","87,615","±18,299","12,938","±2,291","26.6%","±4.6","84,075","±18,667","10,853","±1,993","24.6%","±4.4","49,218","±15,815","7,316","±1,637","29.3%","±6.2","73,895","±12,967","5,011","±1,304","27.3%","±6.7","61,796","±19,713","4,088","±1,098","22.2%","±6.0","69,334","±21,260","4,529","±1,159","24.3%","±5.7","70,529","±22,686","6,814","±1,242","23.7%","±4.4","86,180","±16,570","6,382","±1,507","23.6%","±5.3","66,152","±17,576"
"    4-person families","14,722,399","±59,674","17.7%","±0.1","113,919","±510","483,663","±11,690","17.7%","±0.4","108,220","±1,970","5,009","±1,453","20.7%","±6.0","100,854","±17,697","5,742","±1,395","18.7%","±4.1","112,985","±14,617","5,440","±1,448","15.3%","±3.8","102,604","±55,322","2,261","±754","14.1%","±4.4","84,802","±26,456","5,844","±1,452","18.3%","±4.4","94,421","±12,875","3,121","±1,078","16.2%","±5.3","112,704","±30,547","9,666","±1,910","13.7%","±2.7","107,250","±24,364","14,220","±1,930","18.4%","±2.5","148,914","±17,565","3,436","±1,042","13.8%","±4.0","82,664","±60,780","10,968","±2,609","17.1%","±4.0","69,404","±22,976","39,672","±2,840","19.7%","±1.3","150,543","±7,316","9,649","±2,186","23.2%","±5.2","106,639","±18,220","7,010","±1,301","16.6%","±3.0","113,563","±25,857","26,992","±2,907","16.5%","±1.7","130,503","±14,008","3,149","±1,254","14.7%","±5.9","33,051","±25,818","6,660","±1,530","17.2%","±3.7","107,887","±14,901","4,524","±1,069","24.1%","±5.3","116,369","±8,357","7,195","±1,489","20.3%","±3.9","148,542","±14,359","4,523","±1,185","17.5%","±4.5","93,228","±38,196","19,390","±1,933","26.0%","±2.5","173,552","±16,630","42,599","±3,463","17.3%","±1.5","165,604","±20,576","3,250","±956","13.3%","±3.8","94,271","±71,769","51,325","±3,739","21.0%","±1.5","116,452","±6,703","10,271","±1,958","18.8%","±3.5","84,031","±11,138","9,938","±1,937","15.7%","±2.8","126,172","±8,784","8,721","±1,802","19.9%","±3.8","98,002","±27,455","4,073","±1,049","18.3%","±4.5","102,213","±12,172","2,393","±784","15.0%","±4.9","71,336","±16,908","6,698","±1,614","22.3%","±5.1","65,247","±18,344","5,881","±1,721","11.8%","±3.4","69,663","±10,310","5,672","±1,773","18.7%","±5.7","79,405","±37,747","10,375","±1,801","21.3%","±3.5","108,174","±8,944","6,671","±1,366","15.1%","±3.0","68,668","±16,198","4,152","±1,432","16.6%","±5.4","96,328","±12,969","3,509","±1,104","19.1%","±5.7","94,779","±37,080","3,361","±1,163","18.3%","±6.5","71,909","±51,813","2,532","±739","13.6%","±4.0","98,143","±15,369","3,445","±1,022","12.0%","±3.3","129,609","±28,834","5,060","±1,319","18.7%","±4.7","106,818","±46,157"
"    5-person families","6,712,635","±52,898","8.1%","±0.1","107,130","±649","231,029","±9,886","8.5%","±0.4","98,079","±4,208","2,963","±1,048","12.3%","±4.2","72,512","±7,502","2,376","±851","7.8%","±2.8","117,929","±43,612","3,334","±1,258","9.4%","±3.3","44,003","±25,574","1,299","±610","8.1%","±3.8","99,629","±123,244","4,148","±1,417","13.0%","±4.3","99,750","±12,286","2,051","±978","10.6%","±4.9","104,234","±93,984","3,583","±1,168","5.1%","±1.7","84,489","±46,167","7,137","±1,577","9.3%","±2.0","102,275","±22,539","1,639","±746","6.6%","±2.8","58,542","±39,188","6,642","±1,848","10.3%","±2.8","82,154","±17,613","15,702","±2,124","7.8%","±1.0","126,136","±25,260","4,477","±1,474","10.8%","±3.5","115,902","±4,495","3,418","±1,241","8.1%","±2.8","123,758","±33,958","11,652","±1,931","7.1%","±1.2","111,917","±28,269","1,285","±607","6.0%","±2.8","42,364","±52,044","2,249","±773","5.8%","±2.0","72,014","±33,238","1,684","±726","9.0%","±3.7","82,232","±5,495","1,890","±685","5.3%","±2.0","143,493","±39,695","2,301","±941","8.9%","±3.6","88,750","±60,798","6,359","±1,507","8.5%","±2.0","195,259","±43,818","16,026","±2,300","6.5%","±0.9","147,988","±22,222","1,183","±606","4.8%","±2.5","120,260","±125,284","26,007","±2,884","10.6%","±1.2","111,344","±8,166","5,150","±1,185","9.4%","±2.1","87,423","±47,969","6,653","±1,700","10.5%","±2.6","110,951","±53,382","5,032","±1,365","11.5%","±3.0","106,396","±15,593","1,513","±579","6.8%","±2.5","104,496","±32,486","1,726","±726","10.8%","±4.4","83,452","±21,951","3,429","±1,223","11.4%","±4.0","63,711","±23,595","4,144","±1,383","8.3%","±2.8","70,346","±52,601","3,804","±1,315","12.6%","±4.4","103,564","±42,201","5,046","±1,359","10.4%","±2.8","113,845","±28,058","3,134","±994","7.1%","±2.2","67,480","±14,763","2,435","±1,032","9.7%","±4.1","152,795","±72,594","1,139","±433","6.2%","±2.3","65,575","±9,825","934","±558","5.1%","±2.9","66,838","±62,008","1,023","±538","5.5%","±3.0","127,555","±36,332","4,128","±1,487","14.4%","±5.1","108,944","±71,493","1,877","±834","6.9%","±3.0","81,326","±46,428"
"    6-person families","2,551,834","±29,182","3.1%","±0.1","104,186","±1,126","85,837","±5,616","3.1%","±0.2","99,409","±6,283","1,027","±665","4.2%","±2.8","127,208","±53,212","1,622","±801","5.3%","±2.6","86,211","±22,474","720","±538","2.0%","±1.5","115,534","±10,544","757","±616","4.7%","±3.8","43,431","±42,523","579","±328","1.8%","±1.0","118,547","±45,043","819","±591","4.2%","±3.1","92,575","±21,306","1,313","±646","1.9%","±0.9","111,597","±33,512","3,888","±1,487","5.0%","±1.9","126,412","±41,208","83","±165","0.3%","±0.7","-","**","3,475","±1,225","5.4%","±1.8","73,839","±34,331","6,315","±1,515","3.1%","±0.7","113,712","±47,549","1,165","±606","2.8%","±1.4","125,644","±53,725","1,076","±631","2.5%","±1.5","66,364","±32,969","4,331","±1,198","2.7%","±0.7","101,272","±13,009","849","±591","4.0%","±2.7","21,349","±6,382","2,115","±1,111","5.5%","±2.8","139,023","±56,330","893","±515","4.8%","±2.7","152,431","±151,629","740","±465","2.1%","±1.3","199,167","±141,817","517","±388","2.0%","±1.5","72,154","±115,107","2,488","±1,010","3.3%","±1.4","154,004","±16,361","6,385","±1,740","2.6%","±0.7","130,884","±52,024","259","±274","1.1%","±1.1","74,002","±131,117","9,601","±1,903","3.9%","±0.8","108,678","±23,134","2,604","±883","4.8%","±1.6","127,383","±57,325","2,564","±797","4.1%","±1.2","114,822","±26,645","978","±558","2.2%","±1.3","92,931","±61,181","1,046","±489","4.7%","±2.3","99,042","±17,467","204","±235","1.3%","±1.5","77,383","±333,261","663","±528","2.2%","±1.8","170,554","±49,911","1,986","±982","4.0%","±1.9","64,620","±18,619","1,113","±752","3.7%","±2.4","46,269","±85,044","1,898","±839","3.9%","±1.7","108,617","±45,741","1,033","±520","2.3%","±1.2","115,511","±37,334","734","±442","2.9%","±1.8","140,253","±160,309","105","±184","0.6%","±1.0","-","**","386","±379","2.1%","±2.0","112,336","±129,138","275","±300","1.5%","±1.6","250,000+","***","525","±373","1.8%","±1.3","113,496","±135,345","1,069","±605","4.0%","±2.2","68,552","±17,967"
"    7-or-more person families","1,567,382","±23,782","1.9%","±0.1","109,154","±1,230","49,699","±4,078","1.8%","±0.2","105,626","±7,692","104","±117","0.4%","±0.5","191,591","±56,834","424","±290","1.4%","±1.0","153,816","±124,624","485","±407","1.4%","±1.1","66,072","±35,706","32","±62","0.2%","±0.4","-","**","462","±250","1.4%","±0.8","45,594","±22,364","323","±459","1.7%","±2.4","-","**","1,051","±573","1.5%","±0.8","88,509","±48,203","810","±506","1.0%","±0.7","96,660","±92,903","93","±132","0.4%","±0.5","-","**","2,343","±969","3.6%","±1.5","104,623","±53,527","3,218","±983","1.6%","±0.5","128,732","±36,687","686","±689","1.6%","±1.7","120,139","±102,330","332","±333","0.8%","±0.8","61,793","±71,397","3,618","±1,177","2.2%","±0.7","101,749","±50,260","327","±365","1.5%","±1.7","226,064","±128,519","740","±541","1.9%","±1.4","132,317","±109,206","354","±306","1.9%","±1.6","148,973","±19,624","883","±576","2.5%","±1.6","250,000+","***","549","±520","2.1%","±2.0","147,295","±58,274","697","±405","0.9%","±0.5","100,234","±66,948","2,713","±1,226","1.1%","±0.5","114,407","±83,221","109","±145","0.4%","±0.6","-","**","7,883","±1,672","3.2%","±0.7","96,966","±24,451","1,282","±710","2.3%","±1.3","150,091","±89,940","1,738","±884","2.7%","±1.4","119,229","±83,225","482","±413","1.1%","±0.9","163,128","±23,466","797","±640","3.6%","±2.8","132,717","±56,026","122","±131","0.8%","±0.8","52,460","±188,170","198","±246","0.7%","±0.8","-","**","304","±264","0.6%","±0.5","87,262","±114,777","1,006","±893","3.3%","±2.9","77,423","±62,853","553","±407","1.1%","±0.8","122,106","±71,148","630","±592","1.4%","±1.3","201,373","±40,801","256","±220","1.0%","±0.9","39,437","±87,889","308","±384","1.7%","±2.1","2,500-","***","628","±457","3.4%","±2.5","56,233","±77,789","524","±395","2.8%","±2.1","76,831","±48,724","1,000","±529","3.5%","±1.8","138,589","±88,100","639","±436","2.4%","±1.6","103,424","±60,256"
"FAMILY INCOME BY NUMBER OF EARNERS","","","","","","","","","","","","","","","","","","","","","","","","","","","","","","","","","","","","","","","","","","","","","","","","","","","","","","","","","","","","","","","","","","","","","","","","","","","","","","","","","","","","","","","","","","","","","","","","","","","","","","","","","","","","","","","","","","","","","","","","","","","","","","","","","","","","","","","","","","","","","","","","","","","","","","","","","","","","","","","","","","","","","","","","","","","","","","","","","","","","","","","","","","","","","","","","","","","","","","","","","","","","","","","","","","","","","","","","","","","","","","","","","","","","","","","","","","","","","","","","","","","","","",""
"    No earners","12,756,449","±52,174","15.3%","±0.1","49,179","±326","384,710","±7,786","14.1%","±0.3","45,255","±1,487","3,093","±801","12.8%","±3.0","56,505","±14,235","3,240","±751","10.6%","±2.3","51,024","±19,576","7,372","±1,175","20.8%","±3.3","28,448","±14,402","2,642","±746","16.5%","±4.4","48,244","±16,830","4,064","±876","12.7%","±2.6","40,603","±11,374","3,227","±778","16.7%","±3.6","49,417","±10,033","11,130","±1,709","15.8%","±2.4","48,183","±11,524","8,635","±1,398","11.2%","±1.8","61,424","±6,745","3,947","±1,301","15.9%","±5.3","36,091","±22,678","5,869","±1,456","9.1%","±2.3","38,593","±11,334","20,385","±1,689","10.1%","±0.8","61,517","±6,579","5,829","±1,304","14.0%","±2.9","51,939","±12,527","7,049","±1,236","16.7%","±2.7","52,854","±7,239","19,592","±1,759","12.0%","±1.1","45,495","±6,190","3,803","±1,123","17.7%","±4.7","23,774","±12,175","3,636","±1,114","9.4%","±2.8","44,211","±26,469","2,539","±759","13.5%","±3.8","29,960","±28,273","5,428","±948","15.3%","±2.7","81,113","±15,589","3,686","±743","14.3%","±2.7","39,141","±10,639","6,642","±987","8.9%","±1.3","62,520","±17,225","27,848","±3,114","11.3%","±1.2","51,645","±12,540","4,896","±1,010","20.1%","±3.8","63,422","±11,870","22,821","±2,414","9.3%","±0.9","47,458","±9,001","8,445","±1,165","15.4%","±2.1","61,673","±11,002","6,263","±1,282","9.9%","±1.9","48,606","±7,229","7,352","±1,555","16.8%","±3.3","54,417","±10,087","3,492","±580","15.7%","±2.4","46,827","±8,553","2,704","±916","17.0%","±5.7","24,385","±31,925","4,268","±862","14.2%","±2.8","43,033","±23,388","9,038","±1,893","18.2%","±3.7","41,410","±12,490","3,615","±951","11.9%","±2.9","33,852","±11,156","5,776","±1,494","11.9%","±3.0","42,298","±15,443","6,469","±1,196","14.7%","±2.6","39,097","±14,173","3,419","±793","13.7%","±3.2","52,318","±25,210","4,777","±963","26.0%","±4.8","32,951","±23,964","2,602","±705","14.1%","±3.8","33,976","±6,438","3,639","±913","19.5%","±4.7","34,099","±15,550","5,075","±1,099","17.7%","±3.7","45,115","±9,258","3,700","±905","13.7%","±3.3","33,114","±9,743"
"    1 earner","25,990,668","±79,960","31.2%","±0.1","63,534","±235","901,070","±16,323","33.0%","±0.6","59,998","±1,153","6,467","±1,425","26.8%","±5.8","57,588","±7,773","9,834","±1,775","32.1%","±5.7","54,418","±4,959","13,125","±1,951","37.0%","±4.5","44,484","±7,319","6,722","±1,313","41.9%","±6.9","43,120","±5,244","10,558","±1,707","33.1%","±5.0","56,010","±14,178","5,605","±1,114","29.1%","±5.9","71,773","±9,986","23,807","±2,922","33.8%","±3.7","58,918","±7,643","20,329","±2,537","26.3%","±3.0","86,429","±5,080","8,090","±1,648","32.6%","±5.9","59,090","±10,334","23,411","±2,759","36.4%","±3.7","42,681","±2,653","59,909","±4,237","29.8%","±1.9","74,351","±2,592","11,177","±2,048","26.9%","±4.5","86,836","±19,116","14,032","±1,928","33.2%","±4.4","77,263","±11,613","51,878","±4,138","31.8%","±2.1","62,672","±6,446","10,021","±1,789","46.7%","±7.6","37,760","±10,345","15,688","±2,567","40.5%","±6.2","66,227","±10,425","5,604","±1,117","29.9%","±5.9","79,894","±18,423","13,561","±2,027","38.3%","±5.3","109,695","±14,593","9,879","±1,594","38.2%","±5.5","44,660","±7,457","22,397","±2,555","30.0%","±3.2","107,588","±10,803","82,532","±5,560","33.6%","±2.1","73,249","±7,418","9,909","±1,536","40.6%","±5.6","54,991","±8,888","71,173","±5,196","29.1%","±1.9","63,748","±2,733","15,809","±1,990","28.9%","±3.3","64,250","±9,063","21,868","±2,860","34.5%","±4.2","73,125","±3,317","13,533","±2,062","30.9%","±4.2","57,716","±9,765","5,533","±981","24.9%","±4.4","68,054","±14,540","4,813","±945","30.2%","±5.8","56,236","±12,052","10,616","±1,920","35.3%","±5.2","49,930","±3,438","20,123","±2,770","40.4%","±4.8","50,717","±5,711","9,613","±1,328","31.8%","±4.9","55,332","±11,750","15,478","±2,246","31.8%","±4.5","73,183","±9,352","19,090","±2,305","43.3%","±4.8","41,351","±4,001","7,948","±1,867","31.8%","±6.4","52,627","±11,120","5,663","±1,308","30.8%","±7.0","46,806","±12,280","6,867","±1,443","37.3%","±7.1","50,220","±17,491","6,569","±1,344","35.2%","±6.2","47,754","±9,236","8,166","±1,727","28.4%","±5.7","48,856","±14,495","8,621","±1,594","31.9%","±5.8","52,739","±5,351"
"    2 earners","34,429,158","±102,860","41.3%","±0.1","117,107","±326","1,126,546","±16,690","41.2%","±0.5","111,596","±1,395","11,069","±1,474","45.8%","±5.5","94,388","±15,805","12,403","±1,930","40.5%","±5.5","110,496","±4,180","13,018","±1,938","36.7%","±4.8","99,478","±14,038","5,642","±1,127","35.2%","±6.3","105,307","±19,210","14,215","±1,715","44.5%","±4.7","95,753","±7,372","7,767","±1,462","40.3%","±6.8","97,633","±14,998","29,304","±3,063","41.6%","±4.0","98,719","±12,849","36,570","±2,970","47.4%","±3.3","127,430","±10,157","11,248","±1,619","45.3%","±5.3","100,161","±16,908","25,325","±2,954","39.4%","±4.1","83,848","±11,268","93,596","±4,536","46.6%","±2.1","138,832","±7,083","20,308","±2,464","48.8%","±5.2","129,405","±14,043","17,269","±2,286","40.9%","±5.0","125,804","±9,514","72,514","±4,365","44.4%","±2.2","134,723","±10,060","6,206","±1,528","28.9%","±6.8","79,741","±15,452","14,773","±2,569","38.1%","±6.2","107,658","±14,870","8,311","±1,424","44.3%","±6.9","130,037","±21,018","13,477","±1,873","38.1%","±4.9","153,797","±26,186","9,893","±1,230","38.3%","±4.7","96,836","±18,332","37,063","±2,474","49.7%","±3.3","172,920","±21,385","110,394","±4,871","44.9%","±1.8","163,226","±11,340","7,346","±1,447","30.1%","±5.8","98,733","±12,588","104,625","±4,514","42.8%","±1.9","110,769","±7,838","21,105","±2,314","38.6%","±3.7","102,632","±10,050","25,482","±2,828","40.3%","±4.0","107,506","±12,444","17,498","±2,088","40.0%","±4.4","114,343","±10,055","9,059","±1,186","40.7%","±4.7","102,523","±14,099","7,389","±1,510","46.3%","±7.3","86,361","±6,450","13,835","±1,794","46.1%","±5.1","89,612","±8,716","17,051","±2,275","34.3%","±4.4","94,440","±6,613","12,041","±2,082","39.8%","±5.7","108,543","±23,386","20,514","±2,446","42.1%","±4.6","114,647","±13,734","14,571","±1,988","33.1%","±4.1","90,130","±10,432","9,514","±1,443","38.1%","±5.7","90,436","±10,542","5,633","±1,223","30.6%","±5.9","86,371","±18,381","6,943","±1,446","37.7%","±6.7","113,408","±22,662","5,955","±1,232","31.9%","±6.1","90,456","±5,477","12,566","±1,751","43.8%","±5.4","129,264","±27,646","11,743","±1,978","43.4%","±6.2","81,264","±5,023"
"    3 or more earners","10,127,878","±54,609","12.2%","±0.1","145,408","±559","320,908","±9,063","11.7%","±0.3","137,903","±2,600","3,539","±1,104","14.6%","±4.6","127,684","±53,887","5,166","±1,333","16.9%","±4.2","132,719","±23,960","1,970","±889","5.6%","±2.5","96,494","±31,696","1,021","±503","6.4%","±3.1","120,095","±23,952","3,103","±888","9.7%","±2.7","118,750","±27,845","2,685","±1,015","13.9%","±5.1","148,402","±38,949","6,188","±1,407","8.8%","±2.1","116,094","±23,410","11,622","±1,918","15.1%","±2.5","165,144","±21,098","1,544","±802","6.2%","±3.2","118,750","±60,106","9,643","±2,277","15.0%","±3.4","122,402","±14,027","27,146","±2,283","13.5%","±1.1","156,510","±12,641","4,309","±1,226","10.4%","±3.0","146,004","±47,676","3,894","±1,146","9.2%","±2.6","108,750","±38,536","19,378","±2,348","11.9%","±1.5","121,403","±8,363","1,438","±709","6.7%","±3.2","105,326","±36,047","4,676","±1,265","12.1%","±3.3","137,955","±15,259","2,291","±758","12.2%","±3.9","158,078","±28,196","2,909","±1,012","8.2%","±2.9","178,420","±25,864","2,377","±849","9.2%","±3.0","145,250","±25,662","8,473","±1,520","11.4%","±2.0","176,180","±19,036","24,973","±3,350","10.2%","±1.3","175,615","±24,200","2,247","±878","9.2%","±3.4","133,536","±97,057","45,635","±3,517","18.7%","±1.4","143,178","±6,004","9,367","±1,449","17.1%","±2.7","140,902","±25,420","9,681","±1,813","15.3%","±2.9","141,261","±19,652","5,347","±1,373","12.2%","±3.0","144,655","±17,585","4,166","±1,043","18.7%","±4.5","134,170","±12,897","1,045","±500","6.6%","±3.2","135,576","±65,372","1,324","±579","4.4%","±2.0","110,308","±43,743","3,567","±1,273","7.2%","±2.6","88,411","±16,016","4,984","±1,208","16.5%","±3.8","114,211","±19,425","6,958","±1,560","14.3%","±3.1","137,983","±23,503","3,932","±1,153","8.9%","±2.5","115,459","±23,536","4,122","±1,253","16.5%","±4.9","154,757","±28,140","2,307","±842","12.6%","±4.4","136,836","±27,404","1,997","±805","10.8%","±4.2","125,791","±18,821","2,497","±803","13.4%","±4.2","112,267","±51,756","2,905","±901","10.1%","±3.2","139,328","±27,478","2,983","±1,023","11.0%","±3.7","108,163","±18,221"
"NONFAMILY HOUSEHOLDS","","","","","","","","","","","","","","","","","","","","","","","","","","","","","","","","","","","","","","","","","","","","","","","","","","","","","","","","","","","","","","","","","","","","","","","","","","","","","","","","","","","","","","","","","","","","","","","","","","","","","","","","","","","","","","","","","","","","","","","","","","","","","","","","","","","","","","","","","","","","","","","","","","","","","","","","","","","","","","","","","","","","","","","","","","","","","","","","","","","","","","","","","","","","","","","","","","","","","","","","","","","","","","","","","","","","","","","","","","","","","","","","","","","","","","","","","","","","","","","","","","","","","",""
"    Nonfamily households","46,566,775","±117,191","46,566,775","±117,191","45,046","±166","1,359,233","±17,401","1,359,233","±17,401","44,656","±924","6,782","±1,186","6,782","±1,186","47,933","±9,981","9,977","±1,681","9,977","±1,681","43,587","±6,524","26,576","±2,437","26,576","±2,437","31,708","±3,225","15,777","±1,437","15,777","±1,437","37,375","±9,503","12,901","±1,793","12,901","±1,793","36,873","±8,420","7,799","±1,326","7,799","±1,326","27,453","±11,446","51,098","±2,744","51,098","±2,744","43,452","±5,013","26,394","±2,714","26,394","±2,714","59,056","±7,864","28,675","±1,885","28,675","±1,885","33,891","±4,222","44,026","±3,452","44,026","±3,452","46,179","±5,337","97,203","±4,694","97,203","±4,694","61,959","±4,155","13,723","±2,339","13,723","±2,339","48,906","±8,925","14,165","±1,999","14,165","±1,999","60,189","±11,966","116,499","±4,696","116,499","±4,696","54,289","±2,350","12,742","±1,823","12,742","±1,823","27,762","±3,854","13,881","±2,083","13,881","±2,083","54,555","±16,507","5,166","±1,127","5,166","±1,127","46,240","±22,780","8,978","±1,516","8,978","±1,516","42,299","±11,681","12,252","±1,706","12,252","±1,706","30,543","±9,488","14,299","±2,024","14,299","±2,024","67,154","±16,773","218,314","±6,458","218,314","±6,458","66,939","±3,792","11,749","±1,802","11,749","±1,802","29,124","±4,833","82,765","±4,234","82,765","±4,234","49,898","±5,071","19,605","±2,034","19,605","±2,034","45,866","±4,571","23,050","±2,809","23,050","±2,809","60,462","±8,868","18,923","±2,542","18,923","±2,542","38,059","±2,687","5,895","±1,125","5,895","±1,125","40,417","±11,632","8,072","±1,348","8,072","±1,348","39,097","±10,299","16,083","±2,193","16,083","±2,193","34,267","±6,002","30,915","±2,815","30,915","±2,815","41,353","±4,917","11,095","±1,736","11,095","±1,736","46,296","±1,925","12,177","±1,968","12,177","±1,968","47,756","±7,766","31,786","±2,496","31,786","±2,496","31,460","±4,567","8,519","±1,546","8,519","±1,546","60,779","±7,727","8,825","±1,568","8,825","±1,568","33,316","±9,923","8,804","±1,571","8,804","±1,571","30,190","±5,459","8,535","±1,598","8,535","±1,598","31,223","±3,752","7,536","±1,601","7,536","±1,601","39,715","±9,007","9,710","±1,657","9,710","±1,657","32,426","±7,497"
"        Female householder","24,660,465","±91,553","53.0%","±0.1","39,829","±204","740,404","±13,601","54.5%","±0.7","37,560","±1,263","3,906","±961","57.6%","±9.6","38,205","±12,683","4,274","±895","42.8%","±6.5","39,774","±10,508","16,190","±1,972","60.9%","±5.0","27,252","±4,509","7,140","±1,016","45.3%","±5.9","29,621","±12,373","7,211","±1,378","55.9%","±6.8","31,108","±11,210","4,164","±927","53.4%","±8.6","21,193","±9,180","28,007","±2,253","54.8%","±3.6","38,756","±4,828","13,212","±1,956","50.1%","±5.6","50,778","±7,779","15,116","±1,339","52.7%","±4.3","30,964","±5,461","22,925","±2,541","52.1%","±5.1","40,574","±6,969","54,841","±3,912","56.4%","±2.8","56,230","±3,475","7,404","±1,737","54.0%","±8.4","50,187","±11,842","8,062","±1,407","56.9%","±8.3","44,678","±10,278","67,658","±3,636","58.1%","±2.5","52,537","±3,496","6,983","±1,316","54.8%","±6.1","23,176","±4,463","7,491","±1,652","54.0%","±7.6","29,977","±15,770","2,168","±754","42.0%","±9.7","33,242","±14,127","5,522","±1,032","61.5%","±7.9","31,250","±13,517","5,741","±1,035","46.9%","±6.8","22,564","±3,111","8,144","±1,462","57.0%","±6.3","53,823","±11,850","114,611","±5,100","52.5%","±1.7","57,799","±5,931","7,847","±1,427","66.8%","±7.2","24,078","±6,570","47,783","±3,471","57.7%","±3.0","40,652","±5,535","10,803","±1,632","55.1%","±5.4","37,277","±11,583","11,192","±2,020","48.6%","±6.7","52,304","±9,695","10,193","±1,873","53.9%","±7.3","35,500","±5,951","3,394","±969","57.6%","±11.4","32,081","±11,242","3,086","±859","38.2%","±9.0","23,328","±4,966","9,891","±1,567","61.5%","±6.6","24,764","±8,560","18,033","±1,895","58.3%","±4.4","35,823","±8,274","5,313","±1,491","47.9%","±10.2","39,051","±13,969","7,997","±1,698","65.7%","±9.1","39,721","±8,277","15,547","±1,709","48.9%","±4.0","30,722","±4,136","5,251","±1,410","61.6%","±10.7","56,250","±11,679","4,629","±1,030","52.5%","±8.9","31,848","±18,364","5,051","±1,219","57.4%","±8.9","23,453","±8,160","4,649","±1,183","54.5%","±8.9","24,898","±13,346","3,654","±1,135","48.5%","±11.7","29,375","±12,136","4,827","±1,110","49.7%","±8.9","37,480","±5,189"
"            Living alone","20,305,432","±76,715","43.6%","±0.1","34,202","±184","632,217","±12,490","46.5%","±0.7","33,623","±1,200","2,663","±774","39.3%","±9.5","30,344","±6,033","3,476","±804","34.8%","±6.4","37,070","±9,710","14,599","±1,814","54.9%","±4.9","26,130","±4,085","4,236","±1,078","26.8%","±6.3","29,803","±17,914","5,706","±1,264","44.2%","±7.4","24,545","±5,305","3,634","±910","46.6%","±10.1","20,699","±7,842","23,280","±2,420","45.6%","±4.1","35,322","±5,559","11,816","±1,879","44.8%","±5.5","48,487","±5,705","10,265","±1,608","35.8%","±5.0","31,109","±5,919","19,899","±2,389","45.2%","±5.4","36,374","±7,284","43,920","±3,741","45.2%","±2.9","51,859","±6,070","6,344","±1,654","46.2%","±8.7","46,489","±14,487","6,260","±1,280","44.2%","±9.0","38,038","±11,368","54,900","±3,901","47.1%","±2.7","46,238","±4,473","5,868","±1,159","46.1%","±6.7","24,568","±5,476","6,615","±1,631","47.7%","±8.3","26,871","±6,979","1,941","±609","37.6%","±8.4","31,288","±6,932","4,580","±961","51.0%","±8.7","29,514","±11,613","5,404","±999","44.1%","±6.7","22,004","±3,566","6,892","±1,283","48.2%","±6.3","48,586","±7,446","98,521","±5,129","45.1%","±1.8","51,655","±3,736","6,892","±1,501","58.7%","±8.3","22,225","±6,121","40,535","±3,329","49.0%","±2.9","34,865","±4,598","9,572","±1,484","48.8%","±4.9","33,134","±10,225","9,844","±1,896","42.7%","±6.6","50,307","±11,127","8,755","±1,809","46.3%","±7.9","35,211","±6,872","2,856","±934","48.4%","±11.3","34,750","±16,138","2,587","±845","32.0%","±8.7","21,661","±5,786","8,529","±1,670","53.0%","±7.4","20,711","±5,152","16,873","±1,814","54.6%","±4.3","32,350","±8,644","4,480","±1,376","40.4%","±9.9","32,768","±16,963","6,185","±1,474","50.8%","±9.4","36,416","±8,591","13,305","±1,735","41.9%","±4.4","28,985","±6,100","4,893","±1,302","57.4%","±9.6","54,303","±17,559","3,726","±893","42.2%","±7.5","27,644","±20,063","4,631","±1,150","52.6%","±8.6","21,115","±7,765","4,126","±1,171","48.3%","±8.9","24,084","±7,636","3,465","±1,142","46.0%","±11.6","27,802","±12,386","4,454","±1,074","45.9%","±8.3","36,939","±5,453"
"            Not living alone","4,355,033","±39,924","9.4%","±0.1","78,407","±724","108,187","±5,622","8.0%","±0.4","71,492","±5,065","1,243","±655","18.3%","±8.8","108,807","±53,991","798","±439","8.0%","±4.2","49,821","±38,116","1,591","±618","6.0%","±2.2","67,571","±42,082","2,904","±658","18.4%","±4.4","29,596","±15,107","1,505","±757","11.7%","±5.7","80,056","±56,384","530","±433","6.8%","±5.1","34,610","±113,909","4,727","±1,105","9.3%","±2.2","59,849","±11,109","1,396","±673","5.3%","±2.5","83,280","±22,246","4,851","±1,008","16.9%","±3.8","26,307","±18,452","3,026","±1,405","6.9%","±3.1","64,645","±25,685","10,921","±2,009","11.2%","±2.0","98,880","±21,578","1,060","±777","7.7%","±5.6","57,117","±10,472","1,802","±820","12.7%","±5.3","103,632","±23,983","12,758","±1,961","11.0%","±1.8","92,885","±19,399","1,115","±732","8.8%","±5.4","20,727","±23,898","876","±590","6.3%","±4.2","89,699","±77,324","227","±331","4.4%","±6.1","-","**","942","±749","10.5%","±8.2","41,490","±58,238","337","±215","2.8%","±1.7","24,100","±26,510","1,252","±806","8.8%","±5.4","185,613","±64,782","16,090","±2,080","7.4%","±0.9","96,808","±8,704","955","±511","8.1%","±4.5","29,274","±71,788","7,248","±1,402","8.8%","±1.7","90,059","±6,292","1,231","±664","6.3%","±3.3","64,920","±17,930","1,348","±764","5.8%","±3.3","57,368","±68,739","1,438","±982","7.6%","±5.1","69,797","±83,692","538","±346","9.1%","±6.0","31,663","±61,593","499","±295","6.2%","±3.8","84,177","±66,112","1,362","±874","8.5%","±5.6","50,860","±8,168","1,160","±617","3.8%","±2.0","75,861","±11,623","833","±541","7.5%","±4.7","82,608","±74,179","1,812","±847","14.9%","±6.5","96,075","±16,685","2,242","±758","7.1%","±2.4","58,377","±27,660","358","±407","4.2%","±4.8","61,150","±15,694","903","±713","10.2%","±8.1","40,665","±16,598","420","±397","4.8%","±4.5","39,702","±112,966","523","±427","6.1%","±5.1","48,594","±1,751","189","±166","2.5%","±2.3","143,768","±99,733","373","±295","3.8%","±3.2","75,762","±76,402"
"        Male householder","21,906,310","±74,086","47.0%","±0.1","51,790","±173","618,829","±11,587","45.5%","±0.7","52,290","±1,250","2,876","±800","42.4%","±9.6","52,615","±18,668","5,703","±1,217","57.2%","±6.5","45,744","±27,860","10,386","±1,645","39.1%","±5.0","36,803","±4,388","8,637","±1,329","54.7%","±5.9","41,052","±10,564","5,690","±1,144","44.1%","±6.8","40,714","±10,896","3,635","±947","46.6%","±8.6","38,974","±15,450","23,091","±2,324","45.2%","±3.6","51,615","±10,011","13,182","±2,075","49.9%","±5.6","73,233","±13,726","13,559","±1,703","47.3%","±4.3","36,544","±3,491","21,101","±3,058","47.9%","±5.1","51,719","±5,356","42,362","±3,263","43.6%","±2.8","69,438","±8,143","6,319","±1,552","46.0%","±8.4","42,227","±18,888","6,103","±1,621","43.1%","±8.3","77,804","±39,180","48,841","±3,834","41.9%","±2.5","56,699","±6,337","5,759","±1,076","45.2%","±6.1","29,395","±9,486","6,390","±1,330","46.0%","±7.6","67,403","±11,521","2,998","±754","58.0%","±9.7","61,009","±33,439","3,456","±1,014","38.5%","±7.9","64,069","±65,558","6,511","±1,341","53.1%","±6.8","44,960","±6,748","6,155","±1,246","43.0%","±6.3","77,424","±13,473","103,703","±4,719","47.5%","±1.7","79,412","±7,027","3,902","±1,077","33.2%","±7.2","35,911","±12,517","34,982","±3,013","42.3%","±3.0","60,298","±8,612","8,802","±1,316","44.9%","±5.4","52,320","±11,717","11,858","±2,156","51.4%","±6.7","72,598","±14,268","8,730","±1,853","46.1%","±7.3","41,929","±18,695","2,501","±796","42.4%","±11.4","47,082","±29,186","4,986","±1,135","61.8%","±9.0","41,796","±7,431","6,192","±1,449","38.5%","±6.6","44,915","±8,662","12,882","±1,972","41.7%","±4.4","47,740","±6,966","5,782","±1,348","52.1%","±10.2","63,352","±15,181","4,180","±1,292","34.3%","±9.1","51,258","±11,988","16,239","±1,879","51.1%","±4.0","32,360","±12,485","3,268","±1,003","38.4%","±10.7","64,612","±18,829","4,196","±1,162","47.5%","±8.9","33,588","±9,766","3,753","±1,020","42.6%","±8.9","50,595","±17,993","3,886","±996","45.5%","±8.9","40,232","±17,305","3,882","±1,246","51.5%","±11.7","46,305","±18,962","4,883","±1,266","50.3%","±8.9","26,594","±9,691"
"            Living alone","16,855,668","±71,731","36.2%","±0.1","43,750","±243","476,379","±10,707","35.0%","±0.7","45,296","±1,573","1,947","±738","28.7%","±9.5","50,284","±10,521","4,357","±1,136","43.7%","±7.8","40,536","±17,112","8,571","±1,565","32.3%","±5.2","33,817","±4,729","5,146","±1,409","32.6%","±7.9","31,346","±17,532","4,489","±1,182","34.8%","±7.2","38,781","±6,747","3,228","±911","41.4%","±8.9","37,517","±27,776","16,758","±2,292","32.8%","±4.1","46,705","±8,086","10,246","±1,922","38.8%","±5.5","59,034","±20,588","7,337","±1,378","25.6%","±4.4","35,164","±11,091","17,329","±2,549","39.4%","±4.4","48,868","±10,717","31,366","±2,826","32.3%","±2.4","60,817","±7,138","5,286","±1,610","38.5%","±9.4","40,402","±9,923","4,464","±1,459","31.5%","±8.2","65,090","±44,058","36,201","±3,327","31.1%","±2.4","50,763","±5,559","4,951","±897","38.9%","±5.1","29,212","±9,319","5,108","±1,258","36.8%","±7.9","62,521","±18,465","2,319","±760","44.9%","±11.6","51,055","±43,580","2,720","±951","30.3%","±7.9","63,048","±27,570","4,587","±1,027","37.4%","±6.6","37,250","±10,378","5,325","±1,222","37.2%","±6.4","71,666","±12,351","77,506","±5,140","35.5%","±2.0","69,070","±6,093","3,213","±1,044","27.3%","±6.8","30,183","±13,031","25,730","±3,216","31.1%","±3.5","47,859","±7,121","6,237","±1,129","31.8%","±5.3","43,834","±5,575","9,127","±2,049","39.6%","±7.1","68,021","±15,296","8,094","±1,725","42.8%","±7.1","40,486","±17,412","1,763","±694","29.9%","±10.6","46,678","±19,891","3,618","±912","44.8%","±10.7","38,619","±6,991","4,126","±1,036","25.7%","±5.7","41,887","±5,751","10,097","±1,643","32.7%","±4.1","41,182","±8,833","4,215","±1,220","38.0%","±10.2","56,802","±13,531","3,119","±1,191","25.6%","±8.8","48,762","±3,759","13,631","±1,854","42.9%","±4.7","27,261","±9,481","2,828","±958","33.2%","±10.5","70,236","±25,089","3,664","±1,138","41.5%","±9.4","32,767","±14,975","3,087","±949","35.1%","±8.7","41,524","±17,548","3,266","±946","38.3%","±8.5","30,977","±12,391","2,658","±966","35.3%","±9.7","40,379","±8,883","4,534","±1,249","46.7%","±9.1","25,417","±9,544"
"            Not living alone","5,050,642","±42,191","10.8%","±0.1","88,315","±758","142,450","±7,498","10.5%","±0.5","82,228","±5,209","929","±526","13.7%","±7.7","68,773","±23,691","1,346","±568","13.5%","±5.4","133,257","±48,074","1,815","±914","6.8%","±3.3","44,909","±9,770","3,491","±988","22.1%","±6.0","47,951","±7,045","1,201","±569","9.3%","±4.5","60,486","±10,345","407","±357","5.2%","±4.4","57,114","±67,285","6,333","±1,527","12.4%","±2.8","73,460","±22,865","2,936","±1,121","11.1%","±4.2","94,932","±5,767","6,222","±1,517","21.7%","±4.9","37,654","±5,342","3,772","±1,410","8.6%","±3.0","73,615","±26,808","10,996","±1,580","11.3%","±1.6","116,205","±19,398","1,033","±580","7.5%","±4.3","103,637","±39,228","1,639","±925","11.6%","±6.4","103,788","±57,457","12,640","±2,152","10.8%","±1.8","94,469","±28,597","808","±507","6.3%","±3.8","29,842","±110,118","1,282","±726","9.2%","±5.1","123,192","±19,309","679","±489","13.1%","±9.4","93,534","±22,429","736","±458","8.2%","±5.0","135,840","±8,427","1,924","±1,008","15.7%","±7.6","57,194","±40,794","830","±475","5.8%","±3.3","126,250","±16,110","26,197","±2,791","12.0%","±1.3","111,027","±11,051","689","±483","5.9%","±4.3","143,387","±118,760","9,252","±1,906","11.2%","±2.2","103,503","±18,049","2,565","±896","13.1%","±4.3","108,938","±11,288","2,731","±1,109","11.8%","±4.7","90,825","±72,196","636","±451","3.4%","±2.2","72,355","±87,429","738","±456","12.5%","±7.5","84,541","±107,935","1,368","±1,058","16.9%","±12.2","61,262","±744","2,066","±1,175","12.8%","±6.7","62,067","±19,822","2,785","±1,023","9.0%","±3.1","68,392","±9,873","1,567","±951","14.1%","±8.0","75,762","±39,636","1,061","±598","8.7%","±4.9","91,010","±32,224","2,608","±934","8.2%","±2.8","90,156","±33,190","440","±348","5.2%","±4.1","53,762","±2,412","532","±389","6.0%","±4.3","53,977","±36,882","666","±483","7.6%","±5.4","62,325","±25,929","620","±518","7.3%","±6.1","58,238","±20,296","1,224","±783","16.2%","±9.9","127,548","±131,408","349","±298","3.6%","±3.1","61,394","±59,627"