TAID,Name,IUPAC Name,PubChem CID,Canonical SMILES,InChIKey,Toxicity Value
TOX-16,sucrose,"(2R,3R,4S,5S,6R)-2-[(2S,3S,4S,5R)-3,4-dihydroxy-2,5-bis(hydroxymethyl)oxolan-2-yl]oxy-6-(hydroxymethyl)oxane-3,4,5-triol",5988,OC[C@H]1O[C@H](O[C@]2(CO)O[C@H](CO)[C@@H](O)[C@@H]2O)[C@H](O)[C@@H](O)[C@@H]1O,CZMRCDWAGMRECN-UGDNZRGBSA-N,1
TOX-21,D-Sorbitol,"(2R,3R,4R,5S)-hexane-1,2,3,4,5,6-hexol",5780,OC[C@H](O)[C@@H](O)[C@H](O)[C@H](O)CO,FBPFZTCFMRRESA-JGWLITMVSA-N,0
TOX-206,BENZYL BENZOATE,benzyl benzoate,2345,O=C(OCc1ccccc1)c1ccccc1,SESFRYSPDFLNCH-UHFFFAOYSA-N,0
TOX-340,ergocalciferol,"(1S,3Z)-3-[(2E)-2-[(1R,3aS,7aR)-1-[(E,2R,5R)-5,6-dimethylhept-3-en-2-yl]-7a-methyl-2,3,3a,5,6,7-hexahydro-1H-inden-4-ylidene]ethylidene]-4-methylidenecyclohexan-1-ol",5280793,C=C1CC[C@H](O)C/C1=C/C=C1\CCC[C@@]2(C)[C@H]1CC[C@@H]2[C@H](C)/C=C/[C@H](C)C(C)C,MECHNRXZTMCUDQ-RKHKHRCZSA-N,1
TOX-530,isopropanol,propan-2-ol,3776,CC(C)O,KFZMGEQAYNKOFK-UHFFFAOYSA-N,1
TOX-565,colchicine,"N-[(7S)-1,2,3,10-tetramethoxy-9-oxo-6,7-dihydro-5H-benzo[a]heptalen-7-yl]acetamide",6167,COc1cc2c(c(OC)c1OC)-c1ccc(OC)c(=O)cc1[C@@H](NC(C)=O)CC2,IAKHMKGGTNLKSZ-INIZCTEOSA-N,1
TOX-901,ethanol,ethanol,702,CCO,LFQSCWFLJHTTHZ-UHFFFAOYSA-N,1
TOX-954,theophylline,"1,3-dimethyl-7H-purine-2,6-dione",2153,Cn1c(=O)c2[nH]cnc2n(C)c1=O,ZFXYFBGIUFBOJW-UHFFFAOYSA-N,1
TOX-964,caffeine,"1,3,7-trimethylpurine-2,6-dione",2519,Cn1c(=O)c2c(ncn2C)n(C)c1=O,RYYVLZVUVIJVGH-UHFFFAOYSA-N,1
TOX-980,methyl salicylate,methyl 2-hydroxybenzoate,4133,COC(=O)c1ccccc1O,OSWPMRLSEDHDFF-UHFFFAOYSA-N,1
TOX-995,,4-methoxyphenol,9015,COc1ccc(O)cc1,NWVVVBRKAWDGAB-UHFFFAOYSA-N,1
TOX-1031,retinol,"(2E,4E,6E,8E)-3,7-dimethyl-9-(2,6,6-trimethylcyclohexen-1-yl)nona-2,4,6,8-tetraen-1-ol",445354,CC1=C(/C=C/C(C)=C/C=C/C(C)=C/CO)C(C)(C)CCC1,FPIPGXGPPPQFEQ-OVSJKPMPSA-N,1
TOX-1045,dimethyl sulfoxide,methylsulfinylmethane,679,CS(C)=O,IAZDPXIOMUYVGZ-UHFFFAOYSA-N,1
TOX-1193,BENZOYL PEROXIDE,benzoyl benzenecarboperoxoate,7187,O=C(OOC(=O)c1ccccc1)c1ccccc1,OMPJBNCRMGITSC-UHFFFAOYSA-N,1
TOX-1632,palmitic acid,hexadecanoic acid,985,CCCCCCCCCCCCCCCC(=O)O,IPCSVZSSVZVIGE-UHFFFAOYSA-N,1
TOX-1703,salicylic acid,2-hydroxybenzoic acid,338,O=C(O)c1ccccc1O,YGSDEFSMJLZEOE-UHFFFAOYSA-N,1
TOX-1704,LIMONENE,1-methyl-4-prop-1-en-2-ylcyclohexene,22311,C=C(C)C1CC=C(C)CC1,XMGQYMWWDOXHJM-UHFFFAOYSA-N,1
TOX-1705,naphthalene,naphthalene,931,c1ccc2ccccc2c1,UFWIBTONFRDIAS-UHFFFAOYSA-N,1
TOX-1713,,"2,4-dinitrophenol",1493,O=[N+]([O-])c1ccc(O)c([N+](=O)[O-])c1,UFBJCMHMOXMLKC-UHFFFAOYSA-N,1
TOX-1717,,naphthalen-2-ol,8663,Oc1ccc2ccccc2c1,JWAZRIHNYRIHIV-UHFFFAOYSA-N,1
TOX-1869,P-CRESOL,4-methylphenol,2879,Cc1ccc(O)cc1,IWDCLRJOBJJRNH-UHFFFAOYSA-N,1
TOX-1954,EDTA,2-[2-[bis(carboxymethyl)amino]ethyl-(carboxymethyl)amino]acetic acid,6049,O=C(O)CN(CCN(CC(=O)O)CC(=O)O)CC(=O)O,KCXVZYZYPLLWCC-UHFFFAOYSA-N,1
TOX-2156,phenol,phenol,996,Oc1ccccc1,ISWSIDIOOBJBQZ-UHFFFAOYSA-N,1
TOX-2200,resorcinol,"benzene-1,3-diol",5054,Oc1cccc(O)c1,GHMLBKRAJCXXBS-UHFFFAOYSA-N,1
TOX-2231,benzoic acid,benzoic acid,243,O=C(O)c1ccccc1,WPYMKLBDIGXBTP-UHFFFAOYSA-N,1
TOX-2235,STYRENE,styrene,7501,C=Cc1ccccc1,PPBRXRYQALVLMV-UHFFFAOYSA-N,1
TOX-2307,dopamine,"4-(2-aminoethyl)benzene-1,2-diol",681,NCCc1ccc(O)c(O)c1,VYFYYTLLBUKUHU-UHFFFAOYSA-N,1
TOX-2388,methylene blue,[7-(dimethylamino)phenothiazin-3-ylidene]-dimethylazanium;chloride,6099,CN(C)c1ccc2nc3ccc(=[N+](C)C)cc-3sc2c1.[Cl-],CXKWCBBOMKCUKX-UHFFFAOYSA-M,1
TOX-2394,octanoic acid,octanoic acid,379,CCCCCCCC(=O)O,WWZKQHOCKIZLMA-UHFFFAOYSA-N,0
TOX-2399,,2-nitropropane,398,CC(C)[N+](=O)[O-],FGLBSLMDCBOPQK-UHFFFAOYSA-N,1
TOX-2406,acetic acid,acetic acid,176,CC(=O)O,QTBSBXVTEAMEQO-UHFFFAOYSA-N,1
TOX-2407,acetone,propan-2-one,180,CC(C)=O,CSCPPACGZOOCGX-UHFFFAOYSA-N,1
TOX-2644,Aziridine,aziridine,9033,C1CN1,NOWKCMXCCJGMRR-UHFFFAOYSA-N,1
TOX-2714,glycine,2-aminoacetic acid,750,NCC(=O)O,DHMQDGOQFOQNFH-UHFFFAOYSA-N,1
TOX-2724,Hydroxyethyl cellulose,"5-[6-[[3,4-dihydroxy-6-(hydroxymethyl)-5-methoxyoxan-2-yl]oxymethyl]-3,4-dihydroxy-5-[4-hydroxy-3-(2-hydroxyethoxy)-6-(hydroxymethyl)-5-methoxyoxan-2-yl]oxyoxan-2-yl]oxy-6-(hydroxymethyl)-2-methyloxane-3,4-diol",24846132,COC1C(CO)OC(OCC2OC(OC3C(CO)OC(C)C(O)C3O)C(O)C(O)C2OC2OC(CO)C(OC)C(O)C2OCCO)C(O)C1O,CWSZBVAUYPTXTG-UHFFFAOYSA-N,1
TOX-2835,methenamine,"1,3,5,7-tetrazatricyclo[3.3.1.13,7]decane",4101,C1N2CN3CN1CN(C2)C3,VKYKSIONXSXAKP-UHFFFAOYSA-N,1
TOX-2969,,"1,2-dichloropropane",6564,CC(Cl)CCl,KNKRKFALVUDBJE-UHFFFAOYSA-N,1
TOX-3143,,butan-2-one,6569,CCC(C)=O,ZWEHNKRNPOVVGH-UHFFFAOYSA-N,1
TOX-3146,toluene,toluene,1140,Cc1ccccc1,YXFVVABEGXRONW-UHFFFAOYSA-N,1
TOX-3152,TRIETHANOLAMINE,2-[bis(2-hydroxyethyl)amino]ethanol,7618,OCCN(CCO)CCO,GSEJCLTVZPLZKY-UHFFFAOYSA-N,1
TOX-3163,AMARANTH,"trisodium;3-hydroxy-4-[(4-sulfonatonaphthalen-1-yl)diazenyl]naphthalene-2,7-disulfonate",13506,O=S(=O)([O-])c1ccc2c(N=Nc3ccc(S(=O)(=O)[O-])c4ccccc34)c(O)c(S(=O)(=O)[O-])cc2c1.[Na+].[Na+].[Na+],WLDHEUZGFKACJH-UHFFFAOYSA-K,1
TOX-3173,sodium chloride,sodium;chloride,5234,[Cl-].[Na+],FAPWRFPIFSIZLT-UHFFFAOYSA-M,1
TOX-3459,Ethanolamine,2-aminoethanol,700,NCCO,HZAXFHJVJLSVMW-UHFFFAOYSA-N,1
TOX-3507,AMMONIUM CHLORIDE,azanium;chloride,25517,[Cl-].[NH4+],NLXLAEXVIDQMFP-UHFFFAOYSA-N,1
TOX-3892,,"1,2-dichloroethane",11,ClCCCl,WSLDOOZREJYCGB-UHFFFAOYSA-N,1
TOX-3893,diuron,"3-(3,4-dichlorophenyl)-1,1-dimethylurea",3120,CN(C)C(=O)Nc1ccc(Cl)c(Cl)c1,XMTQQYYKAHVGBJ-UHFFFAOYSA-N,1
TOX-3906,ETHYLENE GLYCOL,"ethane-1,2-diol",174,OCCO,LYCAIKOWRPUZTN-UHFFFAOYSA-N,1
TOX-3968,rotenone,"(1S,6R,13S)-16,17-dimethoxy-6-prop-1-en-2-yl-2,7,20-trioxapentacyclo[11.8.0.03,11.04,8.014,19]henicosa-3(11),4(8),9,14,16,18-hexaen-12-one",6758,C=C(C)[C@H]1Cc2c(ccc3c2O[C@@H]2COc4cc(OC)c(OC)cc4[C@@H]2C3=O)O1,JUVIOZPCNVVQFO-HBGVWJBISA-N,1
TOX-4020,citric acid,"2-hydroxypropane-1,2,3-tricarboxylic acid",311,O=C(O)CC(O)(CC(=O)O)C(=O)O,KRKNYBCHXYNGOX-UHFFFAOYSA-N,1
TOX-4092,,2-phenylacetic acid,999,O=C(O)Cc1ccccc1,WLJVXDMOQOGPHL-UHFFFAOYSA-N,1
TOX-4167,chloroxylenol,"4-chloro-3,5-dimethylphenol",2723,Cc1cc(O)cc(C)c1Cl,OSDLLIBGSJNGJE-UHFFFAOYSA-N,1
TOX-4197,formaldehyde,formaldehyde,712,C=O,WSFSSNUMVMOOMR-UHFFFAOYSA-N,1
TOX-4301,Tributyltin oxide,tributyl(tributylstannyloxy)stannane,16682746,CCCC[Sn](CCCC)(CCCC)O[Sn](CCCC)(CCCC)CCCC,APQHKWPGGHMYKJ-UHFFFAOYSA-N,1
TOX-4311,ALLYL ISOTHIOCYANATE,3-isothiocyanatoprop-1-ene,5971,C=CCN=C=S,ZOJBYZNEUISWFT-UHFFFAOYSA-N,1
TOX-4344,,2-sulfanylethanol,1567,OCCS,DGVVWUTYPXICAM-UHFFFAOYSA-N,1
TOX-4396,Diethyl sulfate,diethyl sulfate,6163,CCOS(=O)(=O)OCC,DENRZWYUOJLTMF-UHFFFAOYSA-N,1
TOX-4415,,"1,10-phenanthroline",1318,c1cnc2c(c1)ccc1cccnc12,DGEZNRSVGBDHLK-UHFFFAOYSA-N,1
TOX-4464,,propan-1-ol,1031,CCCO,BDERNNFJNOPAEC-UHFFFAOYSA-N,1
TOX-4467,,pentan-1-ol,6276,CCCCCO,AMQJEAYHLZJPGS-UHFFFAOYSA-N,0
TOX-4469,,"1,1,1-trichloroethane",6278,CC(Cl)(Cl)Cl,UOCLXMDMGBRAIB-UHFFFAOYSA-N,1
TOX-4501,ACETONITRILE,acetonitrile,6342,CC#N,WEVYAHXRMPXWCK-UHFFFAOYSA-N,1
TOX-4504,DICHLOROMETHANE,dichloromethane,6344,ClCCl,YMWUJEATGCHHMB-UHFFFAOYSA-N,1
TOX-4506,formamide,formamide,713,NC=O,ZHNUHDYFZUAESO-UHFFFAOYSA-N,1
TOX-4514,,"1,1-dichloroethane",6365,CC(Cl)Cl,SCYULBFZEHDVBN-UHFFFAOYSA-N,1
TOX-4525,Trichlorofluoromethane,trichloro(fluoro)methane,6389,FC(Cl)(Cl)Cl,,0
TOX-4538,CHLOROPICRIN,trichloro(nitro)methane,6423,O=[N+]([O-])C(Cl)(Cl)Cl,LFHISGNCFUNFFM-UHFFFAOYSA-N,1
TOX-4582,Tetraethyllead,tetraethylplumbane,6511,CC[Pb](CC)(CC)CC,MRMOZBOQVYRSEM-UHFFFAOYSA-N,1
TOX-4586,PENTAERYTHRITOL TETRANITRATE,"[3-nitrooxy-2,2-bis(nitrooxymethyl)propyl] nitrate",6518,O=[N+]([O-])OCC(CO[N+](=O)[O-])(CO[N+](=O)[O-])CO[N+](=O)[O-],TZRXHJWUDPFEEY-UHFFFAOYSA-N,0
TOX-4609,ISOPHORONE,"3,5,5-trimethylcyclohex-2-en-1-one",6544,CC1=CC(=O)CC(C)(C)C1,HJOVHMDZYOCNQW-UHFFFAOYSA-N,1
TOX-4646,,"1,1,2,2-tetrachloroethane",6591,ClC(Cl)C(Cl)Cl,QPFMBZIOSGYJDE-UHFFFAOYSA-N,1
TOX-4664,Bisphenol A,4-[2-(4-hydroxyphenyl)propan-2-yl]phenol,6623,CC(C)(c1ccc(O)cc1)c1ccc(O)cc1,IISBACLAFKSPIT-UHFFFAOYSA-N,1
TOX-4679,DICUMYL PEROXIDE,2-(2-phenylpropan-2-ylperoxy)propan-2-ylbenzene,6641,CC(C)(OOC(C)(C)c1ccccc1)c1ccccc1,XMNIXWIUMCBBBL-UHFFFAOYSA-N,1
TOX-4761,dibutyl phthalate,"dibutyl benzene-1,2-dicarboxylate",3026,CCCCOC(=O)c1ccccc1C(=O)OCCCC,DOIRQSBPFJWKBE-UHFFFAOYSA-N,1
TOX-4777,PHTHALIMIDE,"isoindole-1,3-dione",6809,O=C1NC(=O)c2ccccc21,XKJCHHZQLQNZHY-UHFFFAOYSA-N,1
TOX-4834,,"1,2,3-trichlorobenzene",6895,Clc1cccc(Cl)c1Cl,RELMFMZEBKVZJC-UHFFFAOYSA-N,0
TOX-4872,DINOSEB,"2-butan-2-yl-4,6-dinitrophenol",6950,CCC(C)c1cc([N+](=O)[O-])cc([N+](=O)[O-])c1O,OWZPCEFYPSAJFR-UHFFFAOYSA-N,1
TOX-4940,ethoxyquin,"6-ethoxy-2,2,4-trimethyl-1H-quinoline",3293,CCOc1ccc2c(c1)C(C)=CC(C)(C)N2,DECIPOUIJURFOJ-UHFFFAOYSA-N,0
TOX-5055,,"2-ethylhexane-1,3-diol",7211,CCCC(O)C(CC)CO,RWLALWYNXFYRGW-UHFFFAOYSA-N,1
TOX-5090,,"2-methylbenzene-1,4-diamine",7252,Cc1cc(N)ccc1N,OBCSAIDCZQSFQH-UHFFFAOYSA-N,1
TOX-5109,Styrene oxide,2-phenyloxirane,7276,c1ccc(C2CO2)cc1,AWMVMTVKBNGEAK-UHFFFAOYSA-N,1
TOX-5141,,"2,4-dinitroaniline",7321,Nc1ccc([N+](=O)[O-])cc1[N+](=O)[O-],LXQOQPGNCGEELI-UHFFFAOYSA-N,1
TOX-5166,BUTYL METHACRYLATE,butyl 2-methylprop-2-enoate,7354,C=C(C)C(=O)OCCCC,SOGAXMICEFXMKE-UHFFFAOYSA-N,1
TOX-5221,,"2,6-dichloro-4-nitroaniline",7430,Nc1c(Cl)cc([N+](=O)[O-])cc1Cl,BIXZHMJUSMUDOQ-UHFFFAOYSA-N,0
TOX-5244,GAMMA-TERPINENE,"1-methyl-4-propan-2-ylcyclohexa-1,4-diene",7461,CC1=CCC(C(C)C)=CC1,YKFLAYDHMOASIY-UHFFFAOYSA-N,1
TOX-5274,ETHYLBENZENE,ethylbenzene,7500,CCc1ccccc1,YNQLUTRBYVCPMQ-UHFFFAOYSA-N,1
TOX-5332,,4-(4-aminophenoxy)aniline,7579,Nc1ccc(Oc2ccc(N)cc2)cc1,HLBLWEWZXPIGSM-UHFFFAOYSA-N,1
TOX-5378,,2-ethylhexyl acetate,7635,CCCCC(CC)COC(C)=O,WOYWLLHHWAMFCB-UHFFFAOYSA-N,0
TOX-5387,,4-(morpholin-4-yldisulfanyl)morpholine,7648,C1CN(SSN2CCOCC2)CCO1,HLBZWYXLQJQBKU-UHFFFAOYSA-N,1
TOX-5507,CITRONELLAL,"3,7-dimethyloct-6-enal",7794,CC(C)=CCCC(C)CC=O,NEHNMFOYXAPHSD-UHFFFAOYSA-N,1
TOX-5518,P-XYLENE,"1,4-xylene",7809,Cc1ccc(C)cc1,URLKBWYHVLBVBO-UHFFFAOYSA-N,1
TOX-5539,,2-ethyloxirane,7834,CCC1CO1,RBACIKXCRWGCBB-UHFFFAOYSA-N,1
TOX-5555,PROPIONITRILE,propanenitrile,7854,CCC#N,FVSKHRXBFJPNKK-UHFFFAOYSA-N,1
TOX-5558,ethylenediamine,"ethane-1,2-diamine",3301,NCCN,PIICEJLVQHRZGT-UHFFFAOYSA-N,1
TOX-5566,METHYL FORMATE,methyl formate,7865,COC=O,TZIHFWKZFHZASV-UHFFFAOYSA-N,1
TOX-5595,,1-methoxypropan-2-ol,7900,COCC(C)O,ARXJGSRGQADJSQ-UHFFFAOYSA-N,1
TOX-5605,Diisopropyl ether,2-propan-2-yloxypropane,7914,CC(C)OC(C)C,ZAFNJMIOTHYJRJ-UHFFFAOYSA-N,1
TOX-5612,MALEIC ANHYDRIDE,"furan-2,5-dione",7923,O=C1C=CC(=O)O1,FPYJFEHAWHCUMM-UHFFFAOYSA-N,1
TOX-5669,,"1,3-dibutylthiourea",2723622,CCCCNC(=S)NCCCC,KFFQABQEJATQAT-UHFFFAOYSA-N,1
TOX-5691,,2-(methylamino)ethanol,8016,CNCCO,OPKOKAMJFNKNAS-UHFFFAOYSA-N,1
TOX-5723,HEXANE,hexane,8058,CCCCCC,VLKZOEOYAKHREP-UHFFFAOYSA-N,1
TOX-5727,,"butane-1,4-diol",8064,OCCCCO,WERYXYBDKMZEQL-UHFFFAOYSA-N,1
TOX-5735,,"1,2-dimethoxyethane",8071,COCCOC,XTHFKEDIFFGKHM-UHFFFAOYSA-N,1
TOX-5776,DIETHYLENE GLYCOL,2-(2-hydroxyethoxy)ethanol,8117,OCCOCCO,MTHSVFCYNBDYFN-UHFFFAOYSA-N,1
TOX-5790,,2-butoxyethanol,8133,CCCCOCCO,POAOYUHQDCAZBD-UHFFFAOYSA-N,1
TOX-5791,,2-(2-methoxyethoxy)ethanol,8134,COCCOCCO,SBASXUCJHJRPEV-UHFFFAOYSA-N,1
TOX-5800,Diglyme,1-methoxy-2-(2-methoxyethoxy)ethane,8150,COCCOCCOC,SBZXBUIDTXKZTM-UHFFFAOYSA-N,1
TOX-5811,TRIETHYLENE GLYCOL,2-[2-(2-hydroxyethoxy)ethoxy]ethanol,8172,OCCOCCOCCO,ZIBGPFATKBEMQZ-UHFFFAOYSA-N,1
TOX-5813,,decan-1-ol,8174,CCCCCCCCCCO,MWKFXSUHUHTGQN-UHFFFAOYSA-N,0
TOX-5824,,dodecan-1-ol,8193,CCCCCCCCCCCCO,LQZZUXJYWNFBMV-UHFFFAOYSA-N,1
TOX-5971,Ethylparaben,ethyl 4-hydroxybenzoate,8434,CCOC(=O)c1ccc(O)cc1,NUVBSKCKDOMJSU-UHFFFAOYSA-N,1
TOX-6013,TRIETHYLAMINE,"N,N-diethylethanamine",8471,CCN(CC)CC,ZMANZCXQSJIPKH-UHFFFAOYSA-N,1
TOX-6024,propyl gallate,"propyl 3,4,5-trihydroxybenzoate",4947,CCCOC(=O)c1cc(O)c(O)c(O)c1,ZTHYODDOHIVTJV-UHFFFAOYSA-N,1
TOX-6026,CYCLONITE,"1,3,5-trinitro-1,3,5-triazinane",8490,O=[N+]([O-])N1CN([N+](=O)[O-])CN([N+](=O)[O-])C1,XTFIVUDBNACUBN-UHFFFAOYSA-N,1
TOX-6044,simazine,"6-chloro-2-N,4-N-diethyl-1,3,5-triazine-2,4-diamine",5216,CCNc1nc(Cl)nc(NCC)n1,ODCWYMIRDDJXKW-UHFFFAOYSA-N,1
TOX-6055,PHENOXYACETIC ACID,2-phenoxyacetic acid,19188,O=C(O)COc1ccccc1,LCPDWSOZIOUXRV-UHFFFAOYSA-N,1
TOX-6088,MYRCENE,"7-methyl-3-methylideneocta-1,6-diene",31253,C=CC(=C)CCC=C(C)C,UAHWPYUMFXYFJY-UHFFFAOYSA-N,1
TOX-6107,Butyl acetate,butyl acetate,31272,CCCCOC(C)=O,DKPFZGUDAPQIHT-UHFFFAOYSA-N,1
TOX-6121,OCTADECYLAMINE,octadecan-1-amine,15793,CCCCCCCCCCCCCCCCCCN,REYJJPSVUYRZGE-UHFFFAOYSA-N,0
TOX-6218,Dimethyl phthalate,"dimethyl benzene-1,2-dicarboxylate",8554,COC(=O)c1ccccc1C(=O)OC,NIQCNGHVCWTJSM-UHFFFAOYSA-N,1
TOX-6313,Cetyl ascorbate,"[2-(3,4-dihydroxy-5-oxo-2H-furan-2-yl)-2-hydroxyethyl] hexadecanoate",54676825,CCCCCCCCCCCCCCCC(=O)OCC(O)C1OC(=O)C(O)=C1O,QAQJMLQRFWZOBN-UHFFFAOYSA-N,1
TOX-6356,ETHYL ACRYLATE,ethyl prop-2-enoate,8821,C=CC(=O)OCC,JIGUQPWFLRLWPJ-UHFFFAOYSA-N,1
TOX-6373,formic acid,formic acid,284,O=CO,BDAGIHXWWSANSR-UHFFFAOYSA-N,1
TOX-6377,ETHYL ACETATE,ethyl acetate,8857,CCOC(C)=O,XEKOWRVHYACXOJ-UHFFFAOYSA-N,1
TOX-6378,MESITYL OXIDE,4-methylpent-3-en-2-one,8858,CC(=O)C=C(C)C,SHOJXDKTYKFBRD-UHFFFAOYSA-N,1
TOX-6407,,nonan-1-ol,8914,CCCCCCCCCO,ZWRUINPWMLAQRD-UHFFFAOYSA-N,1
TOX-6430,oxalic acid,oxalic acid,971,O=C(O)C(=O)O,MUBZPKHOEPUJKR-UHFFFAOYSA-N,1
TOX-6456,,"3H-1,3-benzothiazole-2-thione",697993,S=c1[nH]c2ccccc2s1,YXIWHUQXZSMYRE-UHFFFAOYSA-N,1
TOX-6460,,2-ethylhexanoic acid,8697,CCCCC(CC)C(=O)O,OBETXYAYXDNJHR-UHFFFAOYSA-N,1
TOX-6469,,"1,4-dimethoxybenzene",9016,COc1ccc(OC)cc1,OHBQPCCCRFSCAX-UHFFFAOYSA-N,1
TOX-6508,,"1,2-dichloroethene",10900,ClC=CCl,KFUSEUYYWQURPO-UHFFFAOYSA-N,1
TOX-8018,METHYLAMINE,methanamine,6329,CN,BAVYZALUXZFZLV-UHFFFAOYSA-N,1
TOX-8193,,pyrrolidin-2-one,12025,O=C1CCCN1,HNJBEVLQSNELDL-UHFFFAOYSA-N,1
TOX-8301,METHYL ISOCYANATE,methylimino(oxo)methane,12228,CN=C=O,HAMGRBXTJNITHG-UHFFFAOYSA-N,1
TOX-8375,Pentadecane,pentadecane,12391,CCCCCCCCCCCCCCC,YCOZIPAWZNQLMR-UHFFFAOYSA-N,0
TOX-8553,DIBUTYLTIN DICHLORIDE,dibutyl(dichloro)stannane,12688,CCCC[Sn](Cl)(Cl)CCCC,RJGHQTVXGKYATR-UHFFFAOYSA-L,1
TOX-8803,DIMETHYL METHYLPHOSPHONATE,[methoxy(methyl)phosphoryl]oxymethane,12958,COP(C)(=O)OC,VONWDASPFIQPDY-UHFFFAOYSA-N,1
TOX-8944,Dibutyltin oxide,dibutyl(oxo)tin,61221,CCCC[Sn](=O)CCCC,JGFBRKRYDCGYKD-UHFFFAOYSA-N,1
TOX-9108,,1-methylpyrrolidin-2-one,13387,CN1CCCC1=O,SECXISVLQFMRJM-UHFFFAOYSA-N,1
TOX-9480,,"[9-(2-ethoxycarbonylphenyl)-6-(ethylamino)-2,7-dimethylxanthen-3-ylidene]-ethylazanium",65211,CCNc1cc2[o+]c3cc(NCC)c(C)cc3c(-c3ccccc3C(=O)OCC)c2cc1C,IWWWBRIIGAXLCJ-UHFFFAOYSA-O,1
TOX-9484,Methyltin trichloride,trichloro(methyl)stannane,101940,C[Sn](Cl)(Cl)Cl,YFRLQYJXUZRYDN-UHFFFAOYSA-K,1
TOX-9618,Octyl gallate,"octyl 3,4,5-trihydroxybenzoate",61253,CCCCCCCCOC(=O)c1cc(O)c(O)c(O)c1,NRPKURNSADTHLJ-UHFFFAOYSA-N,1
TOX-9859,Butyltin trichloride,butyl(trichloro)stannane,14236,CCCC[Sn](Cl)(Cl)Cl,YMLFYGFCXGNERH-UHFFFAOYSA-K,0
TOX-10081,Tributyltin chloride,tributyl(chloro)stannane,15096,CCCC[Sn](Cl)(CCCC)CCCC,GCTFWCDSFPMHHS-UHFFFAOYSA-M,1
TOX-10082,Tetrabutylstannane,tetrabutylstannane,15098,CCCC[Sn](CCCC)(CCCC)CCCC,AFCAKJKUYFLYFK-UHFFFAOYSA-N,0
TOX-10225,carbofuran,"(2,2-dimethyl-3H-1-benzofuran-7-yl) N-methylcarbamate",2566,CNC(=O)Oc1cccc2c1OC(C)(C)C2,DUEPRVBVGDRKAG-UHFFFAOYSA-N,1
TOX-10440,CLOPYRALID,"3,6-dichloropyridine-2-carboxylic acid",15553,O=C(O)c1nc(Cl)ccc1Cl,HUBANNPOLNYSAD-UHFFFAOYSA-N,0
TOX-10489,,"1,1-dichloro-1-fluoroethane",15586,CC(F)(Cl)Cl,FRCHKSNAZZFGCA-UHFFFAOYSA-N,1
TOX-10863,NITRAPYRIN,2-chloro-6-(trichloromethyl)pyridine,16004,Clc1cccc(C(Cl)(Cl)Cl)n1,DCUJJWWUNKIJPH-UHFFFAOYSA-N,1
TOX-11821,CYANURIC ACID,"1,3,5-triazinane-2,4,6-trione",7956,O=c1[nH]c(=O)[nH]c(=O)[nH]1,ZFSLODLOARCGLH-UHFFFAOYSA-N,0
TOX-11929,,"2-(2,4-dichlorophenoxy)acetic acid",1486,O=C(O)COc1ccc(Cl)cc1Cl,OVSKIKFHRZPJSS-UHFFFAOYSA-N,1
TOX-14367,NITRILOTRIACETIC ACID,2-[bis(carboxymethyl)amino]acetic acid,8758,O=C(O)CN(CC(=O)O)CC(=O)O,MGFYIUFZLHCRTH-UHFFFAOYSA-N,0
TOX-15639,saccharin,"1,1-dioxo-1,2-benzothiazol-3-one",5143,O=C1NS(=O)(=O)c2ccccc21,CVHZOJJKTDOEJC-UHFFFAOYSA-N,0
TOX-16345,PROPANE,propane,6334,CCC,ATUOYWHBWRKTHZ-UHFFFAOYSA-N,1
TOX-16419,malic acid,2-hydroxybutanedioic acid,525,O=C(O)CC(O)C(=O)O,BJEPYKJPYRNKOW-UHFFFAOYSA-N,0
TOX-17137,(11c)methane,methane,297,C,VNWKTOKETHGBQD-UHFFFAOYSA-N,1
TOX-19569,stearic acid,octadecanoic acid,5281,CCCCCCCCCCCCCCCCCC(=O)O,QIQXTHQIDYTFRH-UHFFFAOYSA-N,1
TOX-20928,theobromine,"3,7-dimethylpurine-2,6-dione",5429,Cn1cnc2c1c(=O)[nH]c(=O)n2C,YAPQBXQYLJRXSA-UHFFFAOYSA-N,1
TOX-26326,M-TERPHENYL,"1,3-diphenylbenzene",7076,c1ccc(-c2cccc(-c3ccccc3)c2)cc1,YJTKZCDBKVTVBY-UHFFFAOYSA-N,1
TOX-26585,DIISODECYL PHTHALATE,"bis(8-methylnonyl) benzene-1,2-dicarboxylate",33599,CC(C)CCCCCCCOC(=O)c1ccccc1C(=O)OCCCCCCCC(C)C,ZVFDTKUVRCTHQE-UHFFFAOYSA-N,1
TOX-27058,Diisooctyl phthalate,"bis(6-methylheptyl) benzene-1,2-dicarboxylate",33934,CC(C)CCCCCOC(=O)c1ccccc1C(=O)OCCCCCC(C)C,IJFPVINAQGWBRJ-UHFFFAOYSA-N,1
TOX-28296,ISODECYL METHACRYLATE,8-methylnonyl 2-methylprop-2-enoate,34763,C=C(C)C(=O)OCCCCCCCC(C)C,COCLLEMEIJQBAG-UHFFFAOYSA-N,1
TOX-30556,PROPYLPARABEN,propyl 4-hydroxybenzoate,7175,CCCOC(=O)c1ccc(O)cc1,QELSKZZBTMNZEB-UHFFFAOYSA-N,1
TOX-30807,,2-bromo-2-(bromomethyl)pentanedinitrile,61948,N#CCCC(Br)(C#N)CBr,DHVLDKHFGIVEIP-UHFFFAOYSA-N,1
TOX-34958,HEXAZINONE,"3-cyclohexyl-6-(dimethylamino)-1-methyl-1,3,5-triazine-2,4-dione",39965,CN(C)c1nc(=O)n(C2CCCCC2)c(=O)n1C,CAWXEEYDBZRFPE-UHFFFAOYSA-N,1
TOX-35062,ISOPRENE,"2-methylbuta-1,3-diene",6557,C=CC(=C)C,RRHGJUQNOFWUDK-UHFFFAOYSA-N,1
TOX-46843,M-XYLENE,"1,3-xylene",7929,Cc1cccc(C)c1,IVSZLXZYQVIEFR-UHFFFAOYSA-N,1
TOX-61900,Hexadecylamine,hexadecan-1-amine,8926,CCCCCCCCCCCCCCCCN,FJLUATLTXUNBOT-UHFFFAOYSA-N,1
TOX-64959,,"3,4-dimethylhexyl acetate",22833465,CCC(C)C(C)CCOC(C)=O,NCOFDUNMKGIVBQ-UHFFFAOYSA-N,1
TOX-72455,,2-hydroperoxy-2-(2-hydroperoxybutan-2-ylperoxy)butane,3672772,CCC(C)(OO)OOC(C)(CC)OO,WFUGQJXVXHBTEM-UHFFFAOYSA-N,1
TOX-73273,CHLORDENE,"1,7,8,9,10,10-hexachlorotricyclo[5.2.1.02,6]deca-3,8-diene",19519,ClC1=C(Cl)C2(Cl)C3CC=CC3C1(Cl)C2(Cl)Cl,XCJXQCUJXDUNDN-UHFFFAOYSA-N,1
TOX-73696,,3-chloro-4-methylaniline,7255,Cc1ccc(N)cc1Cl,RQKFYFNZSHWXAW-UHFFFAOYSA-N,1
TOX-80739,benzyl alcohol,phenylmethanol,244,OCc1ccccc1,WVDDGKGOMKODPV-UHFFFAOYSA-N,1
TOX-80834,,benzene,241,c1ccccc1,UHOVQNZJYSORNB-UHFFFAOYSA-N,1
TOX-80987,o-cresol,2-methylphenol,335,Cc1ccccc1O,QWVGKYWNOKOFNN-UHFFFAOYSA-N,1
TOX-80991,cinnamaldehyde,(E)-3-phenylprop-2-enal,637511,O=C/C=C/c1ccccc1,KJPRLNWUNMBNBZ-QPJJXVBHSA-N,1
TOX-81043,DIISONONYL PHTHALATE,"bis(7-methyloctyl) benzene-1,2-dicarboxylate",590836,CC(C)CCCCCCOC(=O)c1ccccc1C(=O)OCCCCCCC(C)C,HBGGXOJOCNVPFY-UHFFFAOYSA-N,1
TOX-81135,sorbic acid,"(2E,4E)-hexa-2,4-dienoic acid",643460,C/C=C/C=C/C(=O)O,WSWCOQWTEOXDQX-MQQKCMAXSA-N,1
TOX-81398,DIDECYL PHTHALATE,"didecyl benzene-1,2-dicarboxylate",6788,CCCCCCCCCCOC(=O)c1ccccc1C(=O)OCCCCCCCCCC,PGIBJVOPLXHHGS-UHFFFAOYSA-N,1
TOX-81424,Dimethyl adipate,dimethyl hexanedioate,12329,COC(=O)CCCCC(=O)OC,UDSFAEKRVUSQDD-UHFFFAOYSA-N,1
TOX-81706,SODIUM NITRATE,sodium;nitrate,24268,O=[N+]([O-])[O-].[Na+],VWDWKYIASSYTQR-UHFFFAOYSA-N,1
TOX-81833,,"2-(hydroxymethyl)isoindole-1,3-dione",8354,O=C1c2ccccc2C(=O)N1CO,MNSGOOCAMMSKGI-UHFFFAOYSA-N,1
TOX-81860,Sodium acetate,sodium;acetate,517045,CC(=O)[O-].[Na+],VMHLLURERBWHNL-UHFFFAOYSA-M,0
TOX-82447,RETINYL ACETATE,"[(2E,4E,6E,8E)-3,7-dimethyl-9-(2,6,6-trimethylcyclohexen-1-yl)nona-2,4,6,8-tetraenyl] acetate",638034,CC(=O)OC/C=C(C)/C=C/C=C(C)/C=C/C1=C(C)CCCC1(C)C,QGNJRVVDBSJHIZ-QHLGVNSISA-N,1
TOX-82697,POTASSIUM NITRATE,potassium;nitrate,24434,O=[N+]([O-])[O-].[K+],FGIUAXJPYTZDNR-UHFFFAOYSA-N,1
TOX-82709,,"(E)-1,4-dichlorobut-2-ene",642197,ClC/C=C/CCl,FQDIANVAWVHZIR-OWOJBTEDSA-N,1
TOX-82893,TRIPHENYL PHOSPHATE,triphenyl phosphate,8289,O=P(Oc1ccccc1)(Oc1ccccc1)Oc1ccccc1,XZZNDPSIHUTMOC-UHFFFAOYSA-N,0
TOX-83005,,"pentane-2,4-dione",31261,CC(=O)CC(C)=O,YRKCREAYFQTBPV-UHFFFAOYSA-N,1
TOX-83064,,2-phenylethanol,6054,OCCc1ccccc1,WRMNZCZEMHIOCP-UHFFFAOYSA-N,1
TOX-83399,SILICON DIOXIDE,dioxosilane,24261,O=[Si]=O,VYPSYNLAJGMNEJ-UHFFFAOYSA-N,1
TOX-83538,,"3a,4,7,7a-tetrahydroisoindole-1,3-dione",6808,O=C1NC(=O)C2CC=CCC12,CIFFBTOJCKSRJY-UHFFFAOYSA-N,1
TOX-83938,,chlorobenzene,7964,Clc1ccccc1,MVPPADPHJFYWMZ-UHFFFAOYSA-N,0
TOX-84161,aspartame,(3S)-3-amino-4-[[(2S)-1-methoxy-1-oxo-3-phenylpropan-2-yl]amino]-4-oxobutanoic acid,134601,COC(=O)[C@H](Cc1ccccc1)NC(=O)[C@@H](N)CC(=O)O,IAOZJIPTCAWIRG-QWRGUYRKSA-N,1
TOX-84219,Di-n-octyl sebacate,dioctyl decanedioate,75516,CCCCCCCCOC(=O)CCCCCCCCC(=O)OCCCCCCCC,MIMDHDXOBDPUQW-UHFFFAOYSA-N,0
TOX-84234,DIISOBUTYL ADIPATE,bis(2-methylpropyl) hexanedioate,8831,CC(C)COC(=O)CCCCC(=O)OCC(C)C,RDOFJDLLWVCMRU-UHFFFAOYSA-N,1
TOX-84277,Sodium phenoxide,sodium;phenoxide,4445035,[Na+].[O-]c1ccccc1,NESLWCLHZZISNB-UHFFFAOYSA-M,0
TOX-84330,Docusate sodium,"sodium;1,4-bis(2-ethylhexoxy)-1,4-dioxobutane-2-sulfonate",23673837,CCCCC(CC)COC(=O)CC(C(=O)OCC(CC)CCCC)S(=O)(=O)[O-].[Na+],APSBXTVYXVQYAB-UHFFFAOYSA-M,1
TOX-84350,SODIUM NITRITE,sodium;nitrite,23668193,O=N[O-].[Na+],LPXPTNMVRIOKMN-UHFFFAOYSA-M,1
TOX-84376,SODIUM ASCORBATE,"sodium;(2R)-2-[(1S)-1,2-dihydroxyethyl]-4-hydroxy-5-oxo-2H-furan-3-olate",23667548,O=C1O[C@H]([C@@H](O)CO)C([O-])=C1O.[Na+],PPASLZSBLFJQEF-RXSVEWSESA-M,1
TOX-84401,RHODAMINE B,[9-(2-carboxyphenyl)-6-(diethylamino)xanthen-3-ylidene]-diethylazanium;chloride,6694,CCN(CC)c1ccc2c(-c3ccccc3C(=O)O)c3ccc(N(CC)CC)cc3[o+]c2c1.[Cl-],PYWVYCXTNDRMGF-UHFFFAOYSA-N,1
TOX-84415,Sodium dodecyl sulfate,sodium;dodecyl sulfate,3423265,CCCCCCCCCCCCOS(=O)(=O)[O-].[Na+],DBMJMQXJHONAFJ-UHFFFAOYSA-M,1
TOX-84478,TETRAHYDROFURAN,oxolane,8028,C1CCOC1,WYURNTSHIVDZCO-UHFFFAOYSA-N,1
TOX-84580,Sudan II,"1-[(2,4-dimethylphenyl)diazenyl]naphthalen-2-ol",18386,Cc1ccc(/N=N/c2c(O)ccc3ccccc23)c(C)c1,JBTHDAVBDKKSRW-UHFFFAOYSA-N,0
TOX-84595,CALCIUM PROPIONATE,calcium;propanoate,19999,CCC(=O)[O-].CCC(=O)[O-].[Ca+2],BCZXFFBUYPCTSJ-UHFFFAOYSA-L,0
TOX-84649,Manganese(II) acetate,manganese(2+);diacetate,12525,CC(=O)[O-].CC(=O)[O-].[Mn+2],UOGMEBQRZBEZQT-UHFFFAOYSA-L,1
TOX-84699,,benzyl-dimethyl-octadecylazanium;chloride,31204,CCCCCCCCCCCCCCCCCC[N+](C)(C)Cc1ccccc1.[Cl-],SFVFIFLLYFPGHH-UHFFFAOYSA-M,0
TOX-84746,SODIUM PROPIONATE,sodium;propanoate,2723816,CCC(=O)[O-].[Na+],JXKPEJDQGNYQSM-UHFFFAOYSA-M,1
TOX-84782,SODIUM SELENITE,disodium;selenite,24934,O=[Se]([O-])[O-].[Na+].[Na+],BVTBRVFYZUCAKH-UHFFFAOYSA-L,1
TOX-84809,ERUCIC ACID,(Z)-docos-13-enoic acid,5281116,CCCCCCCC/C=C\CCCCCCCCCCCC(=O)O,DPUOLQHDNGRHBS-KTKRTIGZSA-N,1
TOX-85106,Dimethylamine hydrochloride,N-methylmethanamine;hydrochloride,10473,CNC.Cl,IQDGSYLLQPDQDV-UHFFFAOYSA-N,1
TOX-85152,Sodium salicylate,sodium;2-hydroxybenzoate,16760658,O=C([O-])c1ccccc1O.[Na+],ABBQHOQBGMUPJH-UHFFFAOYSA-M,1
TOX-85263,CHOLINE CHLORIDE,2-hydroxyethyl(trimethyl)azanium;chloride,6209,C[N+](C)(C)CCO.[Cl-],SGMZJAMFUVOLNK-UHFFFAOYSA-M,1
TOX-85871,NATAMYCIN,"(1R,3S,5R,7R,8E,12R,14E,16E,18E,20E,22R,24S,25R,26S)-22-[(2R,3S,4S,5S,6R)-4-amino-3,5-dihydroxy-6-methyloxan-2-yl]oxy-1,3,26-trihydroxy-12-methyl-10-oxo-6,11,28-trioxatricyclo[22.3.1.05,7]octacosa-8,14,16,18,20-pentaene-25-carboxylic acid",5284447,C[C@@H]1C/C=C/C=C/C=C/C=C/[C@H](O[C@@H]2O[C@H](C)[C@@H](O)[C@H](N)[C@@H]2O)C[C@@H]2O[C@](O)(C[C@@H](O)C[C@H]3O[C@@H]3/C=C/C(=O)O1)C[C@H](O)[C@H]2C(=O)O,NCXMLFZGDNKEPB-FFPOYIOWSA-N,1
TOX-85977,Sodium pyrophosphate,tetrasodium;phosphonato phosphate,24403,O=P([O-])([O-])OP(=O)([O-])[O-].[Na+].[Na+].[Na+].[Na+],FQENQNTWSFEDLI-UHFFFAOYSA-J,1
TOX-86062,Citral,"(2E)-3,7-dimethylocta-2,6-dienal",638011,CC(C)=CCC/C(C)=C/C=O,WTEVQBCEXWBHNA-JXMROGBWSA-N,1
TOX-87974,BROMOCHLORODIFLUOROMETHANE,bromo-chloro-difluoromethane,9625,FC(F)(Cl)Br,MEXUFEQDCXZEON-UHFFFAOYSA-N,0
TOX-90848,Chloroethane,chloroethane,6337,CCCl,HRYZWHHZPQKTII-UHFFFAOYSA-N,1
TOX-94706,,"(E)-1,3-dichloroprop-1-ene",24726,Cl/C=C/CCl,UOORRWUZONOOLO-OWOJBTEDSA-N,1
TOX-107509,Chromium(III) oxide,oxo(oxochromiooxy)chromium,517277,O=[Cr]O[Cr]=O,QDOXWKRWXJOMAK-UHFFFAOYSA-N,1
