TAID,Pubchem CID,IUPAC Name,SMILES,Canonical SMILES,InChIKey,BCF
TOX-78,3598,"3,4,6-trichloro-2-[(2,3,5-trichloro-6-hydroxyphenyl)methyl]phenol",Clc1c(Cc2c(O)c(Cl)cc(Cl)c2Cl)c(O)c(Cl)cc1Cl,Oc1c(Cl)cc(Cl)c(Cl)c1Cc1c(O)c(Cl)cc(Cl)c1Cl,ACGUYXCXAPNIKK-UHFFFAOYSA-N,2.1226642
TOX-913,4004,diethyl 2-dimethoxyphosphinothioylsulfanylbutanedioate,S(P(=S)(OC)OC)C(CC(OCC)=O)C(OCC)=O,CCOC(=O)CC(SP(=S)(OC)OC)C(=O)OCC,JXSJBGJIGXNWCI-UHFFFAOYSA-N,1.0023077
TOX-993,4632,(2-hydroxy-4-methoxyphenyl)-phenylmethanone,O(C)c1cc(O)c(cc1)C(=O)c1ccccc1,COc1ccc(C(=O)c2ccccc2)c(O)c1,DXGLGDHPHMLXJC-UHFFFAOYSA-N,2.091166
TOX-1045,679,methylsulfinylmethane,S(=O)(C)C,CS(C)=O,IAZDPXIOMUYVGZ-UHFFFAOYSA-N,0.10205999
TOX-1051,16666,"(1R,2S,5R)-5-methyl-2-propan-2-ylcyclohexan-1-ol",O[C@@H]1C[C@@H](CC[C@H]1C(C)C)C,CC(C)[C@@H]1CC[C@@H](C)C[C@H]1O,NOOLISFMXDJSKH-KXUCPTDWSA-N,0.89170885
TOX-1178,5564,"5-chloro-2-(2,4-dichlorophenoxy)phenol",Clc1cc(Cl)ccc1Oc1ccc(Cl)cc1O,Oc1cc(Cl)ccc1Oc1ccc(Cl)cc1Cl,XEFQLINVKFYRCS-UHFFFAOYSA-N,1.6699352
TOX-1273,727,"1,2,3,4,5,6-hexachlorocyclohexane",ClC1C(Cl)C(Cl)C(Cl)C(Cl)C1Cl,ClC1C(Cl)C(Cl)C(Cl)C(Cl)C1Cl,JLYXXMFPNIAWKQ-UHFFFAOYSA-N,2.5627949
TOX-1656,8512,"1-hydroxyanthracene-9,10-dione",O=C1c2ccccc2C(=O)c2c(O)cccc21,O=C1c2ccccc2C(=O)c2c(O)cccc21,BTLXPCBPYBNQNR-UHFFFAOYSA-N,2.3737779
TOX-1705,931,naphthalene,c1ccc2ccccc2c1,c1ccc2ccccc2c1,UFWIBTONFRDIAS-UHFFFAOYSA-N,2.359998
TOX-1710,7452,"1,3-dinitrobenzene",O=[N+]([O-])c1cccc([N+](=O)[O-])c1,O=[N+]([O-])c1cccc([N+](=O)[O-])c1,WDCYWAQPCXBPJA-UHFFFAOYSA-N,0.77309
TOX-1713,1493,"2,4-dinitrophenol",O=[N+]([O-])c1ccc(O)c([N+](=O)[O-])c1,O=[N+]([O-])c1ccc(O)c([N+](=O)[O-])c1,UFBJCMHMOXMLKC-UHFFFAOYSA-N,0.05201523
TOX-1735,2087,"1,8,9,10,11,11-hexachlorotetracyclo[6.2.1.13,6.02,7]dodeca-4,9-diene",ClC1=C(Cl)C2(Cl)C3C4C=CC(C4)C3C1(Cl)C2(Cl)Cl,ClC1=C(Cl)C2(Cl)C3C4C=CC(C4)C3C1(Cl)C2(Cl)Cl,QBYJBZPUGVGKQQ-UHFFFAOYSA-N,3.9051077
TOX-1765,2256,"6-chloro-4-N-ethyl-2-N-propan-2-yl-1,3,5-triazine-2,4-diamine",CCNc1nc(Cl)nc(NC(C)C)n1,CCNc1nc(Cl)nc(NC(C)C)n1,MXWJVTOOROXGIU-UHFFFAOYSA-N,0.55697721
TOX-1778,186342,"2-[[4-[4-[(1-anilino-1,3-dioxobutan-2-yl)diazenyl]-3-chlorophenyl]-2-chlorophenyl]diazenyl]-3-oxo-N-phenylbutanamide",CC(=O)C(N=Nc1ccc(-c2ccc(N=NC(C(C)=O)C(=O)Nc3ccccc3)c(Cl)c2)cc1Cl)C(=O)Nc1ccccc1,CC(=O)C(N=Nc1ccc(-c2ccc(N=NC(C(C)=O)C(=O)Nc3ccccc3)c(Cl)c2)cc1Cl)C(=O)Nc1ccccc1,GNCOVOVCHIHPHP-UHFFFAOYSA-N,0.61877185
TOX-1800,31404,"2,6-ditert-butyl-4-methylphenol",Cc1cc(C(C)(C)C)c(O)c(C(C)(C)C)c1,Cc1cc(C(C)(C)C)c(O)c(C(C)(C)C)c1,NLZUEZXRPGMBCV-UHFFFAOYSA-N,3.1989343
TOX-1810,25429,methyl N-(1H-benzimidazol-2-yl)carbamate,COC(=O)Nc1nc2ccccc2[nH]1,COC(=O)Nc1nc2ccccc2[nH]1,TWFZGCMQGLPBSX-UHFFFAOYSA-N,0.19238038
TOX-1878,4685,"1,4-dichlorobenzene",Clc1ccc(Cl)cc1,Clc1ccc(Cl)cc1,OCJBOOLMMGQPQU-UHFFFAOYSA-N,2.6698322
TOX-1907,31275,"1,4-dioxane",C1COCCO1,C1COCCO1,RYHBNJHYFVUHQT-UHFFFAOYSA-N,-0.26757348
TOX-2002,3589,"1,5,7,8,9,10,10-heptachlorotricyclo[5.2.1.02,6]deca-3,8-diene",ClC1=C(Cl)C2(Cl)C3C(Cl)C=CC3C1(Cl)C2(Cl)Cl,ClC1=C(Cl)C2(Cl)C3C(Cl)C=CC3C1(Cl)C2(Cl)Cl,FRCCEHPWNOQAEU-UHFFFAOYSA-N,3.9634507
TOX-2003,8370,"1,2,3,4,5,6-hexachlorobenzene",Clc1c(Cl)c(Cl)c(Cl)c(Cl)c1Cl,Clc1c(Cl)c(Cl)c(Cl)c(Cl)c1Cl,CKAPSXZOOQJIBF-UHFFFAOYSA-N,4.2095714
TOX-2070,7515,N-methylaniline,CNc1ccccc1,CNc1ccccc1,AFBPFSWMIHJQDM-UHFFFAOYSA-N,0.66378021
TOX-2089,7423,3-nitroaniline,Nc1cccc([N+](=O)[O-])c1,Nc1cccc([N+](=O)[O-])c1,XJCVRTZCHMZPBD-UHFFFAOYSA-N,0.53265297
TOX-2119,7244,2-bromophenol,Oc1ccccc1Br,Oc1ccccc1Br,VADKRMSMGWJZCF-UHFFFAOYSA-N,1.514457
TOX-2121,7239,"1,2-dichlorobenzene",Clc1ccccc1Cl,Clc1ccccc1Cl,RFFLAFLAYFXFSW-UHFFFAOYSA-N,2.5000341
TOX-2134,7577,4-[(4-aminophenyl)methyl]aniline,Nc1ccc(Cc2ccc(N)cc2)cc1,Nc1ccc(Cc2ccc(N)cc2)cc1,YBRVSVVVWCFQMG-UHFFFAOYSA-N,1.0537486
TOX-2154,4754,N-(4-ethoxyphenyl)acetamide,CCOc1ccc(NC(C)=O)cc1,CCOc1ccc(NC(C)=O)cc1,CPJSUEIXXCENMM-UHFFFAOYSA-N,0.97712123
TOX-2156,996,phenol,Oc1ccccc1,Oc1ccccc1,ISWSIDIOOBJBQZ-UHFFFAOYSA-N,0.55067515
TOX-2157,7108,10H-phenothiazine,c1ccc2c(c1)Nc1ccccc1S2,c1ccc2c(c1)Nc1ccccc1S2,WJFKNYWRSNBZNX-UHFFFAOYSA-N,2.6712868
TOX-2161,6954,"2,4,6-trinitrophenol",O=[N+]([O-])c1cc([N+](=O)[O-])c(O)c([N+](=O)[O-])c1,O=[N+]([O-])c1cc([N+](=O)[O-])c(O)c([N+](=O)[O-])c1,OXNIZHLAWKMVMX-UHFFFAOYSA-N,-0.13868304
TOX-2231,243,benzoic acid,O=C(O)c1ccccc1,O=C(O)c1ccccc1,WPYMKLBDIGXBTP-UHFFFAOYSA-N,1
TOX-2359,7808,4-bromophenol,Oc1ccc(Br)cc1,Oc1ccc(Br)cc1,GZFGOTFRPZRKDS-UHFFFAOYSA-N,1.2422193
TOX-2360,7961,bromobenzene,Brc1ccccc1,Brc1ccccc1,QARVLSVVCXYDNA-UHFFFAOYSA-N,1.4343051
TOX-2390,6574,"1,1,2-trichloroethane",ClCC(Cl)Cl,ClCC(Cl)Cl,UBOXGVDOUJQMTN-UHFFFAOYSA-N,0.53254569
TOX-2398,15625,"2,3,7,8-tetrachlorodibenzo-p-dioxin",Clc1cc2c(cc1Cl)Oc1cc(Cl)c(Cl)cc1O2,Clc1cc2c(cc1Cl)Oc1cc(Cl)c(Cl)cc1O2,HGUFODBRKLSHSI-UHFFFAOYSA-N,4.57657
TOX-2399,398,2-nitropropane,CC(C)[N+](=O)[O-],CC(C)[N+](=O)[O-],FGLBSLMDCBOPQK-UHFFFAOYSA-N,0.32099971
TOX-2471,3102,diphenylmethanone,O=C(c1ccccc1)c1ccccc1,O=C(c1ccccc1)c1ccccc1,RWCCWEUUXYIKHB-UHFFFAOYSA-N,0.93148732
TOX-2497,5558,bromoform,BrC(Br)Br,BrC(Br)Br,DIKBFYAXUHHXCS-UHFFFAOYSA-N,1.2185136
TOX-2535,6212,chloroform,ClC(Cl)Cl,ClC(Cl)Cl,HEDRZPFGACZZDS-UHFFFAOYSA-N,0.79948044
TOX-2579,1727,pyridin-4-amine,Nc1ccncc1,Nc1ccncc1,NUKYPUAOHBNCPY-UHFFFAOYSA-N,0.22374184
TOX-2594,3037,4-chloro-2-[(5-chloro-2-hydroxyphenyl)methyl]phenol,Oc1ccc(Cl)cc1Cc1cc(Cl)ccc1O,Oc1ccc(Cl)cc1Cc1cc(Cl)ccc1O,MDNWOSOZYLHTCG-UHFFFAOYSA-N,2.0967894
TOX-2597,4284,"N,N-diethyl-3-methylbenzamide",CCN(CC)C(=O)c1cccc(C)c1,CCN(CC)C(=O)c1cccc(C)c1,MMOXZBCLCQITDF-UHFFFAOYSA-N,0.29170105
TOX-2643,7839,"1,2-dibromoethane",BrCCBr,BrCCBr,PAAZPARNPHGIKF-UHFFFAOYSA-N,0.6741724
TOX-2725,6901,"1,1,2,3,4,4-hexachlorobuta-1,3-diene",ClC(Cl)=C(Cl)C(Cl)=C(Cl)Cl,ClC(Cl)=C(Cl)C(Cl)=C(Cl)Cl,RWNKSTSCBHKHTB-UHFFFAOYSA-N,3.8089426
TOX-2839,15413,2-methoxy-2-methylpropane,COC(C)(C)C,COC(C)(C)C,BZLVMXJERCGZMT-UHFFFAOYSA-N,0.18000001
TOX-2941,4837,piperazine,C1CNCCN1,C1CNCCN1,GLUUGHFHXGJENI-UHFFFAOYSA-N,0.22775179
TOX-2969,6564,"1,2-dichloropropane",CC(Cl)CCl,CC(Cl)CCl,KNKRKFALVUDBJE-UHFFFAOYSA-N,0.56488013
TOX-3073,5943,tetrachloromethane,ClC(Cl)(Cl)Cl,ClC(Cl)(Cl)Cl,VZGDMQKNWNREIO-UHFFFAOYSA-N,1.0302142
TOX-3074,31373,"1,1,2,2-tetrachloroethene",ClC(Cl)=C(Cl)Cl,ClC(Cl)=C(Cl)Cl,CYTYCFOTNPOANT-UHFFFAOYSA-N,1.8382306
TOX-3103,6421,"2,2,2-trichloroacetic acid",O=C(O)C(Cl)(Cl)Cl,O=C(O)C(Cl)(Cl)Cl,YNJBWRMUSHSURL-UHFFFAOYSA-N,0.024986463
TOX-3122,6366,"1,1-dichloroethene",C=C(Cl)Cl,C=C(Cl)Cl,LGXVIGDEPROXKC-UHFFFAOYSA-N,0.879758
TOX-3151,4684,4-chlorophenol,Oc1ccc(Cl)cc1,Oc1ccc(Cl)cc1,WXNZTHHGJRFXKQ-UHFFFAOYSA-N,1.3471675
TOX-3152,7618,2-[bis(2-hydroxyethyl)amino]ethanol,OCCN(CCO)CCO,OCCN(CCO)CCO,GSEJCLTVZPLZKY-UHFFFAOYSA-N,0.096562296
TOX-3156,5455,"dimethylcarbamothioylsulfanyl N,N-dimethylcarbamodithioate",CN(C)C(=S)SSC(=S)N(C)C,CN(C)C(=S)SSC(=S)N(C)C,KUAZQDVKQLNFPE-UHFFFAOYSA-N,0.5370748
TOX-3893,3120,"3-(3,4-dichlorophenyl)-1,1-dimethylurea",CN(C)C(=O)Nc1ccc(Cl)c(Cl)c1,CN(C)C(=O)Nc1ccc(Cl)c(Cl)c1,XMTQQYYKAHVGBJ-UHFFFAOYSA-N,0.73686802
TOX-3895,8343,"bis(2-ethylhexyl) benzene-1,2-dicarboxylate",CCCCC(CC)COC(=O)c1ccccc1C(=O)OCC(CC)CCCC,CCCCC(CC)COC(=O)c1ccccc1C(=O)OCC(CC)CCCC,BJQHLKABXJIVAM-UHFFFAOYSA-N,1.992228
TOX-3982,6575,"1,1,2-trichloroethene",ClC=C(Cl)Cl,ClC=C(Cl)Cl,XSTXAVWGXDQKEL-UHFFFAOYSA-N,1.1142886
TOX-4045,8029,furan,c1ccoc1,c1ccoc1,YLQBMQCUIZJEEH-UHFFFAOYSA-N,0.34544799
TOX-4089,17435,ethyl 2-dimethoxyphosphinothioylsulfanyl-2-phenylacetate,CCOC(=O)C(SP(=S)(OC)OC)c1ccccc1,CCOC(=O)C(SP(=S)(OC)OC)c1ccccc1,XAMUDJHXFNRLCY-UHFFFAOYSA-N,1.8996865
TOX-4170,3036,"1-chloro-4-[2,2,2-trichloro-1-(4-chlorophenyl)ethyl]benzene",Clc1ccc(C(c2ccc(Cl)cc2)C(Cl)(Cl)Cl)cc1,Clc1ccc(C(c2ccc(Cl)cc2)C(Cl)(Cl)Cl)cc1,YVGGHNCTFXOJCH-UHFFFAOYSA-N,3.6048822
TOX-4200,5758,"2,6-dichlorobenzoic acid",O=C(O)c1c(Cl)cccc1Cl,O=C(O)c1c(Cl)cccc1Cl,MRUDNSFOFOQZDA-UHFFFAOYSA-N,-0.22184876
TOX-4201,5759,"2,3,6-trichlorobenzoic acid",O=C(O)c1c(Cl)ccc(Cl)c1Cl,O=C(O)c1c(Cl)ccc(Cl)c1Cl,XZIDTOHMJBOSOX-UHFFFAOYSA-N,0.073064014
TOX-4202,2336,benzo[a]pyrene,c1ccc2c(c1)cc1ccc3cccc4ccc2c1c34,c1ccc2c(c1)cc1ccc3cccc4ccc2c1c34,FMMWHPNWAFZXNH-UHFFFAOYSA-N,2.7308159
TOX-4231,5817,"3,4-dichlorobenzoic acid",O=C(O)c1ccc(Cl)c(Cl)c1,O=C(O)c1ccc(Cl)c(Cl)c1,VPHHJAOJUJHJKD-UHFFFAOYSA-N,-0.16862108
TOX-4287,3346,dimethoxy-(3-methyl-4-methylsulfanylphenoxy)-sulfanylidene-lambda5-phosphane,COP(=S)(OC)Oc1ccc(SC)c(C)c1,COP(=S)(OC)Oc1ccc(SC)c(C)c1,PNVJTZOFSHSLTO-UHFFFAOYSA-N,2.2602351
TOX-4304,991,diethoxy-(4-nitrophenoxy)-sulfanylidene-lambda5-phosphane,CCOP(=S)(OCC)Oc1ccc([N+](=O)[O-])cc1,CCOP(=S)(OCC)Oc1ccc([N+](=O)[O-])cc1,LCCNCVORNKJIRZ-UHFFFAOYSA-N,2.1055641
TOX-4305,5954,benzo[a]anthracene,c1ccc2cc3c(ccc4ccccc43)cc2c1,c1ccc2cc3c(ccc4ccccc43)cc2c1,DXBHBZVCASKNBY-UHFFFAOYSA-N,2.54
TOX-4324,6028,"2,3,4,6-tetrachlorophenol",Oc1c(Cl)cc(Cl)c(Cl)c1Cl,Oc1c(Cl)cc(Cl)c(Cl)c1Cl,,2.0064569
TOX-4332,1732,4-chloro-3-methylphenol,Cc1cc(O)ccc1Cl,Cc1cc(O)ccc1Cl,CFKMVGJGLGKFKI-UHFFFAOYSA-N,1.0157315
TOX-4346,3283,ethoxyethane,CCOCC,CCOCC,,0.47492829
TOX-4351,3082,2-dimethoxyphosphinothioylsulfanyl-N-methylacetamide,CNC(=O)CSP(=S)(OC)OC,CNC(=O)CSP(=S)(OC)OC,MCWXGJITAZMZEV-UHFFFAOYSA-N,0.15565372
TOX-4353,3048,"3,4,5,6,13,13-hexachloro-10-oxapentacyclo[6.3.1.13,6.02,7.09,11]tridec-4-ene",ClC1=C(Cl)C2(Cl)C3C4CC(C5OC45)C3C1(Cl)C2(Cl)Cl,ClC1=C(Cl)C2(Cl)C3C4CC(C5OC45)C3C1(Cl)C2(Cl)Cl,DFBKLUNHFCTMDC-UHFFFAOYSA-N,3.8220084
TOX-4369,2723790,thiourea,NC(N)=S,NC(N)=S,UMGDCJDMYOKAJW-UHFFFAOYSA-N,-0.19897
TOX-4374,3039,"2,2-dichloroethenyl dimethyl phosphate",COP(=O)(OC)OC=C(Cl)Cl,COP(=O)(OC)OC=C(Cl)Cl,OEBRKCOSUFCWJD-UHFFFAOYSA-N,-0.19897
TOX-4433,6214,"1,1,1,2,2,2-hexachloroethane",ClC(Cl)(Cl)C(Cl)(Cl)Cl,ClC(Cl)(Cl)C(Cl)(Cl)Cl,VHHHONWQHHHLTI-UHFFFAOYSA-N,2.1149287
TOX-4437,6228,"N,N-dimethylformamide",CN(C)C=O,CN(C)C=O,ZMXDDKWLCZADIW-UHFFFAOYSA-N,-0.10650545
TOX-4468,8078,cyclohexane,C1CCCCC1,C1CCCCC1,XDTMQSROBMDMFD-UHFFFAOYSA-N,1.9654478
TOX-4469,6278,"1,1,1-trichloroethane",CC(Cl)(Cl)Cl,CC(Cl)(Cl)Cl,UOCLXMDMGBRAIB-UHFFFAOYSA-N,0.47483194
TOX-4479,3035,"1-chloro-4-[2,2-dichloro-1-(4-chlorophenyl)ethenyl]benzene",ClC(Cl)=C(c1ccc(Cl)cc1)c1ccc(Cl)cc1,ClC(Cl)=C(c1ccc(Cl)cc1)c1ccc(Cl)cc1,UCNVFOCBFJOQAL-UHFFFAOYSA-N,4.5100002
TOX-4487,6318,4-chlorobenzoic acid,O=C(O)c1ccc(Cl)cc1,O=C(O)c1ccc(Cl)cc1,XRHGYUZYPHTUJZ-UHFFFAOYSA-N,1
TOX-4488,92093,"1-N-cyclohexyl-4-N-phenylbenzene-1,4-diamine",c1ccc(Nc2ccc(Nc3ccccc3)cc2)cc1,c1ccc(Nc2ccc(Nc3ccccc3)cc2)cc1,ZRMMVODKVLXCBB-UHFFFAOYSA-N,3.1328056
TOX-4498,6333,bromo(chloro)methane,ClCBr,ClCBr,JPOXNPPZZKNXOV-UHFFFAOYSA-N,0.45354372
TOX-4504,6344,dichloromethane,ClCCl,ClCCl,YMWUJEATGCHHMB-UHFFFAOYSA-N,1.0662186
TOX-4523,6386,2-methylpropan-2-ol,CC(C)(C)O,CC(C)(C)O,DKGAVHZHDRPRBM-UHFFFAOYSA-N,0.36598
TOX-4535,6417,"2,2-dimethylpropanoic acid",CC(C)(C)C(=O)O,CC(C)(C)C(=O)O,IUGYQRQAERSCNH-UHFFFAOYSA-N,0.09552075
TOX-4541,6427,"1,1,2,2-tetrachloro-1,2-difluoroethane",FC(Cl)(Cl)C(F)(Cl)Cl,FC(Cl)(Cl)C(F)(Cl)Cl,UGCSPKPEHQEOSR-UHFFFAOYSA-N,1.9014933
TOX-4542,6428,"1,1,2-trichloro-1,2,2-trifluoroethane",FC(F)(Cl)C(F)(Cl)Cl,FC(F)(Cl)C(F)(Cl)Cl,AJDIZQLSFPQPEY-UHFFFAOYSA-N,1.6229641
TOX-4549,6456,[chloro(diphenyl)methyl]benzene,ClC(c1ccccc1)(c1ccccc1)c1ccccc1,ClC(c1ccccc1)(c1ccccc1)c1ccccc1,JBWKIWSBJXDJDT-UHFFFAOYSA-N,2.6234961
TOX-4558,6478,"1,2,3,4,5,5-hexachlorocyclopenta-1,3-diene",ClC1=C(Cl)C(Cl)(Cl)C(Cl)=C1Cl,ClC1=C(Cl)C(Cl)(Cl)C(Cl)=C1Cl,VUNCWTMEJYMOOR-UHFFFAOYSA-N,1.1823496
TOX-4568,6492,"tricyclo[5.2.1.02,6]deca-3,8-diene",C1=CC2C3C=CC(C3)C2C1,C1=CC2C3C=CC(C3)C2C1,HECLRDQVFMWTQS-UHFFFAOYSA-N,2.4120104
TOX-4598,6535,triethyl phosphate,CCOP(=O)(OCC)OCC,CCOP(=O)(OCC)OCC,DQWPFSLDHJDLRL-UHFFFAOYSA-N,-0.095388509
TOX-4600,6537,tris(2-ethylhexyl) phosphate,CCCCC(CC)COP(=O)(OCC(CC)CCCC)OCC(CC)CCCC,CCCCC(CC)COP(=O)(OCC(CC)CCCC)OCC(CC)CCCC,GTVWRXDRKAHEAD-UHFFFAOYSA-N,1.0136776
TOX-4604,6540,tris(2-butoxyethyl) phosphate,CCCCOCCOP(=O)(OCCOCCCC)OCCOCCCC,CCCCOCCOP(=O)(OCCOCCCC)OCCOCCCC,WTLBZVNBAKMVDP-UHFFFAOYSA-N,0.58169669
TOX-4609,6544,"3,5,5-trimethylcyclohex-2-en-1-one",CC1=CC(=O)CC(C)(C)C1,CC1=CC(=O)CC(C)(C)C1,HJOVHMDZYOCNQW-UHFFFAOYSA-N,0.38976416
TOX-4645,6588,"1,1,2,2-tetrabromoethane",BrC(Br)C(Br)Br,BrC(Br)C(Br)Br,QXSZNDIIPUOQMB-UHFFFAOYSA-N,0.76960939
TOX-4646,6591,"1,1,2,2-tetrachloroethane",ClC(Cl)C(Cl)Cl,ClC(Cl)C(Cl)Cl,QPFMBZIOSGYJDE-UHFFFAOYSA-N,1.0298662
TOX-4657,6616,"2,2-dimethyl-3-methylidenebicyclo[2.2.1]heptane",C=C1C2CCC(C2)C1(C)C,C=C1C2CCC(C2)C1(C)C,CRPUJAZIXJMDBK-UHFFFAOYSA-N,2.9699419
TOX-4664,6623,4-[2-(4-hydroxyphenyl)propan-2-yl]phenol,CC(C)(c1ccc(O)cc1)c1ccc(O)cc1,CC(C)(c1ccc(O)cc1)c1ccc(O)cc1,IISBACLAFKSPIT-UHFFFAOYSA-N,1.3893517
TOX-4679,6641,2-(2-phenylpropan-2-ylperoxy)propan-2-ylbenzene,CC(C)(OOC(C)(C)c1ccccc1)c1ccccc1,CC(C)(OOC(C)(C)c1ccccc1)c1ccccc1,XMNIXWIUMCBBBL-UHFFFAOYSA-N,2.8809466
TOX-4694,62329,"1-tert-butyl-3,5-dimethyl-2,4,6-trinitrobenzene",Cc1c([N+](=O)[O-])c(C)c([N+](=O)[O-])c(C(C)(C)C)c1[N+](=O)[O-],Cc1c([N+](=O)[O-])c(C)c([N+](=O)[O-])c(C(C)(C)C)c1[N+](=O)[O-],XMWRWTSZNLOZFN-UHFFFAOYSA-N,3.6513577
TOX-4695,6670,2-aminonaphthalene-1-sulfonic acid,Nc1ccc2ccccc2c1S(=O)(=O)O,Nc1ccc2ccccc2c1S(=O)(=O)O,GWIAAIUASRVOIA-UHFFFAOYSA-N,0.27815124
TOX-4712,6697,benzo[a]phenalen-7-one,O=C1c2ccccc2-c2cccc3cccc1c23,O=C1c2ccccc2-c2cccc3cccc1c23,HUKPVYBUJRAUAG-UHFFFAOYSA-N,2.1418612
TOX-4717,6709,"1-chloroanthracene-9,10-dione",O=C1c2ccccc2C(=O)c2c(Cl)cccc21,O=C1c2ccccc2C(=O)c2c(Cl)cccc21,BOCJQSFSGAZAPQ-UHFFFAOYSA-N,2.4211912
TOX-4718,6710,"1-aminoanthracene-9,10-dione",Nc1cccc2c1C(=O)c1ccccc1C2=O,Nc1cccc2c1C(=O)c1ccccc1C2=O,KHUFHLFHOQVFGB-UHFFFAOYSA-N,2.0751283
TOX-4732,6734,"1,2-dihydroacenaphthylene",c1cc2c3c(cccc3c1)CC2,c1cc2c3c(cccc3c1)CC2,CWRYPZZKDGJXCA-UHFFFAOYSA-N,2.9634688
TOX-4752,6772,"2-ethylanthracene-9,10-dione",CCc1ccc2c(c1)C(=O)c1ccccc1C2=O,CCc1ccc2c(c1)C(=O)c1ccccc1C2=O,SJEBAWHUJDUKQK-UHFFFAOYSA-N,2.2070935
TOX-4757,6780,"anthracene-9,10-dione",O=C1c2ccccc2C(=O)c2ccccc21,O=C1c2ccccc2C(=O)c2ccccc21,RZVHIXYEVGDQDX-UHFFFAOYSA-N,2
TOX-4761,3026,"dibutyl benzene-1,2-dicarboxylate",CCCCOC(=O)c1ccccc1C(=O)OCCCC,CCCCOC(=O)c1ccccc1C(=O)OCCCC,DOIRQSBPFJWKBE-UHFFFAOYSA-N,2.2291224
TOX-4766,6790,4-aminonaphthalene-1-sulfonic acid,Nc1ccc(S(=O)(=O)O)c2ccccc12,Nc1ccc(S(=O)(=O)O)c2ccccc12,NRZRRZAVMCAKEP-UHFFFAOYSA-N,0.77999997
TOX-4770,995,phenanthrene,c1ccc2c(c1)ccc1ccccc12,c1ccc2c(c1)ccc1ccccc12,YNPNZTXNASCQKK-UHFFFAOYSA-N,3.3124473
TOX-4782,2347,"2-O-benzyl 1-O-butyl benzene-1,2-dicarboxylate",CCCCOC(=O)c1ccccc1C(=O)OCc1ccccc1,CCCCOC(=O)c1ccccc1C(=O)OCc1ccccc1,IRIAEXORFWYRCZ-UHFFFAOYSA-N,0.80528259
TOX-4802,6853,9H-fluorene,c1ccc2c(c1)Cc1ccccc1-2,c1ccc2c(c1)Cc1ccccc1-2,NIHNNTQXNPWCJQ-UHFFFAOYSA-N,2.8130953
TOX-4803,6854,9H-carbazole,c1ccc2c(c1)[nH]c1ccccc12,c1ccc2c(c1)[nH]c1ccccc12,UJOBWOGCFQCDNV-UHFFFAOYSA-N,2.1280563
TOX-4807,6862,2-naphthalen-1-ylacetic acid,O=C(O)Cc1cccc2ccccc12,O=C(O)Cc1cccc2ccccc12,PRPINYUDVPFIRX-UHFFFAOYSA-N,0.10745043
TOX-4814,6868,7-amino-4-hydroxynaphthalene-2-sulfonic acid,Nc1ccc2c(O)cc(S(=O)(=O)O)cc2c1,Nc1ccc2c(O)cc(S(=O)(=O)O)cc2c1,KYARBIJYVGJZLB-UHFFFAOYSA-N,-0.15937938
TOX-4834,6895,"1,2,3-trichlorobenzene",Clc1cccc(Cl)c1Cl,Clc1cccc(Cl)c1Cl,RELMFMZEBKVZJC-UHFFFAOYSA-N,2.9548554
TOX-4837,6899,"2,6-dichlorophenol",Oc1c(Cl)cccc1Cl,Oc1c(Cl)cccc1Cl,HOLHYSJJBXSLMV-UHFFFAOYSA-N,1.2602204
TOX-4840,6907,"1,2,3,4,5-pentabromo-6-chlorocyclohexane",ClC1C(Br)C(Br)C(Br)C(Br)C1Br,ClC1C(Br)C(Br)C(Br)C(Br)C1Br,UZOSVZSBPTTWIG-UHFFFAOYSA-N,2.4485385
TOX-4841,992,"2,3,4,5,6-pentachlorophenol",Oc1c(Cl)c(Cl)c(Cl)c(Cl)c1Cl,Oc1c(Cl)c(Cl)c(Cl)c(Cl)c1Cl,IZUPBVBPLAPZRR-UHFFFAOYSA-N,2.6664958
TOX-4847,6914,"2,4,6-trichlorophenol",Oc1c(Cl)cc(Cl)cc1Cl,Oc1c(Cl)cc(Cl)cc1Cl,LINPIYWFGCPVIE-UHFFFAOYSA-N,1.8925517
TOX-4854,6924,2-methylbenzenesulfonamide,Cc1ccccc1S(N)(=O)=O,Cc1ccccc1S(N)(=O)=O,YCMLQMDWSXFTIF-UHFFFAOYSA-N,0.15554731
TOX-4859,6934,2-amino-5-methylbenzenesulfonic acid,Cc1ccc(N)c(S(=O)(=O)O)c1,Cc1ccc(N)c(S(=O)(=O)O)c1,LTPSRQRIPCVMKQ-UHFFFAOYSA-N,0.10205999
TOX-4867,6944,1-methyl-2-nitrobenzene,Cc1ccccc1[N+](=O)[O-],Cc1ccccc1[N+](=O)[O-],PLAZTCDQAHEYBI-UHFFFAOYSA-N,1.3437047
TOX-4868,6945,1-chloro-2-nitrobenzene,O=[N+]([O-])c1ccccc1Cl,O=[N+]([O-])c1ccccc1Cl,BFCFYVKQTRLZHA-UHFFFAOYSA-N,1.7137638
TOX-4869,6946,2-nitroaniline,Nc1ccccc1[N+](=O)[O-],Nc1ccccc1[N+](=O)[O-],DPJCXCZTLWNFOH-UHFFFAOYSA-N,0.69012398
TOX-4870,6947,2-nitrophenol,O=[N+]([O-])c1ccccc1O,O=[N+]([O-])c1ccccc1O,IQUPABOKLQSFBK-UHFFFAOYSA-N,0.99890327
TOX-4872,6950,"2-butan-2-yl-4,6-dinitrophenol",CCC(C)c1cc([N+](=O)[O-])cc([N+](=O)[O-])c1O,CCC(C)c1cc([N+](=O)[O-])cc([N+](=O)[O-])c1O,OWZPCEFYPSAJFR-UHFFFAOYSA-N,0.4755412
TOX-4885,6979,4-chloro-2-nitroaniline,Nc1ccc(Cl)cc1[N+](=O)[O-],Nc1ccc(Cl)cc1[N+](=O)[O-],PBGKNXWGYQPUJK-UHFFFAOYSA-N,1.0735254
TOX-4907,7013,N-phenylnaphthalen-1-amine,c1ccc(Nc2cccc3ccccc23)cc1,c1ccc(Nc2cccc3ccccc23)cc1,XQVWYOYUZDUNRW-UHFFFAOYSA-N,3.3161798
TOX-4908,7015,2-phenylaniline,Nc1ccccc1-c1ccccc1,Nc1ccccc1-c1ccccc1,TWBPWBPGNQWFSJ-UHFFFAOYSA-N,1.4699966
TOX-4921,7031,bis[4-(dimethylamino)phenyl]methanone,CN(C)c1ccc(C(=O)c2ccc(N(C)C)cc2)cc1,CN(C)c1ccc(C(=O)c2ccc(N(C)C)cc2)cc1,VVBLNCFGVYUYGU-UHFFFAOYSA-N,1.5913391
TOX-4928,7042,"benzene-1,2-dicarbonitrile",N#Cc1ccccc1C#N,N#Cc1ccccc1C#N,XQZYPMVTSDWCCE-UHFFFAOYSA-N,0.40097708
TOX-4930,7044,"1,2,3,4,4a,5,6,7,8,8a-decahydronaphthalene",C1CCC2CCCCC2C1,C1CCC2CCCCC2C1,NNBZCPXTIHJBJL-UHFFFAOYSA-N,3.52
TOX-4932,7047,quinoline,c1ccc2ncccc2c1,c1ccc2ncccc2c1,SMWDFEZZVXVKRB-UHFFFAOYSA-N,0.39618674
TOX-4933,7048,1-methoxy-2-nitrobenzene,COc1ccccc1[N+](=O)[O-],COc1ccccc1[N+](=O)[O-],CFBYEGUGFPZCNF-UHFFFAOYSA-N,0.48601788
TOX-4942,7055,2-methylnaphthalene,Cc1ccc2ccccc2c1,Cc1ccc2ccccc2c1,QIMMUPPBPVKWKM-UHFFFAOYSA-N,3.1102271
TOX-4943,7056,2-chloronaphthalene,Clc1ccc2ccccc2c1,Clc1ccc2ccccc2c1,CGYGETOMCSJHJU-UHFFFAOYSA-N,3.6300001
TOX-4949,7061,"N,N-diethylaniline",CCN(CC)c1ccccc1,CCN(CC)c1ccccc1,GGSUCNLOZRCGPQ-UHFFFAOYSA-N,2.0650964
TOX-4977,7103,4-phenylphenol,Oc1ccc(-c2ccccc2)cc1,Oc1ccc(-c2ccccc2)cc1,YXVFYQXJAXKLAK-UHFFFAOYSA-N,1.676851
TOX-4978,7104,3-hydroxynaphthalene-2-carboxylic acid,O=C(O)c1cc2ccccc2cc1O,O=C(O)c1cc2ccccc2cc1O,ALKYHXVLJMQRLQ-UHFFFAOYSA-N,0.31805071
TOX-5014,7158,"2-(2,4,5-trichlorophenoxy)propanoic acid",CC(Oc1cc(Cl)c(Cl)cc1Cl)C(=O)O,CC(Oc1cc(Cl)c(Cl)cc1Cl)C(=O)O,ZLSWBLPERHFHIS-UHFFFAOYSA-N,1.763428
TOX-5016,1480,"2-(2,4,5-trichlorophenoxy)acetic acid",O=C(O)COc1cc(Cl)c(Cl)cc1Cl,O=C(O)COc1cc(Cl)c(Cl)cc1Cl,SMYMJHWAQXWPDB-UHFFFAOYSA-N,1.3802112
TOX-5063,7222,"1,3-benzothiazole",c1ccc2scnc2c1,c1ccc2scnc2c1,IOJUPLGTWVMSFF-UHFFFAOYSA-N,0.7075702
TOX-5078,11418,2-methylcyclohexan-1-ol,Cc1ccccc1O,Cc1ccccc1O,NDVWOBYBJYUSMF-UHFFFAOYSA-N,1.03
TOX-5079,7238,1-chloro-2-methylbenzene,Cc1ccccc1Cl,Cc1ccccc1Cl,IBSQPLPBRSHTTG-UHFFFAOYSA-N,1.904654
TOX-5080,7240,2-chloroaniline,Nc1ccccc1Cl,Nc1ccccc1Cl,AKCRQHGQIJBRMN-UHFFFAOYSA-N,0.91294217
TOX-5085,7245,2-chlorophenol,Oc1ccccc1Cl,Oc1ccccc1Cl,ISPYQTSUDJAMAB-UHFFFAOYSA-N,1.0608569
TOX-5086,7247,"1,2,4-trimethylbenzene",Cc1ccc(C)c(C)c1,Cc1ccc(C)c(C)c1,GWHJZXXIDMPWGX-UHFFFAOYSA-N,2.2556143
TOX-5087,7248,"3,4-dimethylaniline",Cc1ccc(N)cc1C,Cc1ccc(N)cc1C,DOLQYFPDPKPQSS-UHFFFAOYSA-N,0.64496195
TOX-5089,7251,4-chloro-2-methylaniline,Cc1cc(Cl)ccc1N,Cc1cc(Cl)ccc1N,CXNVOWPRHWWCQR-UHFFFAOYSA-N,1.2048299
TOX-5093,7257,"3,4-dichloroaniline",Nc1ccc(Cl)c(Cl)c1,Nc1ccc(Cl)c(Cl)c1,SDYWXFYBZPNOFX-UHFFFAOYSA-N,1.1482277
TOX-5094,7258,"3,4-dichlorophenol",Oc1ccc(Cl)c(Cl)c1,Oc1ccc(Cl)c(Cl)c1,WDNBURPWRNALGP-UHFFFAOYSA-N,1.811202
TOX-5096,7261,"4-methylbenzene-1,3-diamine",Cc1ccc(N)cc1N,Cc1ccc(N)cc1N,VOZKAJLKRJDJLL-UHFFFAOYSA-N,1.19897
TOX-5097,7262,"2,5-dichloroaniline",Nc1cc(Cl)ccc1Cl,Nc1cc(Cl)ccc1Cl,AVYGCQXNNJPXSS-UHFFFAOYSA-N,1.2872627
TOX-5103,7270,"1,2,4,5-tetrachlorobenzene",Clc1cc(Cl)c(Cl)cc1Cl,Clc1cc(Cl)c(Cl)cc1Cl,JHBKHLUZVFWLAG-UHFFFAOYSA-N,3.7054594
TOX-5104,7271,"2,4,5-trichlorophenol",Oc1cc(Cl)c(Cl)cc1Cl,Oc1cc(Cl)c(Cl)cc1Cl,LHJGJYXLEPZJPM-UHFFFAOYSA-N,2.4553459
TOX-5110,7280,"1,2-dibromo-3-chloropropane",ClCC(Br)CBr,ClCC(Br)CBr,WBEJYOJJBDISQU-UHFFFAOYSA-N,1.1459223
TOX-5113,7285,"1,2,3-trichloropropane",ClCC(Cl)CCl,ClCC(Cl)CCl,CFXQEHVMCRXUSD-UHFFFAOYSA-N,1.0224624
TOX-5127,2723650,imidazolidine-2-thione,S=C1NCCN1,S=C1NCCN1,PDQAZBWRQCGBEV-UHFFFAOYSA-N,-0.28944892
TOX-5134,7308,2-tert-butyl-4-(5-tert-butyl-4-hydroxy-2-methylphenyl)sulfanyl-5-methylphenol,Cc1cc(O)c(C(C)(C)C)cc1Sc1cc(C(C)(C)C)c(O)cc1C,Cc1cc(O)c(C(C)(C)C)cc1Sc1cc(C(C)(C)C)c(O)cc1C,HXIQYSLFEXIOAV-UHFFFAOYSA-N,0.818214
TOX-5135,7311,"2,4-ditert-butylphenol",CC(C)(C)c1ccc(O)c(C(C)(C)C)c1,CC(C)(C)c1ccc(O)c(C(C)(C)C)c1,ICKWICRCANNIBI-UHFFFAOYSA-N,2.5108116
TOX-5138,66793,4-methoxy-2-nitroaniline,COc1ccc(N)c([N+](=O)[O-])c1,COc1ccc(N)c([N+](=O)[O-])c1,QFMJFXFXQAFGBO-UHFFFAOYSA-N,0.72411561
TOX-5179,7368,trifluoromethylbenzene,FC(F)(F)c1ccccc1,FC(F)(F)c1ccccc1,GETTZEONDQJALK-UHFFFAOYSA-N,1.685076
TOX-5198,7403,4-tert-butylbenzoic acid,CC(C)(C)c1ccc(C(=O)O)cc1,CC(C)(C)c1ccc(C(=O)O)cc1,KDVYCTOWXSLNNI-UHFFFAOYSA-N,0.3407402
TOX-5202,7407,prop-1-en-2-ylbenzene,C=C(C)c1ccccc1,C=C(C)c1ccccc1,XYLMUPLGERFSHI-UHFFFAOYSA-N,1.9718844
TOX-5210,7416,nitrobenzene,O=[N+]([O-])c1ccccc1,O=[N+]([O-])c1ccccc1,LQNUZADURLCDLV-UHFFFAOYSA-N,0.64115793
TOX-5216,7422,1-methyl-3-nitrobenzene,Cc1cccc([N+](=O)[O-])c1,Cc1cccc([N+](=O)[O-])c1,QZYHIOPPLUPUJF-UHFFFAOYSA-N,0.9500373
TOX-5227,7443,"1,2-dichloro-4-nitrobenzene",O=[N+]([O-])c1ccc(Cl)c(Cl)c1,O=[N+]([O-])c1ccc(Cl)c(Cl)c1,NTBYINQTYWZXLH-UHFFFAOYSA-N,1.9170007
TOX-5232,7450,"1,3-di(propan-2-yl)benzene",CC(C)c1cccc(C(C)C)c1,CC(C)c1cccc(C(C)C)c1,UNEATYXSUBPPKP-UHFFFAOYSA-N,3.1591854
TOX-5236,7453,4-butan-2-ylphenol,CCC(C)c1ccc(O)cc1,CCC(C)c1ccc(O)cc1,ZUTYZAFDFLLILI-UHFFFAOYSA-N,1.3869684
TOX-5254,7473,1-methyl-4-nitrobenzene,Cc1ccc([N+](=O)[O-])cc1,Cc1ccc([N+](=O)[O-])cc1,ZPTVNYMJQHSSEA-UHFFFAOYSA-N,0.91300553
TOX-5255,7474,1-chloro-4-nitrobenzene,O=[N+]([O-])c1ccc(Cl)cc1,O=[N+]([O-])c1ccc(Cl)cc1,CZGCEKJOLUNIFY-UHFFFAOYSA-N,1.6177869
TOX-5256,7475,4-nitroaniline,Nc1ccc([N+](=O)[O-])cc1,Nc1ccc([N+](=O)[O-])cc1,TYMLOMAKGOJONV-UHFFFAOYSA-N,0.6897248
TOX-5257,980,4-nitrophenol,O=[N+]([O-])c1ccc(O)cc1,O=[N+]([O-])c1ccc(O)cc1,BTJIUGUIPKRLHP-UHFFFAOYSA-N,0.75582814
TOX-5263,7485,1-methoxy-4-nitrobenzene,COc1ccc([N+](=O)[O-])cc1,COc1ccc([N+](=O)[O-])cc1,BNUHAJGCKIQFGE-UHFFFAOYSA-N,0.77943534
TOX-5268,7492,"1,4-dinitrobenzene",O=[N+]([O-])c1ccc([N+](=O)[O-])cc1,O=[N+]([O-])c1ccc([N+](=O)[O-])cc1,FYFDQJRXFWGIBS-UHFFFAOYSA-N,-0.39691001
TOX-5275,7502,4-ethenylpyridine,C=Cc1ccncc1,C=Cc1ccncc1,KFDVPJUYSDEJTH-UHFFFAOYSA-N,1.9071535
TOX-5305,7540,triphenyl phosphite,c1ccc(OP(Oc2ccccc2)Oc2ccccc2)cc1,c1ccc(OP(Oc2ccccc2)Oc2ccccc2)cc1,HVLLSGMXQDNUAL-UHFFFAOYSA-N,2.3944516
TOX-5309,7543,4-[(4-amino-3-chlorophenyl)methyl]-2-chloroaniline,Nc1ccc(Cc2ccc(N)c(Cl)c2)cc1Cl,Nc1ccc(Cc2ccc(N)c(Cl)c2)cc1Cl,IBOFVQJTBBUKMU-UHFFFAOYSA-N,2.4070468
TOX-5322,249489,4-(cyclohexylmethyl)cyclohexan-1-ol,Oc1ccc(Cc2ccccc2)cc1,Oc1ccc(Cc2ccccc2)cc1,QYZFQZJJSMHXOK-UHFFFAOYSA-N,1.4649206
TOX-5333,7580,benzylbenzene,c1ccc(Cc2ccccc2)cc1,c1ccc(Cc2ccccc2)cc1,CZZYITDELCSZES-UHFFFAOYSA-N,2.9950247
TOX-5335,7583,phenoxybenzene,c1ccc(Oc2ccccc2)cc1,c1ccc(Oc2ccccc2)cc1,USIUVYZYUHIAEV-UHFFFAOYSA-N,2.637162
TOX-5346,7594,"1,2-diphenylguanidine",N=C(Nc1ccccc1)Nc1ccccc1,N=C(Nc1ccccc1)Nc1ccccc1,OWRCNXZUPFZXOS-UHFFFAOYSA-N,0.80102998
TOX-5364,7617,"N,N-bis(prop-2-enyl)prop-2-en-1-amine",C=CCN(CC=C)CC=C,C=CCN(CC=C)CC=C,VPYJNCGUESNPMV-UHFFFAOYSA-N,0.51466823
TOX-5369,7622,"N,N-dibutylbutan-1-amine",CCCCN(CCCC)CCCC,CCCCN(CCCC)CCCC,IMFACGCPASFAPR-UHFFFAOYSA-N,1.19897
TOX-5392,61004,3-(ethenoxymethyl)heptane,C=COCC(CC)CCCC,C=COCC(CC)CCCC,DSSAWHFZNWVJEC-UHFFFAOYSA-N,3.0937958
TOX-5395,7657,phenylmethoxymethylbenzene,c1ccc(COCc2ccccc2)cc1,c1ccc(COCc2ccccc2)cc1,MHDVGSVTJDSBDK-UHFFFAOYSA-N,2.5176098
TOX-5405,21609,N-ethylcyclohexanamine,CCNc1ccccc1,CCNc1ccccc1,AGVKXDPPPSLISR-UHFFFAOYSA-N,0.9931156
TOX-5427,1752,4-nonylphenol,CCCCCCCCCc1ccc(O)cc1,CCCCCCCCCc1ccc(O)cc1,IGFHQQFPSIBGKE-UHFFFAOYSA-N,2.5463533
TOX-5450,7726,4-chlorobenzaldehyde,O=Cc1ccc(Cl)cc1,O=Cc1ccc(Cl)cc1,AVPYQKSLYISFPO-UHFFFAOYSA-N,0.31980768
TOX-5490,7771,"2,4-dimethylphenol",Cc1ccc(O)c(C)c1,Cc1ccc(O)c(C)c1,KUFFULVDNCHOFZ-UHFFFAOYSA-N,1.1799999
TOX-5515,7804,"1,4-dibromobenzene",Brc1ccc(Br)cc1,Brc1ccc(Br)cc1,SWJPEBQEEAHIGZ-UHFFFAOYSA-N,2.2849002
TOX-5519,7810,1-chloro-4-methylbenzene,Cc1ccc(Cl)cc1,Cc1ccc(Cl)cc1,NPDACUSDTOMAMK-UHFFFAOYSA-N,1.8361759
TOX-5521,7812,4-chloroaniline,Nc1ccc(Cl)cc1,Nc1ccc(Cl)cc1,QSNSCYSYFYORTR-UHFFFAOYSA-N,0.59901142
TOX-5550,7850,3-chloroprop-1-ene,C=CCCl,C=CCCl,OSDWBNJEKMUWAV-UHFFFAOYSA-N,0.29509342
TOX-5617,7927,"1,3-dibromobenzene",Brc1cccc(Br)c1,Brc1cccc(Br)c1,,2.7781513
TOX-5618,11566,3-methylcyclohexan-1-ol,Cc1cccc(O)c1,Cc1cccc(O)c1,HTSABYAWKQAHBT-UHFFFAOYSA-N,1.03
TOX-5620,7932,3-chloroaniline,Nc1cccc(Cl)c1,Nc1cccc(Cl)c1,PNPCRKVUWYDDST-UHFFFAOYSA-N,0.30955619
TOX-5621,7933,3-chlorophenol,Oc1cccc(Cl)c1,Oc1cccc(Cl)c1,HORNXRXVQWOLPJ-UHFFFAOYSA-N,1.082577
TOX-5623,18814,"cyclohexane-1,3-diamine",Nc1cccc(N)c1,Nc1cccc(N)c1,GEQHKFFSPGPGLN-UHFFFAOYSA-N,0.79930556
TOX-5631,7944,1-chloro-2-(1-chloropropan-2-yloxy)propane,CC(CCl)OC(C)CCl,CC(CCl)OC(C)CCl,QCFYJCYNJLBDRT-UHFFFAOYSA-N,0.96228194
TOX-5637,7950,"1,3,5-trichlorobenzene",Clc1cc(Cl)cc(Cl)c1,Clc1cc(Cl)cc(Cl)c1,XKEFYDZQGKAQCN-UHFFFAOYSA-N,3.3057075
TOX-5642,7955,"1,3,5-triazine-2,4,6-triamine",Nc1nc(N)nc(N)n1,Nc1nc(N)nc(N)n1,JDSHMPZPIAZGSV-UHFFFAOYSA-N,0.079783596
TOX-5646,7962,methylcyclohexane,CC1CCCCC1,CC1CCCCC1,UAEPNZWRGJTJPN-UHFFFAOYSA-N,2.3672264
TOX-5648,10952,chlorocyclohexane,ClC1CCCCC1,ClC1CCCCC1,UNFUYWDGSFDHCW-UHFFFAOYSA-N,2.3475246
TOX-5658,7977,2-chloropyridine,Clc1ccccn1,Clc1ccccn1,OKDGRDCXVWSXDC-UHFFFAOYSA-N,0.77875358
TOX-5678,8005,1-chlorobutane,CCCCCl,CCCCCl,VFWCMGCRMGJXDK-UHFFFAOYSA-N,1.2128669
TOX-5743,8083,morpholine,C1COCCN1,C1COCCN1,YNAVUWVOSKDBBP-UHFFFAOYSA-N,-0.021436973
TOX-5749,8087,1-(2-hydroxypropoxy)propan-2-ol,CC(O)COCC(C)O,CC(O)COCC(C)O,AZUXKVXMJOIAOF-UHFFFAOYSA-N,0.44629529
TOX-5770,8111,"N'-(2-aminoethyl)ethane-1,2-diamine",NCCNCCN,NCCNCCN,RPNUMPOLZDHAAY-UHFFFAOYSA-N,0.33845943
TOX-5771,8112,2-(2-aminoethylamino)ethanol,NCCNCCO,NCCNCCO,LHIJANUOQQMGNT-UHFFFAOYSA-N,0.11065921
TOX-5774,8115,1-chloro-2-(2-chloroethoxy)ethane,ClCCOCCCl,ClCCOCCCl,ZNSMNVMLTJELDZ-UHFFFAOYSA-N,0.2405611
TOX-5793,8141,nonane,CCCCCCCCC,CCCCCCCCC,BKIMMITUMNQMOS-UHFFFAOYSA-N,3.1500001
TOX-5799,8149,3-(2-cyanoethylamino)propanenitrile,N#CCCNCCC#N,N#CCCNCCC#N,SBAJRGRUGUQKAF-UHFFFAOYSA-N,-0.33083847
TOX-5855,8268,"2,2,2-trichloro-1,1-bis(4-chlorophenyl)ethanol",OC(c1ccc(Cl)cc1)(c1ccc(Cl)cc1)C(Cl)(Cl)Cl,OC(c1ccc(Cl)cc1)(c1ccc(Cl)cc1)C(Cl)(Cl)Cl,UOAMTSKGCBMZTC-UHFFFAOYSA-N,3.7672281
TOX-5864,8285,"2,2-bis(hydroxymethyl)propane-1,3-diol",OCC(CO)(CO)CO,OCC(CO)(CO)CO,WXZMFSXDPGVJKK-UHFFFAOYSA-N,-0.036973082
TOX-5867,3034145,cyclohexyl diphenyl phosphate,O=P(Oc1ccccc1)(Oc1ccccc1)Oc1ccccc1,O=P(Oc1ccccc1)(Oc1ccccc1)Oc1ccccc1,CPKKNIYMTSBFIQ-UHFFFAOYSA-N,2.4764473
TOX-5873,8295,tris(2-chloroethyl) phosphate,O=P(OCCCl)(OCCCl)OCCCl,O=P(OCCCl)(OCCCl)OCCCl,HQUQLFOMPYWACS-UHFFFAOYSA-N,0.20858158
TOX-5892,8330,"1,2,4,5-tetrachloro-3-nitrobenzene",O=[N+]([O-])c1c(Cl)c(Cl)cc(Cl)c1Cl,O=[N+]([O-])c1c(Cl)c(Cl)cc(Cl)c1Cl,XQTLDIFVVHJORV-UHFFFAOYSA-N,3.2545595
TOX-5900,8341,"2-aminoanthracene-9,10-dione",Nc1ccc2c(c1)C(=O)c1ccccc1C2=O,Nc1ccc2c(c1)C(=O)c1ccccc1C2=O,XOGPDSATLSAZEK-UHFFFAOYSA-N,1.5855373
TOX-5924,1483,"2,4,6-tribromophenol",Oc1c(Br)cc(Br)cc1Br,Oc1c(Br)cc(Br)cc1Br,BSWWXRFVMJHFBN-UHFFFAOYSA-N,2.7101173
TOX-5927,8374,2-chlorobenzoic acid,O=C(O)c1ccccc1Cl,O=C(O)c1ccccc1Cl,IKCLCGXPQILATA-UHFFFAOYSA-N,0.5
TOX-5931,8381,6-diethoxyphosphinothioyloxy-2-phenylpyridazin-3-one,CCOP(=S)(OCC)Oc1ccc(=O)n(-c2ccccc2)n1,CCOP(=S)(OCC)Oc1ccc(=O)n(-c2ccccc2)n1,CXJSOEPQXUCJSA-UHFFFAOYSA-N,0.86787719
TOX-5936,8391,4-methyl-2-nitrophenol,Cc1ccc(O)c([N+](=O)[O-])c1,Cc1ccc(O)c([N+](=O)[O-])c1,SYDNSSSQVSOXTN-UHFFFAOYSA-N,0.96178174
TOX-5941,8398,2-tert-butyl-6-[(3-tert-butyl-2-hydroxy-5-methylphenyl)methyl]-4-methylphenol,Cc1cc(Cc2cc(C)cc(C(C)(C)C)c2O)c(O)c(C(C)(C)C)c1,Cc1cc(Cc2cc(C)cc(C(C)(C)C)c2O)c(O)c(C(C)(C)C)c1,KGRVJHAUYBGFFP-UHFFFAOYSA-N,2.5950677
TOX-5958,8418,anthracene,c1ccc2cc3ccccc3cc2c1,c1ccc2cc3ccccc3cc2c1,MWPLVEDNUUSJAV-UHFFFAOYSA-N,3.2505436
TOX-5975,61049,(piperidine-1-carbothioyltrisulfanyl) piperidine-1-carbodithioate,S=C(SSSSC(=S)N1CCCCC1)N1CCCCC1,S=C(SSSSC(=S)N1CCCCC1)N1CCCCC1,VNDRMZTXEFFQDR-UHFFFAOYSA-N,1.1198328
TOX-5984,8445,2-methoxy-5-methylaniline,COc1ccc(C)cc1N,COc1ccc(C)cc1N,WXWCDTXEKCVRRO-UHFFFAOYSA-N,0.82023263
TOX-5988,8447,"2-(1,3-benzothiazol-2-yldisulfanyl)-1,3-benzothiazole",c1ccc2sc(SSc3nc4ccccc4s3)nc2c1,c1ccc2sc(SSc3nc4ccccc4s3)nc2c1,AFZSMODLJJCVPP-UHFFFAOYSA-N,1.1501998
TOX-5991,13,"1,2,4-trichlorobenzene",Clc1ccc(Cl)c(Cl)c1,Clc1ccc(Cl)c(Cl)c1,PBKONEOXTCPAFI-UHFFFAOYSA-N,3.0472143
TOX-5992,8449,"2,4-dichlorophenol",Oc1ccc(Cl)cc1Cl,Oc1ccc(Cl)cc1Cl,HFZWRUODUSTPEG-UHFFFAOYSA-N,1.8833407
TOX-6004,8461,"1-methyl-2,4-dinitrobenzene",Cc1ccc([N+](=O)[O-])cc1[N+](=O)[O-],Cc1ccc([N+](=O)[O-])cc1[N+](=O)[O-],RMBFBMJGBANMMK-UHFFFAOYSA-N,0.82997817
TOX-6013,8471,"N,N-diethylethanamine",CCN(CC)CC,CCN(CC)CC,ZMANZCXQSJIPKH-UHFFFAOYSA-N,0.19458304
TOX-6031,8497,3-nitrobenzoic acid,O=C(O)c1cccc([N+](=O)[O-])c1,O=C(O)c1cccc([N+](=O)[O-])c1,AFPHTEQTJZKQAQ-UHFFFAOYSA-N,0.35125834
TOX-6038,31200,dimethoxy-(3-methyl-4-nitrophenoxy)-sulfanylidene-lambda5-phosphane,COP(=S)(OC)Oc1ccc([N+](=O)[O-])c(C)c1,COP(=S)(OC)Oc1ccc([N+](=O)[O-])c(C)c1,ZNOLGFHPUIJIMJ-UHFFFAOYSA-N,1.8340576
TOX-6042,24730,1-[bis(2-hydroxypropyl)amino]propan-2-ol,CC(O)CN(CC(C)O)CC(C)O,CC(O)CN(CC(C)O)CC(C)O,SLINHMUFWFWBMU-UHFFFAOYSA-N,-0.73298693
TOX-6044,5216,"6-chloro-2-N,4-N-diethyl-1,3,5-triazine-2,4-diamine",CCNc1nc(Cl)nc(NCC)n1,CCNc1nc(Cl)nc(NCC)n1,ODCWYMIRDDJXKW-UHFFFAOYSA-N,1.1081522
TOX-6046,11487,N-phenylaniline,c1ccc(Nc2ccccc2)cc1,c1ccc(Nc2ccccc2)cc1,DMBHHRLKUKUOEG-UHFFFAOYSA-N,2.2992237
TOX-6097,31264,"2,4,6-trimethyl-1,3,5-trioxane",CC1OC(C)OC(C)O1,CC1OC(C)OC(C)O1,SQYNKIJPMDEDEG-UHFFFAOYSA-N,0.085052811
TOX-6148,31347,"thiolane 1,1-dioxide",O=S1(=O)CCCC1,O=S1(=O)CCCC1,HXJUTPCZVOIRIF-UHFFFAOYSA-N,0.37567779
TOX-6155,31356,"tris(2,3-dibromopropyl) phosphate",O=P(OCC(Br)CBr)(OCC(Br)CBr)OCC(Br)CBr,O=P(OCC(Br)CBr)(OCC(Br)CBr)OCC(Br)CBr,PQYJRMFWJJONBO-UHFFFAOYSA-N,0.38429204
TOX-6156,31357,tributyl phosphate,CCCCOP(=O)(OCCCC)OCCCC,CCCCOP(=O)(OCCCC)OCCCC,STCOOQWBFONSKY-UHFFFAOYSA-N,1.2827963
TOX-6167,6418,"2,2-dichloropropanoic acid",CC(Cl)(Cl)C(=O)O,CC(Cl)(Cl)C(=O)O,NDUPDOJHUQKPAG-UHFFFAOYSA-N,0.66350001
TOX-6177,7387,3-nitrobenzenesulfonic acid,O=[N+]([O-])c1cccc(S(=O)(=O)O)c1,O=[N+]([O-])c1cccc(S(=O)(=O)O)c1,ONMOULMPIIOVTQ-UHFFFAOYSA-N,0.69999999
TOX-6179,518659,"1,1,1,2-tetrachloro-3-(2,3,3,3-tetrachloropropoxy)propane",ClC(COCC(Cl)C(Cl)(Cl)Cl)C(Cl)(Cl)Cl,ClC(COCC(Cl)C(Cl)(Cl)Cl)C(Cl)(Cl)Cl,LNJXZKBHJZAIKQ-UHFFFAOYSA-N,3.501828
TOX-6197,31423,pyrene,c1cc2ccc3cccc4ccc(c1)c2c34,c1cc2ccc3cccc4ccc(c1)c2c34,BBEAQIROQSPTKN-UHFFFAOYSA-N,2.7465036
TOX-6217,8553,"2-chloroanthracene-9,10-dione",O=C1c2ccccc2C(=O)c2cc(Cl)ccc21,O=C1c2ccccc2C(=O)c2cc(Cl)ccc21,FPKCTSIVDAWGFA-UHFFFAOYSA-N,2.3396366
TOX-6239,3023,dibenzothiophene,c1ccc2c(c1)sc1ccccc12,c1ccc2c(c1)sc1ccccc12,IYYZUPMFVPLQIF-UHFFFAOYSA-N,3.1557574
TOX-6266,8640,naphthalen-1-amine,Nc1cccc2ccccc12,Nc1cccc2ccccc12,RUFPHBVGCFYCNW-UHFFFAOYSA-N,1.4854521
TOX-6287,8679,N-phenylnaphthalen-2-amine,c1ccc(Nc2ccc3ccccc3c2)cc1,c1ccc(Nc2ccc3ccccc3c2)cc1,KEQFTVQCIQJIQW-UHFFFAOYSA-N,2.3877368
TOX-6405,8909,1-butoxybutane,CCCCOCCCC,CCCCOCCCC,DURPTKYDGMDSBL-UHFFFAOYSA-N,1.9122778
TOX-6425,8946,"2,2,4-trimethylpentane-1,3-diol",CC(C)C(O)C(C)(C)CO,CC(C)C(O)C(C)(C)CO,JCTXKRPTIMZBJT-UHFFFAOYSA-N,-0.31176597
TOX-6456,697993,"3H-1,3-benzothiazole-2-thione",S=c1[nH]c2ccccc2s1,S=c1[nH]c2ccccc2s1,YXIWHUQXZSMYRE-UHFFFAOYSA-N,0.40309
TOX-6504,9076,4-ethoxyaniline,CCOc1ccc(N)cc1,CCOc1ccc(N)cc1,IMPPGHMHELILKG-UHFFFAOYSA-N,0.52069634
TOX-6524,9154,fluoranthene,c1ccc2c(c1)-c1cccc3cccc-2c13,c1ccc2c(c1)-c1cccc3cccc-2c13,GVEPBJHOBDJJJI-UHFFFAOYSA-N,3.4406583
TOX-6525,9161,acenaphthylene,C1=Cc2cccc3cccc1c23,C1=Cc2cccc3cccc1c23,HXGDTGSAIMULJN-UHFFFAOYSA-N,2.5226095
TOX-6528,9171,chrysene,c1ccc2c(c1)ccc1c3ccccc3ccc21,c1ccc2c(c1)ccc1c3ccccc3ccc21,WDECIBYCCFPHNR-UHFFFAOYSA-N,2.24
TOX-6536,9215,acridine,c1ccc2nc3ccccc3cc2c1,c1ccc2nc3ccccc3cc2c1,DZBUGLKDJFMEHC-UHFFFAOYSA-N,2.4000001
TOX-6571,9268,cyclododecane,C1CCCCCCCCCCC1,C1CCCCCCCCCCC1,DDTBPAQBQHZRDW-UHFFFAOYSA-N,3.9775
TOX-6578,4130,dimethoxy-(4-nitrophenoxy)-sulfanylidene-lambda5-phosphane,COP(=S)(OC)Oc1ccc([N+](=O)[O-])cc1,COP(=S)(OC)Oc1ccc([N+](=O)[O-])cc1,RLBIQVVOMOPOHC-UHFFFAOYSA-N,1.8500333
TOX-6581,3118,diethoxy-(2-ethylsulfanylethylsulfanyl)-sulfanylidene-lambda5-phosphane,CCOP(=S)(OCC)SCCSCC,CCOP(=S)(OCC)SCCSCC,DOFZAZXDOSGAJZ-UHFFFAOYSA-N,2.6204329
TOX-6582,9274,diethoxy-sulfanyl-sulfanylidene-lambda5-phosphane,CCOP(=S)(S)OCC,CCOP(=S)(S)OCC,IRDLUHRVLVEUHA-UHFFFAOYSA-N,0.19897
TOX-6583,9275,bis(2-ethylhexyl) hydrogen phosphate,CCCCC(CC)COP(=O)(O)OCC(CC)CCCC,CCCCC(CC)COP(=O)(O)OCC(CC)CCCC,SEGLCEQVOFDUPX-UHFFFAOYSA-N,0.59923536
TOX-6636,5563,"2,2,2-trichloroethyl dihydrogen phosphate",O=P(O)(O)OCC(Cl)(Cl)Cl,O=P(O)(O)OCC(Cl)(Cl)Cl,YYQRGCZGSFRBAM-UHFFFAOYSA-N,0.077668019
TOX-6647,9397,"1,1,2,2,3,3,4,4,4-nonafluoro-N,N-bis(1,1,2,2,3,3,4,4,4-nonafluorobutyl)butan-1-amine",FC(F)(F)C(F)(F)C(F)(F)C(F)(F)N(C(F)(F)C(F)(F)C(F)(F)C(F)(F)F)C(F)(F)C(F)(F)C(F)(F)C(F)(F)F,FC(F)(F)C(F)(F)C(F)(F)C(F)(F)N(C(F)(F)C(F)(F)C(F)(F)C(F)(F)F)C(F)(F)C(F)(F)C(F)(F)C(F)(F)F,RVZRBWKZFJCCIB-UHFFFAOYSA-N,1.2986538
TOX-6657,9411,"5-bromo-3-butan-2-yl-6-methyl-1H-pyrimidine-2,4-dione",CCC(C)n1c(=O)[nH]c(C)c(Br)c1=O,CCC(C)n1c(=O)[nH]c(C)c(Br)c1=O,CTSLUCNDVMMDHG-UHFFFAOYSA-N,0.6901961
TOX-6697,9481,"1,2-dichloro-4-(trifluoromethyl)benzene",FC(F)(F)c1ccc(Cl)c(Cl)c1,FC(F)(F)c1ccc(Cl)c(Cl)c1,XILPLWOGHPSJBK-UHFFFAOYSA-N,3.1760912
TOX-6711,9502,"3-(3,4-dichlorophenyl)-1-methoxy-1-methylurea",CON(C)C(=O)Nc1ccc(Cl)c(Cl)c1,CON(C)C(=O)Nc1ccc(Cl)c(Cl)c1,XKJMBINCVNINCA-UHFFFAOYSA-N,1.2899088
TOX-6734,3017,diethoxy-(6-methyl-2-propan-2-ylpyrimidin-4-yl)oxy-sulfanylidene-lambda5-phosphane,CCOP(=S)(OCC)Oc1cc(C)nc(C(C)C)n1,CCOP(=S)(OCC)Oc1cc(C)nc(C(C)C)n1,FHIVAFMUCKRCQO-UHFFFAOYSA-N,1.749745
TOX-7114,10005,2-cyanoguanidine,N#CNC(=N)N,N#CNC(=N)N,QGBSISYHAICWAH-UHFFFAOYSA-N,-0.015758526
TOX-7118,10009,pyridin-3-amine,Nc1cccnc1,Nc1cccnc1,CUYKNJBYIJFRCU-UHFFFAOYSA-N,-0.18837535
TOX-7304,10263,"1,2,3,4-tetramethylbenzene",Cc1ccc(C)c(C)c1C,Cc1ccc(C)c(C)c1C,UOHMMEJUHBCKEE-UHFFFAOYSA-N,2.8199999
TOX-7392,10439,pyridin-2-amine,Nc1ccccn1,Nc1ccccn1,ICSNLGPSRYBMBD-UHFFFAOYSA-N,1.0175742
TOX-7445,10522,"ethyl 2,2-bis(4-chlorophenyl)-2-hydroxyacetate",CCOC(=O)C(O)(c1ccc(Cl)cc1)c1ccc(Cl)cc1,CCOC(=O)C(O)(c1ccc(Cl)cc1)c1ccc(Cl)cc1,RAPBNVDSDCTNRC-UHFFFAOYSA-N,2.7277358
TOX-7458,10541,trimethyl phosphate,COP(=O)(OC)OC,COP(=O)(OC)OC,WVLBCYQITXONBZ-UHFFFAOYSA-N,-0.25880235
TOX-7558,10698,"2,4,6-trimethylphenol",Cc1cc(C)c(O)c(C)c1,Cc1cc(C)c(O)c(C)c1,BPRYUXCVCCNUFE-UHFFFAOYSA-N,0.88924611
TOX-7615,10812,1-methyl-3-propan-2-ylbenzene,Cc1cccc(C(C)C)c1,Cc1cccc(C(C)C)c1,XCYJPXQACVEIOS-UHFFFAOYSA-N,2.7720113
TOX-7652,10868,,C(=NC1CCCCC1)=NC1CCCCC1,C(=NC1CCCCC1)=NC1CCCCC1,QOSSAOTZNIDXMA-UHFFFAOYSA-N,0.093760356
TOX-7689,10943,"1,3-dichlorobenzene",Clc1cccc(Cl)c1,Clc1cccc(Cl)c1,ZPQOPVIELGIULI-UHFFFAOYSA-N,2.5398581
TOX-7713,10989,3-methyl-1-(3-methylbutoxy)butane,CC(C)CCOCCC(C)C,CC(C)CCOCCC(C)C,AQZGPSLYZOOYQP-UHFFFAOYSA-N,2.3693547
TOX-7784,11123,"2,4-dichloroaniline",Nc1ccc(Cl)cc1Cl,Nc1ccc(Cl)cc1Cl,KQCMTOWTPBNWDB-UHFFFAOYSA-N,1.3961107
TOX-7791,11137,3-nitrophenol,O=[N+]([O-])c1cccc(O)c1,O=[N+]([O-])c1cccc(O)c1,RTZZCYNQPHTPPL-UHFFFAOYSA-N,1.4
TOX-7810,11169,"2,2,4,4,6,6,8,8-octamethyl-1,3,5,7,2,4,6,8-tetraoxatetrasilocane",C[Si]1(C)O[Si](C)(C)O[Si](C)(C)O[Si](C)(C)O1,C[Si]1(C)O[Si](C)(C)O[Si](C)(C)O[Si](C)(C)O1,HMMGMWAXVFQUOA-UHFFFAOYSA-N,4.0852528
TOX-7885,11334,"2,3-dichlorophenol",Oc1cccc(Cl)c1Cl,Oc1cccc(Cl)c1Cl,UMPSXRYVXUPCOS-UHFFFAOYSA-N,1.3234785
TOX-7901,11364,N-methyl-N-phenylacetamide,CC(=O)N(C)c1ccccc1,CC(=O)N(C)c1ccccc1,LMTGCJANOQOGPI-UHFFFAOYSA-N,-0.051638164
TOX-7931,66,"2,5-dichlorophenol",Oc1cc(Cl)ccc1Cl,Oc1cc(Cl)ccc1Cl,RANCECPPZPIPNO-UHFFFAOYSA-N,1.2135881
TOX-7984,11568,3-aminophenol,Nc1cccc(O)c1,Nc1cccc(O)c1,CWLKGDAVCFYWJK-UHFFFAOYSA-N,1.10206
TOX-7986,11571,"3,5-dichlorophenol",Oc1cc(Cl)cc(Cl)c1,Oc1cc(Cl)cc(Cl)c1,VPOMSPZBQMDLTM-UHFFFAOYSA-N,1.9157442
TOX-8100,11813,"2-methyl-1,3-dinitrobenzene",Cc1c([N+](=O)[O-])cccc1[N+](=O)[O-],Cc1c([N+](=O)[O-])cccc1[N+](=O)[O-],XTRDKALNCIHHNI-UHFFFAOYSA-N,1.3430899
TOX-8123,11855,"1,2,3,4,5-pentachlorobenzene",Clc1cc(Cl)c(Cl)c(Cl)c1Cl,Clc1cc(Cl)c(Cl)c(Cl)c1Cl,CEOCDNVZRAIOQZ-UHFFFAOYSA-N,3.9329021
TOX-8135,11883,"4-methyl-1,2-dinitrobenzene",Cc1ccc([N+](=O)[O-])c([N+](=O)[O-])c1,Cc1ccc([N+](=O)[O-])c([N+](=O)[O-])c1,INYDMNPNDHRJQJ-UHFFFAOYSA-N,-0.068636239
TOX-8153,7070,4-(4-amino-3-chlorophenyl)-2-chloroaniline,Nc1ccc(-c2ccc(N)c(Cl)c2)cc1Cl,Nc1ccc(-c2ccc(N)c(Cl)c2)cc1Cl,HUWXDEQWWKGHRV-UHFFFAOYSA-N,2.2892101
TOX-8185,12008,2-chloro-5-methylphenol,Cc1ccc(Cl)c(O)c1,Cc1ccc(Cl)c(O)c1,SMFHPCZZAAMJJO-UHFFFAOYSA-N,0.55914849
TOX-8274,12172,"benzene-1,4-dicarbonitrile",N#Cc1ccc(C#N)cc1,N#Cc1ccc(C#N)cc1,BHXFKXOIODIUJO-UHFFFAOYSA-N,0.16282247
TOX-8323,12276,"benzene-1,3-dicarbonitrile",N#Cc1cccc(C#N)c1,N#Cc1cccc(C#N)c1,LAQPNDIUHRHNCV-UHFFFAOYSA-N,0.39834383
TOX-8333,12291,1-methylpiperidine,CN1CCCCC1,CN1CCCCC1,PAMIQIKDUOTOBW-UHFFFAOYSA-N,0.36405078
TOX-8375,12391,pentadecane,CCCCCCCCCCCCCCC,CCCCCCCCCCCCCCC,YCOZIPAWZNQLMR-UHFFFAOYSA-N,1.3822101
TOX-8404,12463,"1,2,3,4-tetrachlorobenzene",Clc1ccc(Cl)c(Cl)c1Cl,Clc1ccc(Cl)c(Cl)c1Cl,GBDZXPJXOMHESU-UHFFFAOYSA-N,3.6570122
TOX-8405,12468,"1,2,3,5-tetrachlorobenzene",Clc1cc(Cl)c(Cl)c(Cl)c1,Clc1cc(Cl)c(Cl)c(Cl)c1,QZYNWJQFTJXIRN-UHFFFAOYSA-N,3.120574
TOX-8406,12471,"2,4,6-trichloroaniline",Nc1c(Cl)cc(Cl)cc1Cl,Nc1c(Cl)cc(Cl)cc1Cl,NATVSFWWYVJTAZ-UHFFFAOYSA-N,2.0780299
TOX-8539,12679,N-[bis(dimethylamino)phosphoryl]-N-methylmethanamine,CN(C)P(=O)(N(C)C)N(C)C,CN(C)P(=O)(N(C)C)N(C)C,GNOIPBMMFNIUFM-UHFFFAOYSA-N,-0.80102998
TOX-8740,12901,"2-(dimethoxyphosphinothioylsulfanylmethyl)isoindole-1,3-dione",COP(=S)(OC)SCN1C(=O)c2ccccc2C1=O,COP(=S)(OC)SCN1C(=O)c2ccccc2C1=O,LMNZTLDVJIUSHT-UHFFFAOYSA-N,0.54794657
TOX-8741,12902,"2,4,6-tritert-butylphenol",CC(C)(C)c1cc(C(C)(C)C)c(O)c(C(C)(C)C)c1,CC(C)(C)c1cc(C(C)(C)C)c(O)c(C(C)(C)C)c1,PFEFOYRSMXVNEL-UHFFFAOYSA-N,4.1815796
TOX-8814,12971,"3,4-dichlorobut-1-ene",C=CC(Cl)CCl,C=CC(Cl)CCl,XVEASTGLHPVZNA-UHFFFAOYSA-N,0.60354793
TOX-8846,13019,4-hydroxybenzonitrile,N#Cc1ccc(O)cc1,N#Cc1ccc(O)cc1,CVNOWLNNPYYEOH-UHFFFAOYSA-N,0.91000003
TOX-8908,69925,hydroxy(triphenyl)silane,O[Si](c1ccccc1)(c1ccccc1)c1ccccc1,O[Si](c1ccccc1)(c1ccccc1)c1ccccc1,NLSXASIDNWDYMI-UHFFFAOYSA-N,2.8525691
TOX-8997,13263,"4-N-ethyl-6-methylsulfanyl-2-N-propan-2-yl-1,3,5-triazine-2,4-diamine",CCNc1nc(NC(C)C)nc(SC)n1,CCNc1nc(NC(C)C)nc(SC)n1,RQVYBGPQFYCBGX-UHFFFAOYSA-N,1.5185139
TOX-9226,13529,"1,1,1,3,3,3-hexafluoropropan-2-ol",OC(C(F)(F)F)C(F)(F)F,OC(C(F)(F)F)C(F)(F)F,BYEAHWXPCBROCE-UHFFFAOYSA-N,0.24369869
TOX-9309,13636,"2,3,5,6-tetrachlorophenol",Oc1c(Cl)c(Cl)cc(Cl)c1Cl,Oc1c(Cl)c(Cl)cc(Cl)c1Cl,KEWNKZNZRIAIAK-UHFFFAOYSA-N,2.1511443
TOX-9357,13690,azacyclotridecan-2-one,O=C1CCCCCCCCCCCN1,O=C1CCCCCCCCCCCN1,JHWNWJKBPDFINM-UHFFFAOYSA-N,0.16447136
TOX-9372,13709,"3-(dimethoxyphosphinothioylsulfanylmethyl)-5-methoxy-1,3,4-thiadiazol-2-one",COc1nn(CSP(=S)(OC)OC)c(=O)s1,COc1nn(CSP(=S)(OC)OC)c(=O)s1,MEBQXILRKZHVCX-UHFFFAOYSA-N,0.69889408
TOX-9564,13905,"2-N,4-N-diethyl-6-methylsulfanyl-1,3,5-triazine-2,4-diamine",CCNc1nc(NCC)nc(SC)n1,CCNc1nc(NCC)nc(SC)n1,MGLWZSOBALDPEK-UHFFFAOYSA-N,0.30963016
TOX-9848,14227,"N,N-dioctyloctan-1-amine",CCCCCCCCN(CCCCCCCC)CCCCCCCC,CCCCCCCCN(CCCCCCCC)CCCCCCCC,XTAZYLNFDRKIHJ-UHFFFAOYSA-N,1.9688251
TOX-10116,17406,[3-(aminomethyl)cyclohexyl]methanamine,NCc1cccc(CN)c1,NCc1cccc(CN)c1,QLBRROYTTDFLDX-UHFFFAOYSA-N,-0.045757491
TOX-10237,14855,4-chloro-2-methylphenol,Cc1cc(Cl)ccc1O,Cc1cc(Cl)ccc1O,RHPUJHQBPORFGV-UHFFFAOYSA-N,1.2161909
TOX-10251,5569,"2,6-dinitro-N,N-dipropyl-4-(trifluoromethyl)aniline",CCCN(CCC)c1c([N+](=O)[O-])cc(C(F)(F)F)cc1[N+](=O)[O-],CCCN(CCC)c1c([N+](=O)[O-])cc(C(F)(F)F)cc1[N+](=O)[O-],ZSDSQXJSNMTJDA-UHFFFAOYSA-N,3.5133507
TOX-10310,15390,tris(prop-2-enyl) phosphate,C=CCOP(=O)(OCC=C)OCC=C,C=CCOP(=O)(OCC=C)OCC=C,XHGIFBQQEGRTPB-UHFFFAOYSA-N,-0.090474211
TOX-10322,15402,"N,N-dimethyldithiolan-4-amine",CN(C)C1CSSC1,CN(C)C1CSSC1,DSOOGBGKEWZRIH-UHFFFAOYSA-N,1.7341738
TOX-10419,15530,"4-hydroxy-3,5-diiodobenzonitrile",N#Cc1cc(I)c(O)c(I)c1,N#Cc1cc(I)c(O)c(I)c1,NRXQIUSYPAHGNM-UHFFFAOYSA-N,1.4623981
TOX-10420,15531,"3,5-dibromo-4-hydroxybenzonitrile",N#Cc1cc(Br)c(O)c(Br)c1,N#Cc1cc(Br)c(O)c(Br)c1,UPMXNNIRAGDFEH-UHFFFAOYSA-N,0.83499998
TOX-10440,15553,"3,6-dichloropyridine-2-carboxylic acid",O=C(O)c1nc(Cl)ccc1Cl,O=C(O)c1nc(Cl)ccc1Cl,HUBANNPOLNYSAD-UHFFFAOYSA-N,0
TOX-10672,15788,"1,3,5-trichloro-2-(4-nitrophenoxy)benzene",O=[N+]([O-])c1ccc(Oc2c(Cl)cc(Cl)cc2Cl)cc1,O=[N+]([O-])c1ccc(Oc2c(Cl)cc(Cl)cc2Cl)cc1,XQNAUQUKWRBODG-UHFFFAOYSA-N,3.3048127
TOX-10676,15797,(2-hydroxy-4-octoxyphenyl)-phenylmethanone,CCCCCCCCOc1ccc(C(=O)c2ccccc2)c(O)c1,CCCCCCCCOc1ccc(C(=O)c2ccccc2)c(O)c1,QUAMTGJKVDWJEQ-UHFFFAOYSA-N,2.1188138
TOX-10767,15910,"2,4,5,6-tetrachlorobenzene-1,3-dicarbonitrile",N#Cc1c(Cl)c(Cl)c(Cl)c(C#N)c1Cl,N#Cc1c(Cl)c(Cl)c(Cl)c(C#N)c1Cl,CRQQGFGUEAVUIL-UHFFFAOYSA-N,1.2508687
TOX-10835,15965,"4-amino-3,5,6-trichloropyridine-2-carboxylic acid",Nc1c(Cl)c(Cl)nc(C(=O)O)c1Cl,Nc1c(Cl)c(Cl)nc(C(=O)O)c1Cl,NQQVFXUMIDALNH-UHFFFAOYSA-N,-1.7
TOX-11065,16238,2-propan-2-ylnaphthalene,CC(C)c1ccc2ccccc2c1,CC(C)c1ccc2ccccc2c1,TVYVQNHYIHAJTD-UHFFFAOYSA-N,4.1106749
TOX-11234,16421,ethoxy-(4-nitrophenoxy)-phenyl-sulfanylidene-lambda5-phosphane,CCOP(=S)(Oc1ccc([N+](=O)[O-])cc1)c1ccccc1,CCOP(=S)(Oc1ccc([N+](=O)[O-])cc1)c1ccccc1,AIGRXSNSLVJMEA-UHFFFAOYSA-N,2.7048755
TOX-11369,16582,2-(2-methylpropoxy)naphthalene,CC(C)COc1ccc2ccccc2c1,CC(C)COc1ccc2ccccc2c1,XOHIHZHSDMWWMS-UHFFFAOYSA-N,2.9297106
TOX-11613,17241,diethoxy-(2-ethylsulfonylethylsulfanyl)-sulfanylidene-lambda5-phosphane,CCOP(=S)(OCC)SCCS(=O)(=O)CC,CCOP(=S)(OCC)SCCS(=O)(=O)CC,BKVJOVPVLOJPKJ-UHFFFAOYSA-N,0.34062061
TOX-11614,17242,diethoxy-(2-ethylsulfinylethylsulfanyl)-sulfanylidene-lambda5-phosphane,CCOP(=S)(OCC)SCCS(=O)CC,CCOP(=S)(OCC)SCCS(=O)CC,UPUGLJYNCXXUQV-UHFFFAOYSA-N,0
TOX-11691,17343,"2,3,4,5-tetrachloro-6-methoxyphenol",COc1c(O)c(Cl)c(Cl)c(Cl)c1Cl,COc1c(O)c(Cl)c(Cl)c(Cl)c1Cl,YZZVKLJKDFFSFL-UHFFFAOYSA-N,2.0400085
TOX-11734,17412,3-methyl-4-nitrophenol,Cc1cc(O)ccc1[N+](=O)[O-],Cc1cc(O)ccc1[N+](=O)[O-],PIIZYNQECPTVEO-UHFFFAOYSA-N,1.2599376
TOX-11829,17517,(2-propan-2-ylphenyl) N-methylcarbamate,CNC(=O)Oc1ccccc1C(C)C,CNC(=O)Oc1ccccc1C(C)C,QBSJMKIUCUGGNG-UHFFFAOYSA-N,0.6821357
TOX-11871,17563,"(3,5-dimethylphenyl) N-methylcarbamate",CNC(=O)Oc1cc(C)cc(C)c1,CNC(=O)Oc1cc(C)cc(C)c1,CVQODEWAPZVVBU-UHFFFAOYSA-N,0.29833156
TOX-11929,1486,"2-(2,4-dichlorophenoxy)acetic acid",O=C(O)COc1ccc(Cl)cc1Cl,O=C(O)COc1ccc(Cl)cc1Cl,OVSKIKFHRZPJSS-UHFFFAOYSA-N,-0.5
TOX-12070,135444498,4-methyl-2-propan-2-yl-1H-pyrimidin-6-one,Cc1cc(=O)nc(C(C)C)[nH]1,Cc1cc(=O)nc(C(C)C)[nH]1,AJPIUNPJBFBUKK-UHFFFAOYSA-N,-0.034827664
TOX-12133,67196,"4,8-diamino-1,5-dihydroxy-9,10-dioxoanthracene-2,6-disulfonic acid",Nc1cc(S(=O)(=O)O)c(O)c2c1C(=O)c1c(O)c(S(=O)(=O)O)cc(N)c1C2=O,Nc1cc(S(=O)(=O)O)c(O)c2c1C(=O)c1c(O)c(S(=O)(=O)O)cc(N)c1C2=O,MVWQCFNJWMLYDF-UHFFFAOYSA-N,0.31
TOX-12260,2730,"diethoxy-sulfanylidene-(3,5,6-trichloropyridin-2-yl)oxy-lambda5-phosphane",CCOP(=S)(OCC)Oc1nc(Cl)c(Cl)cc1Cl,CCOP(=S)(OCC)Oc1nc(Cl)c(Cl)cc1Cl,SBPBAQFWLVIOKP-UHFFFAOYSA-N,3.0057714
TOX-12532,62479,"2-N,2-N,4-N,4-N,6-N,6-N-hexakis(methoxymethyl)-1,3,5-triazine-2,4,6-triamine",COCN(COC)c1nc(N(COC)COC)nc(N(COC)COC)n1,COCN(COC)c1nc(N(COC)COC)nc(N(COC)COC)n1,BNCADMBVWNPPIZ-UHFFFAOYSA-N,0.093261197
TOX-13009,62506,"5-chloro-2-[4-chloro-2-[(3,4-dichlorophenyl)carbamoylamino]phenoxy]benzenesulfonic acid",O=C(Nc1ccc(Cl)c(Cl)c1)Nc1cc(Cl)ccc1Oc1ccc(Cl)cc1S(=O)(=O)O,O=C(Nc1ccc(Cl)c(Cl)c1)Nc1cc(Cl)ccc1Oc1ccc(Cl)cc1S(=O)(=O)O,MKUMTCOTMQPYTQ-UHFFFAOYSA-N,1.9160975
TOX-13181,19577,dimethoxy-(3-methyl-4-methylsulfinylphenoxy)-sulfanylidene-lambda5-phosphane,COP(=S)(OC)Oc1ccc(S(C)=O)c(C)c1,COP(=S)(OC)Oc1ccc(S(C)=O)c(C)c1,DLAPIMGBBDILHJ-UHFFFAOYSA-N,0.13456482
TOX-13182,19578,dimethoxy-(3-methyl-4-methylsulfonylphenoxy)-sulfanylidene-lambda5-phosphane,COP(=S)(OC)Oc1ccc(S(C)(=O)=O)c(C)c1,COP(=S)(OC)Oc1ccc(S(C)(=O)=O)c(C)c1,ZDHYERRNXRANLI-UHFFFAOYSA-N,0.47574896
TOX-13193,19588,(2-butan-2-ylphenyl) N-methylcarbamate,CCC(C)c1ccccc1OC(=O)NC,CCC(C)c1ccccc1OC(=O)NC,DIRFUJHNVNOBMY-UHFFFAOYSA-N,0.45844606
TOX-13269,19657,"2-methoxy-2-sulfanylidene-4H-1,3,2lambda5-benzodioxaphosphinine",COP1(=S)OCc2ccccc2O1,COP1(=S)OCc2ccccc2O1,OUNSASXJZHBGAI-UHFFFAOYSA-N,1.3865362
TOX-13274,19662,"2-(4-chloro-2-oxo-1,3-benzothiazol-3-yl)acetic acid",O=C(O)Cn1c(=O)sc2cccc(Cl)c21,O=C(O)Cn1c(=O)sc2cccc(Cl)c21,HYJSGOXICXYZGS-UHFFFAOYSA-N,1.5563025
TOX-13300,9554,"2,2,3,3,4,4,5,5,6,6,7,7,8,8,8-pentadecafluorooctanoic acid",O=C(O)C(F)(F)C(F)(F)C(F)(F)C(F)(F)C(F)(F)C(F)(F)C(F)(F)F,O=C(O)C(F)(F)C(F)(F)C(F)(F)C(F)(F)C(F)(F)C(F)(F)C(F)(F)F,SNGREZUHAYWORS-UHFFFAOYSA-N,3.1199999
TOX-14429,21201,4-anilino-3-nitro-N-phenylbenzenesulfonamide,O=[N+]([O-])c1cc(S(=O)(=O)Nc2ccccc2)ccc1Nc1ccccc1,O=[N+]([O-])c1cc(S(=O)(=O)Nc2ccccc2)ccc1Nc1ccccc1,BBFRYSKTTHYWQZ-UHFFFAOYSA-N,1.5346088
TOX-14923,21685,"2,6-di(butan-2-yl)phenol",CCC(C)c1cccc(C(C)CC)c1O,CCC(C)c1cccc(C(C)CC)c1O,FHTGJZOULSYEOB-UHFFFAOYSA-N,2.5462458
TOX-15396,22188,"3-tert-butyl-5-chloro-6-methyl-1H-pyrimidine-2,4-dione",Cc1[nH]c(=O)n(C(C)(C)C)c(=O)c1Cl,Cc1[nH]c(=O)n(C(C)(C)C)c(=O)c1Cl,NBQCNZYJJMBDKY-UHFFFAOYSA-N,0.77815127
TOX-15409,22206,"2-N-tert-butyl-6-chloro-4-N-ethyl-1,3,5-triazine-2,4-diamine",CCNc1nc(Cl)nc(NC(C)(C)C)n1,CCNc1nc(Cl)nc(NC(C)(C)C)n1,FZXISNSWEXTPMF-UHFFFAOYSA-N,0.84509802
TOX-16251,93038,"1,1-bis(tert-butylperoxy)-3,3,5-trimethylcyclohexane",CC1CC(C)(C)CC(OOC(C)(C)C)(OOC(C)(C)C)C1,CC1CC(C)(C)CC(OOC(C)(C)C)(OOC(C)(C)C)C1,NALFRYPTRXKZPN-UHFFFAOYSA-N,4.024179
TOX-16827,4929,"6-methylsulfanyl-2-N,4-N-di(propan-2-yl)-1,3,5-triazine-2,4-diamine",CSc1nc(NC(C)C)nc(NC(C)C)n1,CSc1nc(NC(C)C)nc(NC(C)C)n1,AAEVYOVXGOFMJO-UHFFFAOYSA-N,1.9294189
TOX-17849,5993,"1,3,4,7,8,9,10,10-octachlorotricyclo[5.2.1.02,6]dec-8-ene",ClC1=C(Cl)C2(Cl)C3C(Cl)C(Cl)CC3C1(Cl)C2(Cl)Cl,ClC1=C(Cl)C2(Cl)C3C(Cl)C(Cl)CC3C1(Cl)C2(Cl)Cl,BIWJNBZANLAXMG-UHFFFAOYSA-N,4.2804308
TOX-18006,25717,"1,2,2,3-tetrachloropropane",ClCC(Cl)(Cl)CCl,ClCC(Cl)(Cl)CCl,UDPHJTAYHSSOQB-UHFFFAOYSA-N,1.6320922
TOX-18144,25834,diethoxyphosphorylsulfanylmethylbenzene,CCOP(=O)(OCC)SCc1ccccc1,CCOP(=O)(OCC)SCc1ccccc1,XFMJUIKWKVJNDY-UHFFFAOYSA-N,1.5138725
TOX-18206,25911,"4-(2-ethylhexyl)-1-methyl-7-propan-2-yl-4-azatricyclo[5.2.2.02,6]undec-8-ene-3,5-dione",CCCCC(CC)CN1C(=O)C2C(C1=O)C1(C(C)C)C=CC2(C)CC1,CCCCC(CC)CN1C(=O)C2C(C1=O)C1(C(C)C)C=CC2(C)CC1,MVKYQJHRHHQPDM-UHFFFAOYSA-N,3.1580827
TOX-18379,26111,"1,6,7,8,9,14,15,16,17,17,18,18-dodecachloropentacyclo[12.2.1.16,9.02,13.05,10]octadeca-7,15-diene",ClC1=C(Cl)C2(Cl)C3CCC4C(CCC3C1(Cl)C2(Cl)Cl)C1(Cl)C(Cl)=C(Cl)C4(Cl)C1(Cl)Cl,ClC1=C(Cl)C2(Cl)C3CCC4C(CCC3C1(Cl)C2(Cl)Cl)C1(Cl)C(Cl)=C(Cl)C4(Cl)C1(Cl)Cl,UGQQAJOWXNCOPY-UHFFFAOYSA-N,2.0325284
TOX-18460,26176,tris(1-chloropropan-2-yl) phosphate,CC(CCl)OP(=O)(OC(C)CCl)OC(C)CCl,CC(CCl)OP(=O)(OC(C)CCl)OC(C)CCl,KVMPUXDNESXNOH-UHFFFAOYSA-N,0.47102514
TOX-18461,26177,"tris(1,3-dichloropropan-2-yl) phosphate",O=P(OC(CCl)CCl)(OC(CCl)CCl)OC(CCl)CCl,O=P(OC(CCl)CCl)(OC(CCl)CCl)OC(CCl)CCl,ASLWPAWFJZFCKF-UHFFFAOYSA-N,1.2770184
TOX-19358,6993,(2-methylphenyl)methanamine,Cc1ccccc1CN,Cc1ccccc1CN,CJAAPVQEZPAQNI-UHFFFAOYSA-N,0.47496957
TOX-19577,27156,"(2,6-dichlorophenyl)methanol",OCc1c(Cl)cccc1Cl,OCc1c(Cl)cccc1Cl,WKKHCCZLKYKUDN-UHFFFAOYSA-N,0.39166772
TOX-20001,2078,"2-chloro-N-(2,6-diethylphenyl)-N-(methoxymethyl)acetamide",CCc1cccc(CC)c1N(COC)C(=O)CCl,CCc1cccc(CC)c1N(COC)C(=O)CCl,XCSGPAVHZFQHGE-UHFFFAOYSA-N,1.1205739
TOX-21392,28780,methyl N-[1-(butylcarbamoyl)benzimidazol-2-yl]carbamate,CCCCNC(=O)n1c(NC(=O)OC)nc2ccccc21,CCCCNC(=O)n1c(NC(=O)OC)nc2ccccc21,RIOXQFHNBCKOKP-UHFFFAOYSA-N,1.4313638
TOX-22061,29393,"4-(dipropylamino)-3,5-dinitrobenzenesulfonamide",CCCN(CCC)c1c([N+](=O)[O-])cc(S(N)(=O)=O)cc1[N+](=O)[O-],CCCN(CCC)c1c([N+](=O)[O-])cc(S(N)(=O)=O)cc1[N+](=O)[O-],UNAHYJYOSSSJHH-UHFFFAOYSA-N,1.8796692
TOX-22097,7153,2-(4-chloro-2-methylphenoxy)propanoic acid,Cc1cc(Cl)ccc1OC(C)C(=O)O,Cc1cc(Cl)ccc1OC(C)C(=O)O,WNTGYJSOUMFZEP-UHFFFAOYSA-N,0.47712126
TOX-22411,29732,"5-tert-butyl-3-(2,4-dichloro-5-propan-2-yloxyphenyl)-1,3,4-oxadiazol-2-one",CC(C)Oc1cc(-n2nc(C(C)(C)C)oc2=O)c(Cl)cc1Cl,CC(C)Oc1cc(-n2nc(C(C)(C)C)oc2=O)c(Cl)cc1Cl,CHNUNORXWHYHNE-UHFFFAOYSA-N,1.8921483
TOX-23962,30692,"1,3-benzothiazol-2-ylsulfanylmethyl thiocyanate",N#CSCSc1nc2ccccc2s1,N#CSCSc1nc2ccccc2s1,TUBQDCKAWGHZPF-UHFFFAOYSA-N,1.8208387
TOX-25090,31099,[3-(dimethylaminomethylideneamino)phenyl] N-methylcarbamate,CNC(=O)Oc1cccc(/N=C/N(C)C)c1,CNC(=O)Oc1cccc(/N=C/N(C)C)c1,RMFNNCGOSPBBAD-UHFFFAOYSA-N,0
TOX-26233,32898,8-methylnonan-1-ol,CC(C)CCCCCCCO,CC(C)CCCCCCCO,PLLBRTOLHQQAQQ-UHFFFAOYSA-N,2.51
TOX-26283,33294,di(propan-2-yloxy)phosphorylsulfanylmethylbenzene,CC(C)OP(=O)(OC(C)C)SCc1ccccc1,CC(C)OP(=O)(OC(C)C)SCc1ccccc1,FCOAHACKGGIURQ-UHFFFAOYSA-N,0.99630409
TOX-26492,33528,"2-octyl-1,2-thiazol-3-one",CCCCCCCCn1sccc1=O,CCCCCCCCn1sccc1=O,JPMIIZHYYWMHDT-UHFFFAOYSA-N,2.217484
TOX-26531,33565,"N-[2,2,2-trichloro-1-[4-(2,2,2-trichloro-1-formamidoethyl)piperazin-1-yl]ethyl]formamide",O=CNC(N1CCN(C(NC=O)C(Cl)(Cl)Cl)CC1)C(Cl)(Cl)Cl,O=CNC(N1CCN(C(NC=O)C(Cl)(Cl)Cl)CC1)C(Cl)(Cl)Cl,RROQIUMZODEXOR-UHFFFAOYSA-N,0
TOX-26585,33599,"bis(8-methylnonyl) benzene-1,2-dicarboxylate",CC(C)CCCCCCCOC(=O)c1ccccc1C(=O)OCCCCCCCC(C)C,CC(C)CCCCCCCOC(=O)c1ccccc1C(=O)OCCCCCCCC(C)C,ZVFDTKUVRCTHQE-UHFFFAOYSA-N,0.85733247
TOX-26996,33865,11-methyldodecan-1-ol,CC(C)CCCCCCCCCCO,CC(C)CCCCCCCCCCO,XUJLWPFSUCHPQL-UHFFFAOYSA-N,2.73
TOX-27480,34192,"S-[(4-chlorophenyl)methyl] N,N-diethylcarbamothioate",CCN(CC)C(=O)SCc1ccc(Cl)cc1,CCN(CC)C(=O)SCc1ccc(Cl)cc1,QHTQREMOGMZHJV-UHFFFAOYSA-N,2.2672217
TOX-28195,34697,8-methylnonyl diphenyl phosphate,CC(C)CCCCCCCOP(=O)(Oc1ccccc1)Oc1ccccc1,CC(C)CCCCCCCOP(=O)(Oc1ccccc1)Oc1ccccc1,RYUJRXVZSJCHDZ-UHFFFAOYSA-N,2.6267986
TOX-28718,35454,"1,2,3,4-tetrachlorodibenzo-p-dioxin",Clc1c(Cl)c(Cl)c2c(c1Cl)Oc1ccccc1O2,Clc1c(Cl)c(Cl)c2c(c1Cl)Oc1ccccc1O2,DJHHDLMTUOLVHY-UHFFFAOYSA-N,3.5
TOX-30713,37175,"1-[2-(2,4-dichlorophenyl)-2-prop-2-enoxyethyl]imidazole",C=CCOC(Cn1ccnc1)c1ccc(Cl)cc1Cl,C=CCOC(Cn1ccnc1)c1ccc(Cl)cc1Cl,PZBPKYOVPCNPJY-UHFFFAOYSA-N,1.80618
TOX-34768,107263,"1,1,3,5-tetramethylcyclohexane",CC1CC(C)CC(C)(C)C1,CC1CC(C)CC(C)(C)C1,WOJSMJIXPQLESQ-UHFFFAOYSA-N,3.6500001
TOX-34919,39929,"2,3,7,8-tetrachlorodibenzofuran",Clc1cc2oc3cc(Cl)c(Cl)cc3c2cc1Cl,Clc1cc2oc3cc(Cl)c(Cl)cc3c2cc1Cl,KSMVNVHUTQZITP-UHFFFAOYSA-N,3.766711
TOX-34958,39965,"3-cyclohexyl-6-(dimethylamino)-1-methyl-1,3,5-triazine-2,4-dione",CN(C)c1nc(=O)n(C2CCCCC2)c(=O)n1C,CN(C)c1nc(=O)n(C2CCCCC2)c(=O)n1C,CAWXEEYDBZRFPE-UHFFFAOYSA-N,0.84509802
TOX-35046,7259,"2,5-dimethylaniline",Cc1ccc(C)c(N)c1,Cc1ccc(C)c(N)c1,VOWZNBNDMFLQGM-UHFFFAOYSA-N,0.48685041
TOX-35062,6557,"2-methylbuta-1,3-diene",C=CC(=C)C,C=CC(=C)C,RRHGJUQNOFWUDK-UHFFFAOYSA-N,1.1330535
TOX-37092,41428,"2-(3,5,6-trichloropyridin-2-yl)oxyacetic acid",O=C(O)COc1nc(Cl)c(Cl)cc1Cl,O=C(O)COc1nc(Cl)c(Cl)cc1Cl,REEQLXCGVXDJSQ-UHFFFAOYSA-N,-0.096910015
TOX-38153,42115,"3,4,5-trichloro-2-methoxyphenol",COc1c(O)cc(Cl)c(Cl)c1Cl,COc1c(O)cc(Cl)c(Cl)c1Cl,RKEHLKXRUVUBJN-UHFFFAOYSA-N,2.509995
TOX-39863,43234,"1-[[2-(2,4-dichlorophenyl)-4-propyl-1,3-dioxolan-2-yl]methyl]-1,2,4-triazole",CCCC1COC(Cn2cncn2)(c2ccc(Cl)cc2Cl)O1,CCCC1COC(Cn2cncn2)(c2ccc(Cl)cc2Cl)O1,STJLVHWMYQXCPB-UHFFFAOYSA-N,2.0644579
TOX-40730,6766,"1,2-diphenylbenzene",c1ccc(-c2ccccc2-c2ccccc2)cc1,c1ccc(-c2ccccc2-c2ccccc2)cc1,OIAQMFOKAXHPNH-UHFFFAOYSA-N,3.1100261
TOX-43392,11871,"2,4-dichloro-6-nitrophenol",O=[N+]([O-])c1cc(Cl)cc(Cl)c1O,O=[N+]([O-])c1cc(Cl)cc(Cl)c1O,LYPMXMBQPXPNIQ-UHFFFAOYSA-N,1.3688356
TOX-44603,47866,"2-N-cyclopropyl-1,3,5-triazine-2,4,6-triamine",Nc1nc(N)nc(NC2CC2)n1,Nc1nc(N)nc(NC2CC2)n1,LVQDKIWDGQRHTE-UHFFFAOYSA-N,0
TOX-44619,91693,"1-[2-(2,4-dichlorophenyl)pentyl]-1,2,4-triazole",CCCC(Cn1cncn1)c1ccc(Cl)cc1Cl,CCCC(Cn1cncn1)c1ccc(Cl)cc1Cl,WKBPZYKAUNRMKP-UHFFFAOYSA-N,1.9731278
TOX-46234,73665,"N-propyl-N-[2-(2,4,6-trichlorophenoxy)ethyl]imidazole-1-carboxamide",CCCN(CCOc1c(Cl)cc(Cl)cc1Cl)C(=O)n1ccnc1,CCCN(CCOc1c(Cl)cc(Cl)cc1Cl)C(=O)n1ccnc1,TVLSRXXIMLFWEO-UHFFFAOYSA-N,2.5943925
TOX-46747,91699,N-[4-chloro-2-(trifluoromethyl)phenyl]-1-imidazol-1-yl-2-propoxyethanimine,CCCOC/C(=Nc1ccc(Cl)cc1C(F)(F)F)n1ccnc1,CCCOC/C(=Nc1ccc(Cl)cc1C(F)(F)F)n1ccnc1,HSMVPDGQOIQYSR-UHFFFAOYSA-N,2.5943925
TOX-47189,50465,"2-(4-amino-3,5-dichloro-6-fluoropyridin-2-yl)oxyacetic acid",Nc1c(Cl)c(F)nc(OCC(=O)O)c1Cl,Nc1c(Cl)c(F)nc(OCC(=O)O)c1Cl,MEFQWPUMEMWTJP-UHFFFAOYSA-N,1.7930917
TOX-49173,51556,5-[2-chloro-4-(trifluoromethyl)phenoxy]-N-methylsulfonyl-2-nitrobenzamide,CS(=O)(=O)NC(=O)c1cc(Oc2ccc(C(F)(F)F)cc2Cl)ccc1[N+](=O)[O-],CS(=O)(=O)NC(=O)c1cc(Oc2ccc(C(F)(F)F)cc2Cl)ccc1[N+](=O)[O-],BGZZWXTVIYUUEY-UHFFFAOYSA-N,0.77815127
TOX-55145,73674,"methyl 3-[(4-methoxy-6-methyl-1,3,5-triazin-2-yl)carbamoylsulfamoyl]thiophene-2-carboxylate",COC(=O)c1sccc1S(=O)(=O)NC(=O)Nc1nc(C)nc(OC)n1,COC(=O)c1sccc1S(=O)(=O)NC(=O)Nc1nc(C)nc(OC)n1,AHTPATJNIAFOLR-UHFFFAOYSA-N,-0.096910015
TOX-56520,73282,"1-[2-(2-chloroethoxy)phenyl]sulfonyl-3-(4-methoxy-6-methyl-1,3,5-triazin-2-yl)urea",COc1nc(C)nc(NC(=O)NS(=O)(=O)c2ccccc2OCCCl)n1,COc1nc(C)nc(NC(=O)NS(=O)(=O)c2ccccc2OCCCl)n1,XOPFESVZMSQIKC-UHFFFAOYSA-N,0.11394335
TOX-56851,54960,"methyl 2-[(4,6-dimethoxypyrimidin-2-yl)carbamoylsulfamoylmethyl]benzoate",COC(=O)c1ccccc1CS(=O)(=O)NC(=O)Nc1nc(OC)cc(OC)n1,COC(=O)c1ccccc1CS(=O)(=O)NC(=O)Nc1nc(OC)cc(OC)n1,XMQFTWRPUQYINF-UHFFFAOYSA-N,0.20411998
TOX-57420,91739,"3,7-dichloroquinoline-8-carboxylic acid",O=C(O)c1c(Cl)ccc2cc(Cl)cnc12,O=C(O)c1c(Cl)ccc2cc(Cl)cnc12,FFSSWMQPCJRCRV-UHFFFAOYSA-N,-0.096910015
TOX-58204,73675,"bis(4-fluorophenyl)-methyl-(1,2,4-triazol-1-ylmethyl)silane",C[Si](Cn1cncn1)(c1ccc(F)cc1)c1ccc(F)cc1,C[Si](Cn1cncn1)(c1ccc(F)cc1)c1ccc(F)cc1,FQKUGOMFVDPBIZ-UHFFFAOYSA-N,2.3979399
TOX-64712,86102,"1-(4-chlorophenyl)-4,4-dimethyl-3-(1,2,4-triazol-1-ylmethyl)pentan-3-ol",CC(C)(C)C(O)(CCc1ccc(Cl)cc1)Cn1cncn1,CC(C)(C)C(O)(CCc1ccc(Cl)cc1)Cn1cncn1,PXMNMQRDXWABCY-UHFFFAOYSA-N,1.9956352
TOX-67463,86354,,CCc1nn(C)c(C(=O)NCc2ccc(C(C)(C)C)cc2)c1Cl,CCc1nn(C)c(C(=O)NCc2ccc(C(C)(C)C)cc2)c1Cl,ZZYSLNWGKKDOML-UHFFFAOYSA-N,1.1303338
TOX-72358,14716,2-ethylhexyl diphenyl phosphate,CCCCC(CC)COP(=O)(Oc1ccccc1)Oc1ccccc1,CCCCC(CC)COP(=O)(Oc1ccccc1)Oc1ccccc1,CGSLYBDCEGBZCG-UHFFFAOYSA-N,2.6883678
TOX-72572,10800,"2-methyl-4,6-dinitrophenol",Cc1cc([N+](=O)[O-])cc([N+](=O)[O-])c1O,Cc1cc([N+](=O)[O-])cc([N+](=O)[O-])c1O,ZXVONLUNISGICL-UHFFFAOYSA-N,0.042690508
TOX-72978,18692,"2,2-bis(bromomethyl)propane-1,3-diol",OCC(CO)(CBr)CBr,OCC(CO)(CBr)CBr,CHUGKEQJSLOLHL-UHFFFAOYSA-N,0.16456275
TOX-73002,18725,"tris(2-ethylhexyl) benzene-1,2,4-tricarboxylate",CCCCC(CC)COC(=O)c1ccc(C(=O)OCC(CC)CCCC)c(C(=O)OCC(CC)CCCC)c1,CCCCC(CC)COC(=O)c1ccc(C(=O)OCC(CC)CCCC)c(C(=O)OCC(CC)CCCC)c1,KRADHMIOFJQKEZ-UHFFFAOYSA-N,0.021030532
TOX-73106,7204,2-(4-chloro-2-methylphenoxy)acetic acid,Cc1cc(Cl)ccc1OCC(=O)O,Cc1cc(Cl)ccc1OCC(=O)O,WHKUVVPPKQRRBV-UHFFFAOYSA-N,0
TOX-74088,17348,"1,2,3,4,5-pentachloro-6-phenylbenzene",Clc1c(Cl)c(Cl)c(-c2ccccc2)c(Cl)c1Cl,Clc1c(Cl)c(Cl)c(-c2ccccc2)c(Cl)c1Cl,GGMPTLAAIUQMIE-UHFFFAOYSA-N,4.8499999
TOX-74227,27959,"1,2-dichloro-3-phenylbenzene",Clc1cccc(-c2ccccc2)c1Cl,Clc1cccc(-c2ccccc2)c1Cl,XOMKZKJEJBZBJJ-UHFFFAOYSA-N,3.72
TOX-74693,36185,"1,2-dichloro-4-(2,4-dichlorophenyl)benzene",Clc1ccc(-c2ccc(Cl)c(Cl)c2)c(Cl)c1,Clc1ccc(-c2ccc(Cl)c(Cl)c2)c(Cl)c1,RKLLTEAEZIJBAU-UHFFFAOYSA-N,4.5599999
TOX-74694,36187,"1,2-dichloro-4-(3,4-dichlorophenyl)benzene",Clc1ccc(-c2ccc(Cl)c(Cl)c2)cc1Cl,Clc1ccc(-c2ccc(Cl)c(Cl)c2)cc1Cl,UQMGJOKDKOLIDP-UHFFFAOYSA-N,4.0666246
TOX-74695,36188,"1,2,3-trichloro-4-(3,4-dichlorophenyl)benzene",Clc1ccc(-c2ccc(Cl)c(Cl)c2Cl)cc1Cl,Clc1ccc(-c2ccc(Cl)c(Cl)c2Cl)cc1Cl,WIDHRBRBACOVOY-UHFFFAOYSA-N,4.2800002
TOX-76716,91694,1-[3-(4-tert-butylphenyl)-2-methylpropyl]piperidine,CC(Cc1ccc(C(C)(C)C)cc1)CN1CCCCC1,CC(Cc1ccc(C(C)(C)C)cc1)CN1CCCCC1,MGNFYQILYYYUBS-UHFFFAOYSA-N,2.2041199
TOX-79498,91753,2-[1-(4-phenoxyphenoxy)propan-2-yloxy]pyridine,CC(COc1ccc(Oc2ccccc2)cc1)Oc1ccccn1,CC(COc1ccc(Oc2ccccc2)cc1)Oc1ccccn1,NHDHVHZZCFYRSB-UHFFFAOYSA-N,3.1395643
TOX-80679,13286,"1,3,5-tris(2-hydroxyethyl)-1,3,5-triazinane-2,4,6-trione",O=C1N(CCO)C(=O)N(CCO)C(=O)N1CCO,O=c1n(CCO)c(=O)n(CCO)c(=O)n1CCO,BPXVHIRIPLPOPT-UHFFFAOYSA-N,-0.29588002
TOX-80827,6838,"N,N-diphenylnitrous amide",O=NN(c1ccccc1)c1ccccc1,O=NN(c1ccccc1)c1ccccc1,UBUCNCOMADRQHX-UHFFFAOYSA-N,1.4819102
TOX-80895,11097730,"1-[(2,4-dichlorophenyl)carbamoyl]cyclopropane-1-carboxylic acid",Clc1cc(Cl)ccc1NC(=O)C1(CC1)C(O)=O,O=C(O)C1(C(=O)Nc2ccc(Cl)cc2Cl)CC1,GLWWLNJJJCTFMZ-UHFFFAOYSA-N,-0.39794001
TOX-80953,8413,4-(4-amino-3-methylphenyl)-2-methylaniline,Nc1ccc(cc1C)-c1cc(C)c(N)cc1,Cc1cc(-c2ccc(N)c(C)c2)ccc1N,NUIURNJTPRWVAP-UHFFFAOYSA-N,1.6012963
TOX-80975,29228,"1,3,5-trichloro-2-nitrobenzene",Clc1cc(Cl)cc(Cl)c1[N+](=O)[O-],O=[N+]([O-])c1c(Cl)cc(Cl)cc1Cl,AEBJDOTVYMITIA-UHFFFAOYSA-N,2.7175653
TOX-80987,335,2-methylphenol,Oc1ccccc1C,Cc1ccccc1O,QWVGKYWNOKOFNN-UHFFFAOYSA-N,1.03
TOX-81050,93365,"(2S,6R)-4-[3-(4-tert-butylphenyl)-2-methylpropyl]-2,6-dimethylmorpholine",O1[C@@H](CN(C[C@@H]1C)CC(Cc1ccc(cc1)C(C)(C)C)C)C,CC(Cc1ccc(C(C)(C)C)cc1)CN1C[C@H](C)O[C@H](C)C1,RYAUSSKQMZRMAI-ALOPSCKCSA-N,3.0305998
TOX-81155,5889,"naphtho[1,2-b]phenanthrene",c12c3c(ccc1cc1c4c(ccc1c2)cccc4)cccc3,c1ccc2c(c1)ccc1cc3c(ccc4ccccc43)cc12,LHRCREOYAASXPZ-UHFFFAOYSA-N,2.8
TOX-81211,14357,"naphthalene-2,6-dicarboxylic acid",OC(=O)c1cc2c(cc(cc2)C(O)=O)cc1,O=C(O)c1ccc2cc(C(=O)O)ccc2c1,RXOHFPCZGPKIRD-UHFFFAOYSA-N,0.54947686
TOX-81267,13381,dec-1-ene,C(CCCC=C)CCCC,C=CCCCCCCCC,AFFLGGQVNFXPEV-UHFFFAOYSA-N,3.22
TOX-81305,38764,4-(4-hexylphenyl)benzonitrile,N#Cc1ccc(cc1)-c1ccc(cc1)CCCCCC,CCCCCCc1ccc(-c2ccc(C#N)cc2)cc1,VADSDVGLFDVIMG-UHFFFAOYSA-N,3.6470294
TOX-81326,6115,aniline,Nc1ccccc1,Nc1ccccc1,PAYRUJLWNCNPSJ-UHFFFAOYSA-N,0.30706
TOX-81347,37034,"1,2,4-trichloro-5-(2,4,5-trichlorophenyl)benzene",Clc1cc(Cl)c(Cl)cc1-c1cc(Cl)c(Cl)cc1Cl,Clc1cc(Cl)c(-c2cc(Cl)c(Cl)cc2Cl)cc1Cl,MVWHGTYKUMDIHL-UHFFFAOYSA-N,5.6938305
TOX-81350,5977,"1,1,1-trichloro-2-methylpropan-2-ol",ClC(Cl)(Cl)C(O)(C)C,CC(C)(O)C(Cl)(Cl)Cl,OSASVXMJTNOKOY-UHFFFAOYSA-N,0.30069092
TOX-81395,5281874,"(2,3,5,6-tetrafluoro-4-methylphenyl)methyl 3-[(Z)-2-chloro-3,3,3-trifluoroprop-1-enyl]-2,2-dimethylcyclopropane-1-carboxylate",ClC(=C/C1C(C)(C)C1C(OCc1c(F)c(F)c(C)c(F)c1F)=O)C(F)(F)F,Cc1c(F)c(F)c(COC(=O)C2C(/C=C(Cl)C(F)(F)F)C2(C)C)c(F)c1F,ZFHGXWPMULPQSE-WTKPLQERSA-N,3.4771214
TOX-81423,5360460,(E)-N-diethoxyphosphinothioyloxybenzenecarboximidoyl cyanide,S=P(OCC)(OCC)ON=C(/C#N)c1ccccc1,CCOP(=S)(OCC)O/N=C(C#N)c1ccccc1,ATROHALUCMTWTB-OWBHPGMISA-N,2.8708713
TOX-81548,5284462,"[(Z)-2-chloro-1-(2,4,5-trichlorophenyl)ethenyl] dimethyl phosphate",Clc1cc(Cl)c(Cl)cc1/C(/OP(OC)(OC)=O)=C/Cl,COP(=O)(OC)O/C(=CCl)c1cc(Cl)c(Cl)cc1Cl,UBCKGWBNUIFUST-YHYXMXQVSA-N,1.6497185
TOX-81624,8182,dodecane,C(CCCCCC)CCCCC,CCCCCCCCCCCC,SNRUBQQJIBEYMU-UHFFFAOYSA-N,2.8051057
TOX-81646,11006,hexadecane,C(CCCCCCCC)CCCCCCC,CCCCCCCCCCCCCCCC,DCAYPVUWAIABOU-UHFFFAOYSA-N,1.6538507
TOX-81731,7115,"1,4-diphenylbenzene",c1cc(ccc1-c1ccccc1)-c1ccccc1,c1ccc(-c2ccc(-c3ccccc3)cc2)cc1,XJKSTNDFUHDPQJ-UHFFFAOYSA-N,1.7729094
TOX-81766,7868,"2,4,4-trimethylpent-1-ene",C(CC(C)=C)(C)(C)C,C=C(C)CC(C)(C)C,FXNDIJDIPNCZQJ-UHFFFAOYSA-N,2.8294623
TOX-81802,16720,"naphthalene-1,5-diamine",Nc1c2c(ccc1)c(N)ccc2,Nc1cccc2c(N)cccc12,KQSABULTKYLFEV-UHFFFAOYSA-N,0.26989543
TOX-81814,25622,1-chloro-2-(2-chlorophenyl)benzene,Clc1ccccc1-c1ccccc1Cl,Clc1ccccc1-c1ccccc1Cl,JAYCNKDKIKZTAF-UHFFFAOYSA-N,3.53
TOX-81823,8266,"1,4,5,6,7,7-hexachlorobicyclo[2.2.1]hept-5-ene-2,3-dicarboxylic acid",ClC12C(C(O)=O)C(C(O)=O)C(Cl)(C1(Cl)Cl)C(Cl)=C2Cl,O=C(O)C1C(C(=O)O)C2(Cl)C(Cl)=C(Cl)C1(Cl)C2(Cl)Cl,DJKGDNKYTKCJKD-UHFFFAOYSA-N,-0.16767901
TOX-81835,7563,4-benzylphenol,Oc1ccc(cc1)Cc1ccccc1,Oc1ccc(Cc2ccccc2)cc1,HJSPWKGEPDZNLK-UHFFFAOYSA-N,1.4649206
TOX-81909,7374,1-chloro-3-(trifluoromethyl)benzene,Clc1cc(ccc1)C(F)(F)F,FC(F)(F)c1cccc(Cl)c1,YTCGOUNVIAWCMG-UHFFFAOYSA-N,2.3199546
TOX-82151,16932,1-methylpyrene,c12c3c4c(cc1)cccc4ccc3ccc2C,Cc1ccc2ccc3cccc4ccc1c2c34,KBSPJIWZDWBDGM-UHFFFAOYSA-N,2.73
TOX-82286,50895,2-[4-[3-chloro-5-(trifluoromethyl)pyridin-2-yl]oxyphenoxy]propanoic acid,Clc1cc(cnc1Oc1ccc(OC(C(O)=O)C)cc1)C(F)(F)F,CC(Oc1ccc(Oc2ncc(C(F)(F)F)cc2Cl)cc1)C(=O)O,GOCUAJYOYBLQRH-UHFFFAOYSA-N,0.93951923
TOX-82347,86160,"N-[(8-tert-butyl-1,4-dioxaspiro[4.5]decan-3-yl)methyl]-N-ethylpropan-1-amine",O1C(COC12CCC(CC2)C(C)(C)C)CN(CCC)CC,CCCN(CC)CC1COC2(CCC(C(C)(C)C)CC2)O1,PUYXTUJWRLOUCW-UHFFFAOYSA-N,1.8976271
TOX-82435,727200,"1,3-dicyclohexylthiourea",S=C(NC1CCCCC1)NC1CCCCC1,S=C(NC1CCCCC1)NC1CCCCC1,KAJICSGLHKRDLN-UHFFFAOYSA-N,0.65121037
TOX-82509,20087,"2,6-ditert-butyl-4-ethylphenol",Oc1c(cc(cc1C(C)(C)C)CC)C(C)(C)C,CCc1cc(C(C)(C)C)c(O)c(C(C)(C)C)c1,BVUXDWXKPROUDO-UHFFFAOYSA-N,3.5907998
TOX-82544,7947,"1,3,5-trimethylbenzene",c1c(cc(cc1C)C)C,Cc1cc(C)cc(C)c1,AUHZEENZYGFFBQ-UHFFFAOYSA-N,2.4255497
TOX-82593,7022,6-amino-4-hydroxynaphthalene-2-sulfonic acid,S(O)(=O)(=O)c1cc(O)c2cc(N)ccc2c1,Nc1ccc2cc(S(=O)(=O)O)cc(O)c2c1,HBZVNWNSRNTWPS-UHFFFAOYSA-N,0.15864009
TOX-82710,12002,"1,2,4-tribromobenzene",Brc1cc(Br)ccc1Br,Brc1ccc(Br)c(Br)c1,FWAJPSIPOULHHH-UHFFFAOYSA-N,3.4095802
TOX-82740,7499,4-ethenylcyclohexene,C1CC=CCC1C=C,C=CC1CC=CCC1,BBDKZWKEPDTENS-UHFFFAOYSA-N,2.2522602
TOX-82757,7681,"N,N-dimethyl-1-phenylmethanamine",N(Cc1ccccc1)(C)C,CN(C)Cc1ccccc1,XXBDWLFCJWSEKW-UHFFFAOYSA-N,0.9478088
TOX-82893,8289,triphenyl phosphate,P(Oc1ccccc1)(Oc1ccccc1)(Oc1ccccc1)=O,O=P(Oc1ccccc1)(Oc1ccccc1)Oc1ccccc1,XZZNDPSIHUTMOC-UHFFFAOYSA-N,2.4764473
TOX-82949,7734,"1,4-diethylbenzene",c1cc(ccc1CC)CC,CCc1ccc(CC)cc1,DSNHSQKRULAAEI-UHFFFAOYSA-N,2.7336352
TOX-83002,6440556,"[(S)-cyano-(3-phenoxyphenyl)methyl] (1S,3S)-3-[(Z)-2-chloro-3,3,3-trifluoroprop-1-enyl]-2,2-dimethylcyclopropane-1-carboxylate",ClC(=C/[C@@H]1[C@H](C(O[C@H](C#N)c2cc(Oc3ccccc3)ccc2)=O)C1(C)C)C(F)(F)F,CC1(C)[C@H](/C=C(Cl)C(F)(F)F)[C@@H]1C(=O)O[C@H](C#N)c1cccc(Oc2ccccc2)c1,ZXQYGBMAQZUVMI-HQMWCCLBSA-N,3.2900345
TOX-83166,342,3-methylphenol,Oc1cc(ccc1)C,Cc1cccc(O)c1,RLSSMJSEOOYNOY-UHFFFAOYSA-N,1.03
TOX-83190,8404,"1,2,3,4-tetrahydronaphthalene",C1CCc2c(C1)cccc2,c1ccc2c(c1)CCCC2,CXWXQJXEFPUFDZ-UHFFFAOYSA-N,2.4709857
TOX-83215,15730,4-octylphenol,Oc1ccc(cc1)CCCCCCCC,CCCCCCCCc1ccc(O)cc1,NTDQQZYCCIDJRK-UHFFFAOYSA-N,2.2824762
TOX-83464,86367,4-cyclopropyl-6-methyl-N-phenylpyrimidin-2-amine,n1c(cc(nc1Nc1ccccc1)C)C1CC1,Cc1cc(C2CC2)nc(Nc2ccccc2)n1,HAORKNGNJCEJBX-UHFFFAOYSA-N,2.5943925
TOX-83549,7935,"benzene-1,3-diamine",Nc1cc(N)ccc1,Nc1cccc(N)c1,WZCQRUWWHSTZEM-UHFFFAOYSA-N,0.79930556
TOX-83584,6327116,hydroxy-oxo-phenylphosphanium,[PH](O)(=O)c1ccccc1,O=[PH](O)c1ccccc1,KNQVWTDLQQGKSV-UHFFFAOYSA-O,-0.070581071
TOX-83895,7670,N-ethylaniline,N(CC)c1ccccc1,CCNc1ccccc1,OJGMBLNIHDZDGS-UHFFFAOYSA-N,0.9931156
TOX-83915,31344,"2,2-dimethylpropane-1,3-diol",OCC(CO)(C)C,CC(C)(CO)CO,SLCVBVWXLSEKPL-UHFFFAOYSA-N,0.15739934
TOX-83931,74483,"1,1,2,2,3,3,4,4,5,5,6,6,7,7,8,8,8-heptadecafluorooctane-1-sulfonic acid",S(O)(=O)(=O)C(F)(F)C(F)(F)C(F)(F)C(F)(F)C(F)(F)C(F)(F)C(F)(F)C(F)(F)F,O=S(=O)(O)C(F)(F)C(F)(F)C(F)(F)C(F)(F)C(F)(F)C(F)(F)C(F)(F)C(F)(F)F,YFSUTJLHUFNCNZ-UHFFFAOYSA-N,3.73
TOX-83938,7964,chlorobenzene,Clc1ccccc1,Clc1ccccc1,MVPPADPHJFYWMZ-UHFFFAOYSA-N,1.3564745
TOX-83963,86137,5-(methoxymethyl)-2-(4-methyl-5-oxo-4-propan-2-yl-1H-imidazol-2-yl)pyridine-3-carboxylic acid,O=C1NC(=NC1(C(C)C)C)c1ncc(cc1C(O)=O)COC,COCc1cnc(C2=NC(C)(C(C)C)C(=O)N2)c(C(=O)O)c1,NUPJIGQFXCQJBK-UHFFFAOYSA-N,-1
TOX-83964,20113,"2-[2,6-dibromo-4-[2-[3,5-dibromo-4-(2-hydroxyethoxy)phenyl]propan-2-yl]phenoxy]ethanol",Brc1cc(cc(Br)c1OCCO)C(C)(C)c1cc(Br)c(OCCO)c(Br)c1,CC(C)(c1cc(Br)c(OCCO)c(Br)c1)c1cc(Br)c(OCCO)c(Br)c1,RVHUMFJSCJBNGS-UHFFFAOYSA-N,2.2559416
TOX-84050,6618,"2,6-dibromo-4-[2-(3,5-dibromo-4-hydroxyphenyl)propan-2-yl]phenol",Brc1cc(cc(Br)c1O)C(C)(C)c1cc(Br)c(O)c(Br)c1,CC(C)(c1cc(Br)c(O)c(Br)c1)c1cc(Br)c(O)c(Br)c1,VEORPZCZECFIRK-UHFFFAOYSA-N,2.4794302
TOX-84077,568,dibenzofuran,o1c2c(c3c1cccc3)cccc2,c1ccc2c(c1)oc1ccccc12,TXCDCPKCNAJMEE-UHFFFAOYSA-N,3.1888602
TOX-84079,25152,"2-(4-bromo-3-hydroxyquinolin-2-yl)indene-1,3-dione",Brc1c2c(nc(C3C(=O)c4c(cccc4)C3=O)c1O)cccc2,O=C1c2ccccc2C(=O)C1c1nc2ccccc2c(Br)c1O,DVBLPJWQXDCAKU-UHFFFAOYSA-N,0.96849459
TOX-84105,10342051,[(S)-cyano-(3-phenoxyphenyl)methyl] (2S)-2-(4-chlorophenyl)-3-methylbutanoate,Clc1ccc(cc1)[C@H](C(C)C)C(O[C@H](C#N)c1cc(Oc2ccccc2)ccc1)=O,CC(C)[C@H](C(=O)O[C@H](C#N)c1cccc(Oc2ccccc2)c1)c1ccc(Cl)cc1,NYPJDWWKZLNGGM-RPWUZVMVSA-N,3.1743505
TOX-84207,8183,dodec-1-ene,C(CCCCC=C)CCCCC,C=CCCCCCCCCCC,CRSBERNSMYQZNG-UHFFFAOYSA-N,3.4000001
TOX-84223,11700495,"N-(2,6-difluorophenyl)-8-fluoro-5-methoxy-[1,2,4]triazolo[1,5-c]pyrimidine-2-sulfonamide",S(=O)(=O)(Nc1c(F)cccc1F)c1nc2n(n1)C(OC)=NC=C2F,COc1ncc(F)c2nc(S(=O)(=O)Nc3c(F)cccc3F)nn12,QZXATCCPQKOEIH-UHFFFAOYSA-N,0.17609125
TOX-84267,949,"N,N-dimethylaniline",N(C)(C)c1ccccc1,CN(C)c1ccccc1,JLTDJTHDQAWBAV-UHFFFAOYSA-N,1.0216645
TOX-84283,15133,[3-(aminomethyl)phenyl]methanamine,NCc1cc(ccc1)CN,NCc1cccc(CN)c1,FDLQZKYLHJJBHD-UHFFFAOYSA-N,-0.045757491
TOX-84515,8864,"1,3-diethylbenzene",c1c(cccc1CC)CC,CCc1cccc(CC)c1,AFZZYIJIWUTJFO-UHFFFAOYSA-N,2.8122654
TOX-84540,6451142,"2-[2-(1-chlorocyclopropyl)-3-(2-chlorophenyl)-2-hydroxypropyl]-1H-1,2,4-triazole-3-thione",Clc1ccccc1CC(O)(CN1NC=NC1=S)C1(Cl)CC1,OC(Cc1ccccc1Cl)(Cn1[nH]cnc1=S)C1(Cl)CC1,MNHVNIJQQRJYDH-UHFFFAOYSA-N,1.2741579
TOX-84591,19284,"diheptyl benzene-1,2-dicarboxylate",O(C(=O)c1ccccc1C(OCCCCCCC)=O)CCCCCCC,CCCCCCCOC(=O)c1ccccc1C(=O)OCCCCCCC,JQCXWCOOWVGKMT-UHFFFAOYSA-N,0.87504637
TOX-84598,20414,"2,2,4,4,6,8,8-heptamethylnonane",C(CC(C)(C)C)(CC(CC(C)(C)C)C)(C)C,CC(CC(C)(C)C)CC(C)(C)CC(C)(C)C,VCLJODPNBNEBKW-UHFFFAOYSA-N,1.8667537
TOX-84612,10686,"1,2,3-trimethylbenzene",c1ccc(C)c(C)c1C,Cc1cccc(C)c1C,FYGHSUNMUKGBRK-UHFFFAOYSA-N,2.3214321
TOX-84645,12279,"1,3,5-tribromobenzene",Brc1cc(Br)cc(Br)c1,Brc1cc(Br)cc(Br)c1,YWDUZLFWHVQCHY-UHFFFAOYSA-N,3.539485
TOX-84672,13257,1-methylphenanthrene,c12c(c3c(cc1)cccc3)cccc2C,Cc1cccc2c1ccc1ccccc12,DOWJXOHBNXRUOD-UHFFFAOYSA-N,3.1800001
TOX-84698,14410,"1,2,3,4,5-pentabromo-6-(2,3,4,5,6-pentabromophenoxy)benzene",Brc1c(Oc2c(Br)c(Br)c(Br)c(Br)c2Br)c(Br)c(Br)c(Br)c1Br,Brc1c(Br)c(Br)c(Oc2c(Br)c(Br)c(Br)c(Br)c2Br)c(Br)c1Br,WHHGLZMJPXIBIX-UHFFFAOYSA-N,1.19897
TOX-85290,6319,"1-N,4-N-diphenylbenzene-1,4-diamine",N(c1ccc(Nc2ccccc2)cc1)c1ccccc1,c1ccc(Nc2ccc(Nc3ccccc3)cc2)cc1,UTGQNNCQYDRXCH-UHFFFAOYSA-N,3.1328056
TOX-86041,63103,"1,2-dichloro-3-(2,4-dichlorophenyl)benzene",Clc1ccc(-c2cccc(Cl)c2Cl)c(Cl)c1,Clc1ccc(-c2cccc(Cl)c2Cl)c(Cl)c1,ALFHIHDQSYXSGP-UHFFFAOYSA-N,4.5300002
TOX-86065,16307,1-chloro-3-(3-chlorophenyl)benzene,Clc1cccc(-c2cccc(Cl)c2)c1,Clc1cccc(-c2cccc(Cl)c2)c1,KTXUOWUHFLBZPW-UHFFFAOYSA-N,2.6300001
TOX-86076,36613,"2,7-dichlorodibenzo-p-dioxin",Clc1ccc2c(c1)Oc1ccc(Cl)cc1O2,Clc1ccc2c(c1)Oc1ccc(Cl)cc1O2,NBFMTHWVRBOVPE-UHFFFAOYSA-N,2.3899534
TOX-86144,5324276,(NZ)-N-butan-2-ylidenehydroxylamine,CC/C(C)=N/O,CC/C(C)=N/O,WHIVNJATOVLWBW-PLNGDYQASA-N,0.17905994
TOX-86199,5366286,methyl (1E)-2-(dimethylamino)-N-(methylcarbamoyloxy)-2-oxoethanimidothioate,CNC(=O)O/N=C(SC)C(=O)N(C)C,CNC(=O)O/N=C(SC)C(=O)N(C)C,KZAUOCCYDRDERY-WEVVVXLNSA-N,0.30103001
TOX-86741,69156,1-ethyl-2-nitrobenzene,CCc1ccccc1[N+](=O)[O-],CCc1ccccc1[N+](=O)[O-],PXWYZLWEKCMTEZ-UHFFFAOYSA-N,1.1561875
TOX-86750,11140,1-methoxy-3-nitrobenzene,COc1cccc([N+](=O)[O-])c1,COc1cccc([N+](=O)[O-])c1,WGYFINWERLNPHR-UHFFFAOYSA-N,0.71681505
TOX-87176,8674,"3-hydroxynaphthalene-2,7-disulfonic acid",O=S(=O)(O)c1ccc2cc(O)c(S(=O)(=O)O)cc2c1,O=S(=O)(O)c1ccc2cc(O)c(S(=O)(=O)O)cc2c1,USWINTIHFQKJTR-UHFFFAOYSA-N,0.30000001
TOX-87262,29910,"1,2,3,4-tetrachloronaphthalene",Clc1c(Cl)c(Cl)c2ccccc2c1Cl,Clc1c(Cl)c(Cl)c2ccccc2c1Cl,NAQWICRLNQSPPW-UHFFFAOYSA-N,3.3299999
TOX-87501,68067,"naphthalene-1,8-diamine",Nc1cccc2cccc(N)c12,Nc1cccc2cccc(N)c12,YFOOEYJGMMJJLS-UHFFFAOYSA-N,0.74866652
TOX-87607,12464,"2,3,4-trichloroaniline",Nc1ccc(Cl)c(Cl)c1Cl,Nc1ccc(Cl)c(Cl)c1Cl,RRJUYQOFOMFVQS-UHFFFAOYSA-N,2
TOX-87676,11327,"1,3-dimethylnaphthalene",Cc1cc(C)c2ccccc2c1,Cc1cc(C)c2ccccc2c1,QHJMFSMPSZREIF-UHFFFAOYSA-N,3.374162
TOX-87807,11936,2-methylanthracene,Cc1ccc2cc3ccccc3cc2c1,Cc1ccc2cc3ccccc3cc2c1,GYMFBYTZOGMSQJ-UHFFFAOYSA-N,2.4100001
TOX-88474,9183,"2-azapentacyclo[12.8.0.03,12.04,9.015,20]docosa-1(14),2,4,6,8,10,12,15,17,19,21-undecaene",c1ccc2c(c1)ccc1nc3c(ccc4ccccc43)cc12,c1ccc2c(c1)ccc1nc3c(ccc4ccccc43)cc12,JNCSIWAONQTVCF-UHFFFAOYSA-N,2.0293837
TOX-88489,67041,"7-hydroxynaphthalene-1,3-disulfonic acid",O=S(=O)(O)c1cc(S(=O)(=O)O)c2cc(O)ccc2c1,O=S(=O)(O)c1cc(S(=O)(=O)O)c2cc(O)ccc2c1,DOBIZWYVJFIYOV-UHFFFAOYSA-N,0
TOX-88860,16913,"1,2,7,7-tetramethylbicyclo[2.2.1]heptan-2-ol",CC1(O)CC2CCC1(C)C2(C)C,CC1(O)CC2CCC1(C)C2(C)C,LFYXNXGVLGKVCJ-UHFFFAOYSA-N,1.4768991
TOX-88940,13068,9-methylanthracene,Cc1c2ccccc2cc2ccccc12,Cc1c2ccccc2cc2ccccc12,CPGPAVAKSZHMBP-UHFFFAOYSA-N,2.72
TOX-89058,13694,9-chlorophenanthrene,Clc1cc2ccccc2c2ccccc12,Clc1cc2ccccc2c2ccccc12,CJWHZQNUDAJJSB-UHFFFAOYSA-N,3.4640374
TOX-89106,12469,"3,4,5-trichloroaniline",Nc1cc(Cl)c(Cl)c(Cl)c1,Nc1cc(Cl)c(Cl)c(Cl)c1,XOGYQVITULCUGU-UHFFFAOYSA-N,2.3598354
TOX-89108,6906,"1,2,3,4,5-pentabromo-6-methylbenzene",Cc1c(Br)c(Br)c(Br)c(Br)c1Br,Cc1c(Br)c(Br)c(Br)c(Br)c1Br,OZHJEQVYCBTHJT-UHFFFAOYSA-N,2.4589841
TOX-89333,67122,"[(4-benzoyloxyiminocyclohexa-2,5-dien-1-ylidene)amino] benzoate",O=C(ON=C1C=CC(=NOC(=O)c2ccccc2)C=C1)c1ccccc1,O=C(ON=C1C=CC(=NOC(=O)c2ccccc2)C=C1)c1ccccc1,WMVSVUVZSYRWIY-UHFFFAOYSA-N,0.43325686
TOX-89427,9142,perylene,c1cc2cccc3c4cccc5cccc(c(c1)c23)c54,c1cc2cccc3c4cccc5cccc(c(c1)c23)c54,CSHWQDPOILHKBI-UHFFFAOYSA-N,2.3800001
TOX-89537,8044,N-[2-(octadecanoylamino)ethyl]octadecanamide,CCCCCCCCCCCCCCCCCC(=O)NCCNC(=O)CCCCCCCCCCCCCCCCC,CCCCCCCCCCCCCCCCCC(=O)NCCNC(=O)CCCCCCCCCCCCCCCCC,RKISUIUJZGSLEV-UHFFFAOYSA-N,0.31874487
TOX-89640,9170,triphenylene,c1ccc2c(c1)c1ccccc1c1ccccc21,c1ccc2c(c1)c1ccccc1c1ccccc21,SLGBZMMZGDRARJ-UHFFFAOYSA-N,2.4100001
TOX-90332,33473,"4-(2,4,6-trichlorophenoxy)aniline",Nc1ccc(Oc2c(Cl)cc(Cl)cc2Cl)cc1,Nc1ccc(Oc2c(Cl)cc(Cl)cc2Cl)cc1,YDIXMXKRLYKJJM-UHFFFAOYSA-N,1.9542425
TOX-90689,12992,"2,5-dimethylhexa-2,4-diene",CC(C)=CC=C(C)C,CC(C)=CC=C(C)C,DZPCYXCBXGQBRN-UHFFFAOYSA-N,2.4856005
TOX-90702,31285,non-1-ene,C=CCCCCCCC,C=CCCCCCCC,JRZJOMJEPLMPRA-UHFFFAOYSA-N,3.1813931
TOX-90831,17905,octadecane-1-thiol,CCCCCCCCCCCCCCCCCCS,CCCCCCCCCCCCCCCCCCS,QJAOYSPHSNGHNC-UHFFFAOYSA-N,-0.037860356
TOX-91144,61164,N-ethyl-4-methylaniline,CCNc1ccc(C)cc1,CCNc1ccc(C)cc1,AASABFUMCBTXRL-UHFFFAOYSA-N,0.4283143
TOX-91225,66306,4-(2-methylpropyl)morpholine,CC(C)CN1CCOCC1,CC(C)CN1CCOCC1,QKVSMSABRNCNRS-UHFFFAOYSA-N,0.20482458
TOX-91345,16271,4-methyl-3-nitrophenol,Cc1ccc(O)cc1[N+](=O)[O-],Cc1ccc(O)cc1[N+](=O)[O-],BQEXDUKMTVYBRK-UHFFFAOYSA-N,1.0336951
TOX-91346,93576,2-methyl-5-nitrophenol,Cc1ccc([N+](=O)[O-])cc1O,Cc1ccc([N+](=O)[O-])cc1O,UMFDLIXUUJMPSI-UHFFFAOYSA-N,0.85918003
TOX-91490,7493,"pyridine-2,5-dicarboxylic acid",O=C(O)c1ccc(C(=O)O)nc1,O=C(O)c1ccc(C(=O)O)nc1,LVPMIMZXDYBCDF-UHFFFAOYSA-N,0.35503525
TOX-91523,16823,"cyclohex-4-ene-1,2-dicarboxylic acid",O=C(O)C1CC=CCC1C(=O)O,O=C(O)C1CC=CCC1C(=O)O,ILUAAIDVFMVTAU-UHFFFAOYSA-N,-0.19897
TOX-91549,15522,"cyclohexane-1,2-dicarboxylic acid",O=C(O)C1CCCCC1C(=O)O,O=C(O)C1CCCCC1C(=O)O,QSAWQNUELGIYBC-UHFFFAOYSA-N,-0.19897
TOX-91558,11563,3-bromophenol,Oc1cccc(Br)c1,Oc1cccc(Br)c1,MNOJRWOWILAHAV-UHFFFAOYSA-N,1.0171671
TOX-91873,69043,3-nitrophthalic acid,O=C(O)c1cccc([N+](=O)[O-])c1C(=O)O,O=C(O)c1cccc([N+](=O)[O-])c1C(=O)O,KFIRODWJCYBBHY-UHFFFAOYSA-N,0.3762525
TOX-91884,16313,"2,4-dichloronaphthalen-1-ol",Oc1c(Cl)cc(Cl)c2ccccc12,Oc1c(Cl)cc(Cl)c2ccccc12,HVLJEMXDXOTWLV-UHFFFAOYSA-N,1.0194362
TOX-91958,67052,4-chloro-1-nitro-2-(trifluoromethyl)benzene,O=[N+]([O-])c1ccc(Cl)cc1C(F)(F)F,O=[N+]([O-])c1ccc(Cl)cc1C(F)(F)F,CFPIGEXZPWTNOR-UHFFFAOYSA-N,2.0156035
TOX-92085,66719,3-hydroxy-N-phenylnaphthalene-2-carboxamide,O=C(Nc1ccccc1)c1cc2ccccc2cc1O,O=C(Nc1ccccc1)c1cc2ccccc2cc1O,JFGQHAHJWJBOPD-UHFFFAOYSA-N,0.69804269
TOX-92209,6391,dichloro(difluoro)methane,FC(F)(Cl)Cl,FC(F)(Cl)Cl,PXBRQCKWGAHEHS-UHFFFAOYSA-N,0.87656093
TOX-92443,12486,"1,2,4,5-tetrabromobenzene",Brc1cc(Br)c(Br)cc1Br,Brc1cc(Br)c(Br)cc1Br,QCKHVNQHBOGZER-UHFFFAOYSA-N,3.7993405
TOX-92464,7408,1-phenylethanamine,CC(N)c1ccccc1,CC(N)c1ccccc1,RQEUFEKYXDPUSK-UHFFFAOYSA-N,0.64097095
TOX-92730,95324,"2,3-dibromobutanedioic acid",O=C(O)C(Br)C(Br)C(=O)O,O=C(O)C(Br)C(Br)C(=O)O,FJWGRXKOBIVTFA-UHFFFAOYSA-N,0.43023354
TOX-93691,5365543,(5E)-5-ethylidenebicyclo[2.2.1]hept-2-ene,C/C=C1CC2C=CC1C2,C/C=C1CC2C=CC1C2,OJOWICOBYCXEKR-KRXBUXKQSA-N,2.0505149
TOX-107698,16760040,"4-[(2R)-2-[(3S,5S)-3,5-dimethyl-2-oxocyclohexyl]-2-hydroxyethyl]piperidine-2,6-dione",C[C@@H]1CC([C@H](O)CC2CC(=O)NC(=O)C2)C(=O)[C@@H](C)C1,C[C@@H]1CC([C@H](O)CC2CC(=O)NC(=O)C2)C(=O)[C@@H](C)C1,YPHMISFOHDHNIV-AWQJKBAPSA-N,-0.037860356
TOX-107709,10023540,"(6R)-16,17-dimethoxy-6-prop-1-en-2-yl-2,7,20-trioxapentacyclo[11.8.0.03,11.04,8.014,19]henicosa-3(11),4(8),9,14,16,18-hexaen-12-one",C=C(C)[C@H]1Cc2c(ccc3c2OC2COc4cc(OC)c(OC)cc4C2C3=O)O1,C=C(C)[C@H]1Cc2c(ccc3c2OC2COc4cc(OC)c(OC)cc4C2C3=O)O1,JUVIOZPCNVVQFO-YMTQGWHGSA-N,1.41
TOX-107720,7370,benzenesulfonamide,NS(=O)(=O)c1ccccc1,NS(=O)(=O)c1ccccc1,KHBQMWCZKVMBLN-UHFFFAOYSA-N,0.35564834
TOX-107903,20835579,"(5E,9E)-cyclododeca-1,5,9-triene",C1=C/CC/C=C/CC/C=C/CC/1,C1=C/CC/C=C/CC/C=C/CC/1,ZOLLIQAKMYWTBR-MBKAWSJDSA-N,3.9005077
TOX-108246,135491830,,CCC/C(=N/OCC)C1=C(O)CC(CC(C)SCC)CC1=O,CCC/C(=N/OCC)C1=C(O)CC(CC(C)SCC)CC1=O,CSPPKDPQLUUTND-NBVRZTHBSA-N,0.50999999
TOX-108412,12487,,Nc1cc(Cl)c(Cl)cc1Cl,Nc1cc(Cl)c(Cl)cc1Cl,GUMCAKKKNKYFEB-UHFFFAOYSA-N,2.3304138
TOX-108415,17097,,Clc1ccc(-c2ccc(Cl)cc2Cl)c(Cl)c1,Clc1ccc(-c2ccc(Cl)cc2Cl)c(Cl)c1,QORAVNMWUNPXAO-UHFFFAOYSA-N,4.390461
TOX-108416,17577,,COc1cc(Cl)c(Cl)c(Cl)c1O,COc1cc(Cl)c(Cl)c(Cl)c1O,NIAJPNQTKGWEOI-UHFFFAOYSA-N,2.170126
TOX-108423,27514,,Clc1cc(Cl)c(-c2ccccc2)cc1Cl,Clc1cc(Cl)c(-c2ccccc2)cc1Cl,VGVIKVCCUATMNG-UHFFFAOYSA-N,3.9669166
TOX-108426,70117,,OCc1cccc(Cl)c1,OCc1cccc(Cl)c1,ZSRDNPVYGSFUMD-UHFFFAOYSA-N,1.3362852
TOX-108427,15089,,CC(C)(C)c1cc(C(C)(C)C)cc(C(C)(C)C)c1,CC(C)(C)c1cc(C(C)(C)C)cc(C(C)(C)C)c1,GUFMBISUSZUUCB-UHFFFAOYSA-N,4.3916597
TOX-108428,15508,,CC(C)CC1CCCCC1,CC(C)CC1CCCCC1,FFROMNOQCNVNIH-UHFFFAOYSA-N,3.3
TOX-108429,76379,,OC(c1ccc(Cl)cc1)(c1ccc(Cl)cc1)c1ccc(Cl)cc1,OC(c1ccc(Cl)cc1)(c1ccc(Cl)cc1)c1ccc(Cl)cc1,BPFKTJMHOWDJKI-UHFFFAOYSA-N,3.95
TOX-108430,138145,,CC1CCC(C)c2ccccc21,CC1CCC(C)c2ccccc21,KNQXALMJMHIHQH-UHFFFAOYSA-N,3.1199999
TOX-108431,79697,,c1ccc2cc(SSc3ccc4ccccc4c3)ccc2c1,c1ccc2cc(SSc3ccc4ccccc4c3)ccc2c1,SUPMWVVVBKKGEL-UHFFFAOYSA-N,0.38505766
TOX-108432,22503,,COc1cc(Cl)c(Cl)cc1Cl,COc1cc(Cl)c(Cl)cc1Cl,SXKBHOQOOGRFJF-UHFFFAOYSA-N,2.7751248
TOX-108433,110796,,Cc1ccc(C)c(C(C)c2ccccc2)c1,Cc1ccc(C)c(C(C)c2ccccc2)c1,FRAOOIFTSMORED-UHFFFAOYSA-N,2.8591383
TOX-108434,23448,,Clc1ccc(-c2ccc(Cl)cc2Cl)cc1,Clc1ccc(-c2ccc(Cl)cc2Cl)cc1,BZTYNSQSZHARAZ-UHFFFAOYSA-N,4.3299999
TOX-108435,83494,,C=C(CC(C)(C)c1ccc(O)cc1)c1ccc(O)cc1,C=C(CC(C)(C)c1ccc(O)cc1)c1ccc(O)cc1,MZLYLGGRVAFGBY-UHFFFAOYSA-N,1.5910646
TOX-108436,117878,,CCC(=O)Nc1cc(N(CCOC(C)=O)CCOC(C)=O)ccc1N=Nc1ccc([N+](=O)[O-])cc1Cl,CCC(=O)Nc1cc(N(CCOC(C)=O)CCOC(C)=O)ccc1N=Nc1ccc([N+](=O)[O-])cc1Cl,ZDORFLXCSSFUIE-UHFFFAOYSA-N,0.72934353
TOX-108437,3036943,,ClC1=C(Cl)C2(Cl)CC1(Cl)C(Cl)=C2Cl,ClC1=C(Cl)C2(Cl)CC1(Cl)C(Cl)=C2Cl,ZKRSTHSWOFIHMZ-UHFFFAOYSA-N,3.80618
TOX-108438,36981,,Clc1cc(Cl)cc(-c2ccccc2)c1,Clc1cc(Cl)cc(-c2ccccc2)c1,QHZSDTDMQZPUKC-UHFFFAOYSA-N,3.1099999
TOX-108439,118274,,CC(Br)(CBr)COc1c(Br)cc(Br)cc1Br,CC(Br)(CBr)COc1c(Br)cc(Br)cc1Br,WNMLTOIDDCEBNY-UHFFFAOYSA-N,4.3605638
TOX-108440,38014,,Clc1ccc(Cl)c(-c2ccc(Cl)c(Cl)c2Cl)c1,Clc1ccc(Cl)c(-c2ccc(Cl)c(Cl)c2Cl)c1,OPKYDBFRKPQCBS-UHFFFAOYSA-N,4.02
TOX-108441,38876,,Clc1ccc(-c2cc(Cl)ccc2Cl)c(Cl)c1,Clc1ccc(-c2cc(Cl)ccc2Cl)c(Cl)c1,ZWPVHELAQPIZHO-UHFFFAOYSA-N,4.2600002
TOX-108442,38878,,Clc1cc(Cl)cc(-c2cc(Cl)ccc2Cl)c1,Clc1cc(Cl)cc(-c2cc(Cl)ccc2Cl)c1,WBTMFEPLVQOWFI-UHFFFAOYSA-N,4.8499999
TOX-108443,41017,,COc1ccc(Cl)c(Cl)c1Cl,COc1ccc(Cl)c(Cl)c1Cl,FRQUNVLMWIYOLV-UHFFFAOYSA-N,2.9637878
TOX-108444,93719,,CC1CCC(C(=O)O)C(C(=O)O)C1,CC1CCC(C(=O)O)C(C(=O)O)C1,YWVFNWVZBAWOOY-UHFFFAOYSA-N,-0.15937938
TOX-108445,43218,,Clc1ccc(Oc2cc(Cl)c(Cl)cc2Cl)c(Cl)c1,Clc1ccc(Oc2cc(Cl)c(Cl)cc2Cl)c(Cl)c1,AVURWLKSFZBANQ-UHFFFAOYSA-N,4.21
TOX-108446,43604,,Clc1ccc(Oc2cc(Cl)c(Cl)cc2Cl)cc1,Clc1ccc(Oc2cc(Cl)c(Cl)cc2Cl)cc1,KXOJXWNARBQHNX-UHFFFAOYSA-N,4.1100001
TOX-108447,527707,,Clc1ccc2oc3cc(Cl)c(Cl)c(Cl)c3c2c1,Clc1ccc2oc3cc(Cl)c(Cl)c(Cl)c3c2c1,KFQRHGKKSHJMCO-UHFFFAOYSA-N,3.1099999
TOX-108448,106138,,N#CCCN(CCC#N)c1ccc(N=Nc2c(Cl)cc([N+](=O)[O-])cc2Cl)cc1,N#CCCN(CCC#N)c1ccc(N=Nc2c(Cl)cc([N+](=O)[O-])cc2Cl)cc1,MUERWWKQVXXPML-UHFFFAOYSA-N,1.5783721
TOX-108449,6463,,O=C(O)C(O)(c1ccccc1)c1ccccc1,O=C(O)C(O)(c1ccccc1)c1ccccc1,UKXSKSHDVLQNKG-UHFFFAOYSA-N,-0.22184876
TOX-108450,5284378,,Nc1ccc(/C=C/c2ccc(N)cc2S(=O)(=O)O)c(S(=O)(=O)O)c1,Nc1ccc(/C=C/c2ccc(N)cc2S(=O)(=O)O)c(S(=O)(=O)O)c1,REJHVSOVQBJEBF-OWOJBTEDSA-N,0.28
TOX-108451,65740,,Nc1c(S(=O)(=O)O)cc(S(=O)(=O)O)c2cccc(O)c12,Nc1c(S(=O)(=O)O)cc(S(=O)(=O)O)c2cccc(O)c12,ZFRBZRZEKIOGQI-UHFFFAOYSA-N,0.89999998
TOX-108452,66536,,CC1=NN(c2cc(Cl)c(S(=O)(=O)O)cc2Cl)C(=O)C1,CC1=NN(c2cc(Cl)c(S(=O)(=O)O)cc2Cl)C(=O)C1,KCEIVWKDBLAQKL-UHFFFAOYSA-N,0.80076933
TOX-108453,6791,,O=S(=O)(O)c1ccc(O)c2ccccc12,O=S(=O)(O)c1ccc(O)c2ccccc12,HGWQOFDAUWCQDA-UHFFFAOYSA-N,1.11
TOX-108454,6884,,COc1c(Cl)cc(Cl)cc1Cl,COc1c(Cl)cc(Cl)cc1Cl,WCVOGSZTONGSQY-UHFFFAOYSA-N,2.80618
TOX-108455,7009,,Nc1cc(S(=O)(=O)O)cc2cc(S(=O)(=O)O)cc(O)c12,Nc1cc(S(=O)(=O)O)cc2cc(S(=O)(=O)O)cc(O)c12,APRRQJCCBSJQOQ-UHFFFAOYSA-N,0.46000001
TOX-108456,66686,,CC(=O)CC(=O)Nc1ccc(-c2ccc(NC(=O)CC(C)=O)c(C)c2)cc1C,CC(=O)CC(=O)Nc1ccc(-c2ccc(NC(=O)CC(C)=O)c(C)c2)cc1C,CRRLDLPBQWRVGN-UHFFFAOYSA-N,-0.247425
TOX-108457,7110,,Brc1ccc(-c2ccc(Br)cc2)cc1,Brc1ccc(-c2ccc(Br)cc2)cc1,HQJQYILBCQPYBI-UHFFFAOYSA-N,3.9954152
TOX-108458,7310,,O=[N+]([O-])c1ccc(Cl)c(S(=O)(=O)O)c1,O=[N+]([O-])c1ccc(Cl)c(S(=O)(=O)O)c1,GNTARUIZNIWBCN-UHFFFAOYSA-N,0.47999999
TOX-108459,67043,,CCNc1cccc2ccccc12,CCNc1cccc2ccccc12,KDFFXYVOTKKBDI-UHFFFAOYSA-N,2.3710184
TOX-108460,8401,,OC(c1ccccc1)c1ccc(Cl)cc1,OC(c1ccccc1)c1ccc(Cl)cc1,AJYOOHCNOXWTKJ-UHFFFAOYSA-N,1.8427675
TOX-108461,5463076,,C/C(=C/C(C)(C)C)CC(C)(C)C,C/C(=C/C(C)(C)C)CC(C)(C)C,NBUMCEJRJRRLCA-NTMALXAHSA-N,3.29
TOX-108462,67254,,O=C(Nc1ccc2c(O)cc(S(=O)(=O)O)cc2c1)Nc1ccc2c(O)cc(S(=O)(=O)O)cc2c1,O=C(Nc1ccc2c(O)cc(S(=O)(=O)O)cc2c1)Nc1ccc2c(O)cc(S(=O)(=O)O)cc2c1,PCGISRHGYLRXSR-UHFFFAOYSA-N,-0.23
TOX-108463,3920522,,CCC(Oc1ccc(C(C)(C)CC)cc1C(C)(C)CC)C(=O)Nc1ccc(NC(=O)C(F)(F)C(F)(F)C(F)(F)F)c(O)c1,CCC(Oc1ccc(C(C)(C)CC)cc1C(C)(C)CC)C(=O)Nc1ccc(NC(=O)C(F)(F)C(F)(F)C(F)(F)F)c(O)c1,GJVFPXBDZTWODC-UHFFFAOYSA-N,0.4888618
TOX-108464,67734,,O=S(=O)(O)C(F)(F)C(F)(F)C(F)(F)C(F)(F)C(F)(F)C(F)(F)F,O=S(=O)(O)C(F)(F)C(F)(F)C(F)(F)C(F)(F)C(F)(F)C(F)(F)F,QZHDEAJFRJCDMF-UHFFFAOYSA-N,3.5999999
TOX-108465,68057,,Cc1ccc2c(c1)CCCC2(C)C,Cc1ccc2c(c1)CCCC2(C)C,LTMQZVLXCLQPCT-UHFFFAOYSA-N,3.3299999
TOX-108466,10325,,C1CCC2CCCC2C1,C1CCC2CCCC2C1,BNRNAKTVFSZAFA-UHFFFAOYSA-N,2.9100001
TOX-108467,11386,,Cc1cc2ccccc2cc1C,Cc1cc2ccccc2cc1C,WWGUMAYGTYQSGA-UHFFFAOYSA-N,2.71
TOX-108468,11795,,c1ccc(-c2cccc3ccccc23)cc1,c1ccc(-c2cccc3ccccc23)cc1,IYDMICQAKLQHLA-UHFFFAOYSA-N,3.51
TOX-108469,11816,,COC(=O)c1ccccc1C(=O)c1ccccc1,COC(=O)c1ccccc1C(=O)c1ccccc1,NQSMEZJWJJVYOI-UHFFFAOYSA-N,0.87431461
TOX-108470,69137,,CNc1ccccc1C,CNc1ccccc1C,GUAWMXYQZKVRCW-UHFFFAOYSA-N,0.84101552
TOX-108471,69675,,CNc1cccc(C)c1,CNc1cccc(C)c1,FBGJJTQNZVNEQU-UHFFFAOYSA-N,0.84639668
TOX-108472,3032354,,Clc1ccccc1NNc1ccccc1Cl,Clc1ccccc1NNc1ccccc1Cl,IWKMQNKKYZERHI-UHFFFAOYSA-N,3.6966357
TOX-108473,13237,,Cc1ccc2cc(C)c(C)cc2c1,Cc1ccc2cc(C)c(C)cc2c1,UNBZRJCHIWTUHB-UHFFFAOYSA-N,3
TOX-108474,13438,,Cc1cc2ccccc2c2ccccc12,Cc1cc2ccccc2c2ccccc12,DALBHIYZSZZWBS-UHFFFAOYSA-N,2.5623825
TOX-108475,79132,,CC1C=CCC(C)(C)C1,CC1C=CCC(C)(C)C1,CBERVMGFVLWZSU-UHFFFAOYSA-N,2.8699999
TOX-108476,13649,,COc1cc(Cl)c(Cl)c(Cl)c1Cl,COc1cc(Cl)c(Cl)c(Cl)c1Cl,FUUHMSUPRUNWRQ-UHFFFAOYSA-N,3.3498785
TOX-108477,13677,,COc1c(Cl)c(Cl)c(Cl)c(Cl)c1OC,COc1c(Cl)c(Cl)c(Cl)c(Cl)c1OC,NCYHCGGUQGDEQW-UHFFFAOYSA-N,4.4000196
TOX-108478,101175,,O=C1CCCCC1C1=CCCCC1,O=C1CCCCC1C1=CCCCC1,GVNVAWHJIKLAGL-UHFFFAOYSA-N,0.59012419
TOX-108479,74381,,C=C(C)c1ccc(Cl)cc1,C=C(C)c1ccc(Cl)cc1,WQDGTJOEMPEHHL-UHFFFAOYSA-N,2.9049821
TOX-108480,15728,,OCc1ccc(Cl)c(Cl)c1,OCc1ccc(Cl)c(Cl)c1,FVJIUQSKXOYFKG-UHFFFAOYSA-N,0.46777263
TOX-108481,15769,,Clc1ccc(Cl)c2ccccc12,Clc1ccc(Cl)c2ccccc12,JDPKCYMVSKDOGS-UHFFFAOYSA-N,3.748188
TOX-108482,35364,,CC1CC(C)CC(C)C1,CC1CC(C)CC(C)C1,ODNRTOSCFYDTKF-UHFFFAOYSA-N,3.3399999
TOX-108483,16308,,Clc1ccc(-c2ccc(Cl)cc2)cc1,Clc1ccc(-c2ccc(Cl)cc2)cc1,YTBRNEUEFCNVHC-UHFFFAOYSA-N,3.5797837
TOX-108484,16668,,COc1cccc2ccccc12,COc1cccc2ccccc12,NQMUGNMMFTYOHK-UHFFFAOYSA-N,2.3137972
TOX-108485,98482,,ClC1=C(Cl)C2(Cl)C(Cl)CC1(Cl)C2(Cl)Cl,ClC1=C(Cl)C2(Cl)C(Cl)CC1(Cl)C2(Cl)Cl,FCMVPUGRXPEIQX-UHFFFAOYSA-N,4.0492182
TOX-108486,17160,,COc1cc(Cl)c(Cl)cc1O,COc1cc(Cl)c(Cl)cc1O,HAAFFTHBNFBVKY-UHFFFAOYSA-N,1.9220763
TOX-108487,17253,,O=C1c2ccccc2C(=O)c2c1ccc1ccccc21,O=C1c2ccccc2C(=O)c2c1ccc1ccccc21,LHMRXAIRPKSGDE-UHFFFAOYSA-N,1.5695341
TOX-108488,17578,,CC(C)(C)c1cc(-c2ccccc2)cc(C(C)(C)C)c1O,CC(C)(C)c1cc(-c2ccccc2)cc(C(C)(C)C)c1O,JIEWQZNTUPWNMX-UHFFFAOYSA-N,3.975208
TOX-108489,26375,,CCCCC(C)C(C)C,CCCCC(C)C(C)C,WBRFDUJXCLCKPX-UHFFFAOYSA-N,3.3199999
TOX-108490,76701,,BrCC(CBr)(CBr)CBr,BrCC(CBr)(CBr)CBr,OYSVBCSOQFXYHK-UHFFFAOYSA-N,2.4044919
TOX-108491,18820,,ClC1=C(Cl)C2(Cl)C=CC1(Cl)C2(Cl)Cl,ClC1=C(Cl)C2(Cl)C=CC1(Cl)C2(Cl)Cl,IHAXIFZOERJWDF-UHFFFAOYSA-N,3.80618
TOX-108492,20843803,,CC1=NN(c2ccccc2)C(=O)C1N=Nc1ccc(-c2ccc(N=NC3C(=O)N(c4ccccc4)N=C3C)c(Cl)c2)cc1Cl,CC1=NN(c2ccccc2)C(=O)C1N=Nc1ccc(-c2ccc(N=NC3C(=O)N(c4ccccc4)N=C3C)c(Cl)c2)cc1Cl,HKYYDLYCGBDWSB-UHFFFAOYSA-N,0.59767306
TOX-108493,19352,,CCc1cc2ccccc2c2ccccc12,CCc1cc2ccccc2c2ccccc12,ZWANHXINCHPSIK-UHFFFAOYSA-N,2.7081122
TOX-108494,77455,,CC(C)(C)c1cc(-n2nc3ccccc3n2)c(O)c(C(C)(C)C)c1,CC(C)(C)c1cc(-n2nc3ccccc3n2)c(O)c(C(C)(C)C)c1,LHPPDQUVECZQSW-UHFFFAOYSA-N,3.5358148
TOX-108495,4192831,,CCCCCCCCCCCCCCCCCCNC(=O)NCCCCCCCCCCCCCCCCCC,CCCCCCCCCCCCCCCCCCNC(=O)NCCCCCCCCCCCCCCCCCC,AOZVWUCYHOWWPH-UHFFFAOYSA-N,1.4771212
TOX-108496,221483,,BrCCCCCCCCCCBr,BrCCCCCCCCCCBr,GTQHJCOHNAFHRE-UHFFFAOYSA-N,2.0844057
TOX-108497,20283,,CCCCCCC1CCCCC1,CCCCCCC1CCCCC1,QHWAQXOSHHKCFK-UHFFFAOYSA-N,3.29
TOX-108498,78540,,Oc1c(C2CCCCC2)cccc1C1CCCCC1,Oc1c(C2CCCCC2)cccc1C1CCCCC1,AUEZNTKYSSUTGZ-UHFFFAOYSA-N,3.1186113
TOX-108499,136088700,,O=NN(O)C1CCCCC1,O=NN(O)C1CCCCC1,BRWAZZQVWBDAER-UHFFFAOYSA-N,0.2913774
TOX-108500,21510,,Clc1ccc2oc3ccc(Cl)cc3c2c1,Clc1ccc2oc3ccc(Cl)cc3c2c1,IVVRJIDVYSPKFZ-UHFFFAOYSA-N,3.6600001
TOX-108501,79786,,CCc1ccc(-c2ccccc2)cc1,CCc1ccc(-c2ccccc2)cc1,SRQOBNUBCLPPPH-UHFFFAOYSA-N,2.8241258
TOX-108502,23128,,Cc1cc(Cl)c(Cl)cc1Cl,Cc1cc(Cl)c(Cl)cc1Cl,ZCXHZKNWIYVQNC-UHFFFAOYSA-N,3.6812413
TOX-108503,6612226,,O=C(O)c1ccc(Cl)c2c(Cl)ccc(C(=O)O)c12,O=C(O)c1ccc(Cl)c2c(Cl)ccc(C(=O)O)c12,JSNPDRKCMZWQJV-UHFFFAOYSA-N,-0.19628899
TOX-108504,82355,,COP(=O)(OC)Oc1ccccc1,COP(=O)(OC)Oc1ccccc1,XTBBZRRBOAVBRA-UHFFFAOYSA-N,2.76
TOX-108505,139170,,CCCCCCCCCCSSCCCCCCCCCC,CCCCCCCCCCSSCCCCCCCCCC,IDJPKRIELSFBPE-UHFFFAOYSA-N,1.1532125
TOX-108506,66345,,CNc1ccc(C(=O)O)cc1,CNc1ccc(C(=O)O)cc1,ZVIDMSBTYRSMAR-UHFFFAOYSA-N,-0.24780267
TOX-108507,139395,,CCCCC(C)CCCC(C)C,CCCCC(C)CCCC(C)C,DHJGXZWEQBKLNV-UHFFFAOYSA-N,3.1800001
TOX-108508,26058,,CC(CC(C)(C)C)CC(C)(C)C,CC(CC(C)(C)C)CC(C)(C)C,VKPSKYDESGTTFR-UHFFFAOYSA-N,3.2522414
TOX-108509,139495,,Cc1ccc(C)c(Cc2ccccc2)c1,Cc1ccc(C)c(Cc2ccccc2)c1,LJBGURBFHJJQQU-UHFFFAOYSA-N,3.318506
TOX-108510,26164,,Brc1c(Br)c(Br)c(-c2c(Br)c(Br)c(Br)c(Br)c2Br)c(Br)c1Br,Brc1c(Br)c(Br)c(-c2c(Br)c(Br)c(Br)c(Br)c2Br)c(Br)c1Br,AQPHBYQUCKHJLT-UHFFFAOYSA-N,0.66722685
TOX-108511,26343,,CCCCCc1ccc2c(c1)C(=O)c1ccccc1C2=O,CCCCCc1ccc2c(c1)C(=O)c1ccccc1C2=O,UMWZLYTVXQBTTE-UHFFFAOYSA-N,3.0858464
TOX-108512,5901612,,CC12CCC(/C(=Cc3ccccc3)C1=O)C2(C)C,CC12CCC(/C(=Cc3ccccc3)C1=O)C2(C)C,OIQXFRANQVWXJF-ACCUITESSA-N,2.4401412
TOX-108513,27960,,Clc1ccc(-c2cc(Cl)ccc2Cl)cc1,Clc1ccc(-c2cc(Cl)ccc2Cl)cc1,VAHKBZSAUKPEOV-UHFFFAOYSA-N,4.0500002
TOX-108514,28049,,COc1cc(Cl)c(Cl)c(Cl)c1OC,COc1cc(Cl)c(Cl)c(Cl)c1OC,VKNITLPENCJQOP-UHFFFAOYSA-N,3.5
TOX-108515,529886,,CCCCCCC(CC)CC,CCCCCCC(CC)CC,FKJSIWPQZCKMIL-UHFFFAOYSA-N,3.3199999
TOX-108516,550826,,C=CCCC(CC)CCCC,C=CCCC(CC)CCCC,FERQWJMFSVKKGT-UHFFFAOYSA-N,3.4300001
TOX-108517,31137,,Brc1ccc(Br)c(Br)c1Br,Brc1ccc(Br)c(Br)c1Br,QRFALSDGOMLVIR-UHFFFAOYSA-N,3.1800001
TOX-108518,140972,,CC(C)C1CCC(C(C)C)CC1,CC(C)C1CCC(C(C)C)CC1,GMUJGUXGVJZHSK-UHFFFAOYSA-N,3.5
TOX-108519,77168,,O=S(=O)(O)c1cc(Cl)cc(N=Nc2ccc3c(O)cccc3c2O)c1O,O=S(=O)(O)c1cc(Cl)cc(N=Nc2ccc3c(O)cccc3c2O)c1O,IBYXVIWFHOXOFB-UHFFFAOYSA-N,0.57999998
TOX-108520,3018404,,CCCCCCCCCCCCCCCCCCCCCCCCCCCC(=O)OCCO,CCCCCCCCCCCCCCCCCCCCCCCCCCCC(=O)OCCO,MORHMXPGPOPWQT-UHFFFAOYSA-N,1.2707896
TOX-108521,75628,,CC(C)c1ccc(OP(=O)(Oc2ccc(C(C)C)cc2)Oc2ccc(C(C)C)cc2)cc1,CC(C)c1ccc(OP(=O)(Oc2ccc(C(C)C)cc2)Oc2ccc(C(C)C)cc2)cc1,ANVREEJNGJMLOV-UHFFFAOYSA-N,1.4546391
TOX-108522,34140,,Clc1ccc(Oc2ccc(Cl)cc2Cl)c(Cl)c1,Clc1ccc(Oc2ccc(Cl)cc2Cl)c(Cl)c1,ZRWRPGGXCSSBAO-UHFFFAOYSA-N,4.1399999
TOX-108523,34586,,Clc1cc2c(cc1Cl)Oc1ccccc1O2,Clc1cc2c(cc1Cl)Oc1ccccc1O2,YCIYTXRUZSDMRZ-UHFFFAOYSA-N,2.8800001
TOX-108524,35823,,Clc1ccc(-c2cc(Cl)c(Cl)cc2Cl)cc1Cl,Clc1ccc(-c2cc(Cl)c(Cl)cc2Cl)cc1Cl,IUTPYMGCWINGEY-UHFFFAOYSA-N,4.3800001
TOX-108525,141724,,ClCCOC(c1ccccc1)c1ccccc1,ClCCOC(c1ccccc1)c1ccccc1,ZNVASENTCOLNJT-UHFFFAOYSA-N,2.6905005
TOX-108526,36401,,Clc1cc(-c2ccccc2)c(Cl)c(Cl)c1Cl,Clc1cc(-c2ccccc2)c(Cl)c(Cl)c1Cl,HLQDGCWIOSOMDP-UHFFFAOYSA-N,4.3899999
TOX-108527,36402,,Clc1cc(Cl)c(Cl)c(-c2ccccc2)c1Cl,Clc1cc(Cl)c(Cl)c(-c2ccccc2)c1Cl,BLAYIQLVUNIICD-UHFFFAOYSA-N,4.71
TOX-108528,36980,,Clc1ccc(Cl)c(-c2ccccc2)c1,Clc1ccc(Cl)c(-c2ccccc2)c1,KKQWHYGECTYFIA-UHFFFAOYSA-N,3.8599999
TOX-108529,37248,,Clc1ccc(Cl)c(-c2cc(Cl)ccc2Cl)c1,Clc1ccc(Cl)c(-c2cc(Cl)ccc2Cl)c1,HCWZEPKLWVAEOV-UHFFFAOYSA-N,4.6365786
TOX-108530,37807,,Clc1ccc(Cl)c(-c2cc(Cl)c(Cl)cc2Cl)c1,Clc1ccc(Cl)c(-c2cc(Cl)c(Cl)cc2Cl)c1,LAHWLEDBADHJGA-UHFFFAOYSA-N,4.6300001
TOX-108531,38040,,Clc1cccc(-c2cccc(Cl)c2Cl)c1Cl,Clc1cccc(-c2cccc(Cl)c2Cl)c1Cl,VTLYHLREPCPDKX-UHFFFAOYSA-N,4.1700001
TOX-108532,38253,,Clc1cc(Cl)c2c(c1Cl)Oc1ccccc1O2,Clc1cc(Cl)c2c(c1Cl)Oc1ccccc1O2,HRVUKLBFRPWXPJ-UHFFFAOYSA-N,2.8947721
TOX-108533,38294,,Cc1c(Cl)c(Br)c(Br)c(Br)c1Br,Cc1c(Cl)c(Br)c(Br)c(Br)c1Br,WMXWTOJJASZOCL-UHFFFAOYSA-N,3.98
TOX-108534,162422,,N#CCCN(CCOC(=O)c1ccccc1)c1ccc(N=Nc2ccc([N+](=O)[O-])cc2)cc1,N#CCCN(CCOC(=O)c1ccccc1)c1ccc(N=Nc2ccc([N+](=O)[O-])cc2)cc1,SCLYXZFZPIKFAH-UHFFFAOYSA-N,0.82855254
TOX-108535,38877,,Clc1ccc(Cl)c(-c2c(Cl)cccc2Cl)c1,Clc1ccc(Cl)c(-c2c(Cl)cccc2Cl)c1,SFTUSTXGTCCSHX-UHFFFAOYSA-N,4.46
TOX-108536,148445,,Nc1ccc(Cc2ccc(N)c(Cl)c2Cl)c(Cl)c1Cl,Nc1ccc(Cc2ccc(N)c(Cl)c2Cl)c(Cl)c1Cl,PPUHQXZSLCCTAN-UHFFFAOYSA-N,3.3791196
TOX-108537,34219,,CCCCCCCCCCCCCCc1ccc(S(=O)(=O)O)cc1,CCCCCCCCCCCCCCc1ccc(S(=O)(=O)O)cc1,IIMOXQJFSQSOMN-UHFFFAOYSA-N,0.51999998
TOX-108538,39656,,COc1c(Cl)ccc(Cl)c1Cl,COc1c(Cl)ccc(Cl)c1Cl,OTFNCXLUCRUNCH-UHFFFAOYSA-N,2.5255847
TOX-108539,92339,,Clc1ccc(Oc2ccccc2)c(Cl)c1,Clc1ccc(Oc2ccccc2)c(Cl)c1,KXIPYLZZJZMMPD-UHFFFAOYSA-N,3.968483
TOX-108540,40319,,Clc1cc(Cl)c(Oc2ccccc2)cc1Cl,Clc1cc(Cl)c(Oc2ccccc2)cc1Cl,UWKZWXCTDPYXHU-UHFFFAOYSA-N,3.6446123
TOX-108541,521489,,COc1cc(Cl)cc(Cl)c1Cl,COc1cc(Cl)cc(Cl)c1Cl,VGGPULNMTUAGOK-UHFFFAOYSA-N,3.0910804
TOX-108542,41853,,Clc1ccc(Oc2ccc(Cl)c(Cl)c2)cc1Cl,Clc1ccc(Oc2ccc(Cl)c(Cl)c2)cc1Cl,DHLVZXZRIZBPKG-UHFFFAOYSA-N,4.337575
TOX-108543,91662,,Clc1cc(Cl)c(-c2c(Cl)cccc2Cl)c(Cl)c1,Clc1cc(Cl)c(-c2c(Cl)cccc2Cl)c(Cl)c1,MTCPZNVSDFCBBE-UHFFFAOYSA-N,4.8099999
TOX-108544,63083,,Clc1cc(Cl)c(-c2ccc(Cl)c(Cl)c2)c(Cl)c1,Clc1cc(Cl)c(-c2ccc(Cl)c(Cl)c2)c(Cl)c1,OAEQTHQGPZKTQP-UHFFFAOYSA-N,4.8099999
TOX-108545,63090,,Clc1ccc(-c2cc(Cl)c(Cl)c(Cl)c2)cc1Cl,Clc1ccc(-c2cc(Cl)c(Cl)c(Cl)c2)cc1Cl,REHONNLQRWTIFF-UHFFFAOYSA-N,4.6799998
TOX-108546,42268,,Clc1ccc(Oc2ccc(Cl)cc2Cl)cc1,Clc1ccc(Oc2ccc(Cl)cc2Cl)cc1,PIORTDHJOLELKR-UHFFFAOYSA-N,3.79
TOX-108547,101026,,OCC(O)c1ccccc1Cl,OCC(O)c1ccccc1Cl,YGOPULMDEZVJGI-UHFFFAOYSA-N,0.24480674
TOX-108548,108817,,Nc1c(Oc2ccc(Br)cc2)cc(O)c2c1C(=O)c1ccccc1C2=O,Nc1c(Oc2ccc(Br)cc2)cc(O)c2c1C(=O)c1ccccc1C2=O,NXLZYWCPIVGZKC-UHFFFAOYSA-N,1.9933268
TOX-108549,43219,,Clc1ccc(Oc2cc(Cl)c(Cl)cc2Cl)cc1Cl,Clc1ccc(Oc2cc(Cl)c(Cl)cc2Cl)cc1Cl,NRAVUGAGYOBXIG-UHFFFAOYSA-N,4.0799999
TOX-108550,63086,,Clc1cc(Cl)c(-c2cc(Cl)ccc2Cl)c(Cl)c1,Clc1cc(Cl)c(-c2cc(Cl)ccc2Cl)c(Cl)c1,PQHZWWBJPCNNGI-UHFFFAOYSA-N,4.5799999
TOX-108551,108980,,CCCCCCCCCCCCCOP(Oc1ccccc1)Oc1ccccc1,CCCCCCCCCCCCCOP(Oc1ccccc1)Oc1ccccc1,OGVJEUDMQQIAPV-UHFFFAOYSA-N,1.5472356
TOX-108552,163603,,CCCCCC[Si](O)(CCCCCC)CCCCCC,CCCCCC[Si](O)(CCCCCC)CCCCCC,NOVLNRUYLAGEMC-UHFFFAOYSA-N,1.5071309
TOX-108553,3017252,,Clc1ccc(Oc2ccc(Cl)c(Cl)c2)c(Cl)c1,Clc1ccc(Oc2ccc(Cl)c(Cl)c2)c(Cl)c1,CAWSVYYOUZEMHA-UHFFFAOYSA-N,4.2399998
TOX-108554,112483,,CCCCCCCC(C)C(C)(C)C,CCCCCCCC(C)C(C)(C)C,BWEUYKNMLNSHIJ-UHFFFAOYSA-N,3.3399999
TOX-108555,106694,,CC(Cc1ccc(C(C)(C)C)cc1)C(=O)O,CC(Cc1ccc(C(C)(C)C)cc1)C(=O)O,DWZYELZGJMFEMJ-UHFFFAOYSA-N,0.35092854
TOX-108556,48889,,Clc1ccc2c(c1)Oc1cc(Cl)c(Cl)c(Cl)c1O2,Clc1ccc2c(c1)Oc1cc(Cl)c(Cl)c(Cl)c1O2,SKGXYFVQZVPEFP-UHFFFAOYSA-N,3.3499999
TOX-108557,53144,,Clc1ccc2c(c1)oc1c(Cl)cccc12,Clc1ccc2c(c1)oc1c(Cl)cccc12,DMOBGFAKTSXOHG-UHFFFAOYSA-N,3.01
TOX-108558,55104,,Clc1ccc2c(c1)oc1cc(Cl)c(Cl)c(Cl)c12,Clc1ccc2c(c1)oc1cc(Cl)c(Cl)c(Cl)c12,MDNZFYGATDCKRB-UHFFFAOYSA-N,3.4100001
TOX-108559,92428,,Clc1ccc(Oc2c(Cl)cc(Cl)cc2Cl)c(Cl)c1,Clc1ccc(Oc2c(Cl)cc(Cl)cc2Cl)c(Cl)c1,FONWDRSQXQZNBN-UHFFFAOYSA-N,3.95
TOX-108560,57483459,,Nc1c(Cl)cc(-c2cc(Cl)c(N)c(S(=O)(=O)O)c2)cc1S(=O)(=O)O,Nc1c(Cl)cc(-c2cc(Cl)c(N)c(S(=O)(=O)O)c2)cc1S(=O)(=O)O,PEIQLVWMYVLUAU-UHFFFAOYSA-N,-0.39794001
TOX-108561,10034711,,C/C(=CC(C)C)CC(C)C,C/C(=CC(C)C)CC(C)C,DSBKYWWEBIJMOS-UXBLZVDNSA-N,3.29
TOX-108562,6537961,,CC1(C)CC/C(=Cc2ccc(Cl)cc2)C1(O)Cn1cncn1,CC1(C)CC/C(=Cc2ccc(Cl)cc2)C1(O)Cn1cncn1,PPDBOQMNKNNODG-NTEUORMPSA-N,0.77815127
TOX-108563,136257767,,O=C(Cc1ccccc1)N/C(=NOCC1CC1)c1c(C(F)(F)F)ccc(F)c1F,O=C(Cc1ccccc1)N/C(=NOCC1CC1)c1c(C(F)(F)F)ccc(F)c1F,ACMXQHFNODYQAT-UHFFFAOYSA-N,2.7226338
